{"timestamp":"2026-09-28 16:28:51","level":"INFO","logger":"org.springframework.test.context.support.AnnotationConfigContextLoaderUtils","message":"Could not detect default configuration classes for test class [com.jobportal.JobportalApplicationTests]: JobportalApplicationTests does not declare any static, non-private, non-final, nested classes annotated with @Configuration."}{"timestamp":"2026-09-28 16:28:51","level":"INFO","logger":"org.springframework.boot.test.context.SpringBootTestContextBootstrapper","message":"Found @SpringBootConfiguration com.jobportal.JobportalApplication for test class com.jobportal.JobportalApplicationTests"}{"timestamp":"2026-09-28 16:28:51","level":"INFO","logger":"org.springframework.test.context.support.AnnotationConfigContextLoaderUtils","message":"Could not detect default configuration classes for test class [com.jobportal.JobportalApplicationTests]: JobportalApplicationTests does not declare any static, non-private, non-final, nested classes annotated with @Configuration."}{"timestamp":"2026-09-28 16:28:51","level":"INFO","logger":"org.springframework.boot.test.context.SpringBootTestContextBootstrapper","message":"Found @SpringBootConfiguration com.jobportal.JobportalApplication for test class com.jobportal.JobportalApplicationTests"}{"timestamp":"2026-09-28 16:28:51","level":"INFO","logger":"org.springframework.boot.devtools.restart.RestartApplicationListener","message":"Restart disabled due to context in which it is running"}{"timestamp":"2026-09-28 16:28:51","level":"INFO","logger":"com.jobportal.JobportalApplicationTests","message":"Starting JobportalApplicationTests using Java 26.0.1 with PID 110673 (started by samer in /home/samer/Desktop/java/projects/job-portal-spring)"}{"timestamp":"2026-09-28 16:28:51","level":"INFO","logger":"com.jobportal.JobportalApplicationTests","message":"No active profile set, falling back to 1 default profile: "default""}{"timestamp":"2026-09-28 16:28:52","level":"INFO","logger":"org.hibernate.validator.internal.util.Version","message":"HV000001: Hibernate Validator 9.1.0.Final"}{"timestamp":"2026-09-28 16:28:52","level":"INFO","logger":"org.springframework.data.repository.config.RepositoryConfigurationDelegate","message":"Bootstrapping Spring Data JPA repositories in DEFAULT mode."}{"timestamp":"2026-09-28 16:28:52","level":"INFO","logger":"org.springframework.data.repository.config.RepositoryConfigurationDelegate","message":"Finished Spring Data repository scanning in 39 ms. Found 7 JPA repository interfaces."}{"timestamp":"2026-09-28 16:28:52","level":"INFO","logger":"com.zaxxer.hikari.HikariDataSource","message":"HikariPool-1 - Starting..."}{"timestamp":"2026-09-28 16:28:54","level":"INFO","logger":"org.hibernate.orm.jpa","message":"HHH008540: Processing PersistenceUnitInfo [name: default]"}{"timestamp":"2026-09-28 16:28:54","level":"INFO","logger":"org.hibernate.orm.core","message":"HHH000001: Hibernate ORM core version 7.4.1.Final"}{"timestamp":"2026-09-28 16:28:54","level":"INFO","logger":"org.springframework.orm.jpa.persistenceunit.SpringPersistenceUnitInfo","message":"No LoadTimeWeaver setup: ignoring JPA class transformer"}{"timestamp":"2026-09-28 16:28:54","level":"INFO","logger":"com.zaxxer.hikari.HikariDataSource","message":"HikariPool-1 - Starting..."}{"timestamp":"2026-09-28 16:28:55","level":"WARN","logger":"org.hibernate.orm.jdbc.error","message":"HHH000247: ErrorCode: 1045, SQLState: 28000"}{"timestamp":"2026-09-28 16:28:55","level":"WARN","logger":"org.hibernate.orm.jdbc.error","message":"Access denied for user 'root'@'localhost' (using password: YES)"}{"timestamp":"2026-09-28 16:28:55","level":"WARN","logger":"org.hibernate.orm.jdbc","message":"HHH100046: Could not obtain connection to query JDBC database metadata"}org.hibernate.exception.AuthException: Unable to obtain isolated JDBC connection [Access denied for user 'root'@'localhost' (using password: YES)] [n/a]
	at org.hibernate.exception.internal.SQLStateConversionDelegate.convert(SQLStateConversionDelegate.java:87)
	at org.hibernate.exception.internal.StandardSQLExceptionConverter.convert(StandardSQLExceptionConverter.java:34)
	at org.hibernate.engine.jdbc.spi.SqlExceptionHelper.convert(SqlExceptionHelper.java:115)
	at org.hibernate.engine.jdbc.spi.SqlExceptionHelper.convert(SqlExceptionHelper.java:101)
	at org.hibernate.resource.transaction.backend.jdbc.internal.JdbcIsolationDelegate.delegateWork(JdbcIsolationDelegate.java:51)
	at org.hibernate.engine.jdbc.env.internal.JdbcEnvironmentInitiator.getJdbcEnvironmentUsingJdbcMetadata(JdbcEnvironmentInitiator.java:366)
	at org.hibernate.engine.jdbc.env.internal.JdbcEnvironmentInitiator.getJdbcEnvironment(JdbcEnvironmentInitiator.java:143)
	at org.hibernate.engine.jdbc.env.internal.JdbcEnvironmentInitiator.initiateService(JdbcEnvironmentInitiator.java:120)
	at org.hibernate.engine.jdbc.env.internal.JdbcEnvironmentInitiator.initiateService(JdbcEnvironmentInitiator.java:80)
	at org.hibernate.boot.registry.internal.StandardServiceRegistryImpl.initiateService(StandardServiceRegistryImpl.java:133)
	at org.hibernate.service.internal.AbstractServiceRegistryImpl.createService(AbstractServiceRegistryImpl.java:260)
	at org.hibernate.service.internal.AbstractServiceRegistryImpl.initializeService(AbstractServiceRegistryImpl.java:235)
	at org.hibernate.service.internal.AbstractServiceRegistryImpl.getService(AbstractServiceRegistryImpl.java:212)
	at org.hibernate.boot.model.relational.Database.<init>(Database.java:44)
	at org.hibernate.boot.internal.InFlightMetadataCollectorImpl.getDatabase(InFlightMetadataCollectorImpl.java:251)
	at org.hibernate.boot.internal.InFlightMetadataCollectorImpl.<init>(InFlightMetadataCollectorImpl.java:203)
	at org.hibernate.boot.model.process.spi.MetadataBuildingProcess.complete(MetadataBuildingProcess.java:180)
	at org.hibernate.jpa.boot.internal.EntityManagerFactoryBuilderImpl.metadata(EntityManagerFactoryBuilderImpl.java:1388)
	at org.hibernate.jpa.boot.internal.EntityManagerFactoryBuilderImpl.populateSessionFactoryBuilder(EntityManagerFactoryBuilderImpl.java:1468)
	at org.hibernate.jpa.boot.internal.EntityManagerFactoryBuilderImpl.build(EntityManagerFactoryBuilderImpl.java:1450)
	at org.springframework.orm.jpa.vendor.SpringHibernateJpaPersistenceProvider.createContainerEntityManagerFactory(SpringHibernateJpaPersistenceProvider.java:93)
	at org.springframework.orm.jpa.LocalContainerEntityManagerFactoryBean.createNativeEntityManagerFactory(LocalContainerEntityManagerFactoryBean.java:443)
	at org.springframework.orm.jpa.AbstractEntityManagerFactoryBean.buildNativeEntityManagerFactory(AbstractEntityManagerFactoryBean.java:436)
	at org.springframework.orm.jpa.AbstractEntityManagerFactoryBean.afterPropertiesSet(AbstractEntityManagerFactoryBean.java:411)
	at org.springframework.orm.jpa.LocalContainerEntityManagerFactoryBean.afterPropertiesSet(LocalContainerEntityManagerFactoryBean.java:419)
	at org.springframework.beans.factory.support.AbstractAutowireCapableBeanFactory.invokeInitMethods(AbstractAutowireCapableBeanFactory.java:1862)
	at org.springframework.beans.factory.support.AbstractAutowireCapableBeanFactory.initializeBean(AbstractAutowireCapableBeanFactory.java:1811)
	at org.springframework.beans.factory.support.AbstractAutowireCapableBeanFactory.doCreateBean(AbstractAutowireCapableBeanFactory.java:603)
	at org.springframework.beans.factory.support.AbstractAutowireCapableBeanFactory.createBean(AbstractAutowireCapableBeanFactory.java:525)
	at org.springframework.beans.factory.support.AbstractBeanFactory.lambda$doGetBean$0(AbstractBeanFactory.java:333)
	at org.springframework.beans.factory.support.DefaultSingletonBeanRegistry.getSingleton(DefaultSingletonBeanRegistry.java:371)
	at org.springframework.beans.factory.support.AbstractBeanFactory.doGetBean(AbstractBeanFactory.java:331)
	at org.springframework.beans.factory.support.AbstractBeanFactory.getBean(AbstractBeanFactory.java:201)
	at org.springframework.context.support.AbstractApplicationContext.finishBeanFactoryInitialization(AbstractApplicationContext.java:977)
	at org.springframework.context.support.AbstractApplicationContext.refresh(AbstractApplicationContext.java:621)
	at org.springframework.boot.SpringApplication.refresh(SpringApplication.java:756)
	at org.springframework.boot.SpringApplication.refreshContext(SpringApplication.java:445)
	at org.springframework.boot.SpringApplication.run(SpringApplication.java:321)
	at org.springframework.boot.test.context.SpringBootContextLoader.lambda$loadContext$2(SpringBootContextLoader.java:155)
	at org.springframework.util.function.ThrowingSupplier.get(ThrowingSupplier.java:58)
	at org.springframework.util.function.ThrowingSupplier.get(ThrowingSupplier.java:46)
	at org.springframework.boot.SpringApplication.withHook(SpringApplication.java:1465)
	at org.springframework.boot.test.context.SpringBootContextLoader$ContextLoaderHook.run(SpringBootContextLoader.java:600)
	at org.springframework.boot.test.context.SpringBootContextLoader.loadContext(SpringBootContextLoader.java:155)
	at org.springframework.boot.test.context.SpringBootContextLoader.loadContext(SpringBootContextLoader.java:114)
	at org.springframework.test.context.cache.DefaultCacheAwareContextLoaderDelegate.loadContextInternal(DefaultCacheAwareContextLoaderDelegate.java:247)
	at org.springframework.test.context.cache.DefaultCacheAwareContextLoaderDelegate.lambda$loadContext$0(DefaultCacheAwareContextLoaderDelegate.java:167)
	at org.springframework.test.context.cache.DefaultContextCache.put(DefaultContextCache.java:214)
	at org.springframework.test.context.cache.DefaultCacheAwareContextLoaderDelegate.loadContext(DefaultCacheAwareContextLoaderDelegate.java:160)
	at org.springframework.test.context.support.DefaultTestContext.getApplicationContext(DefaultTestContext.java:128)
	at org.springframework.test.context.web.ServletTestExecutionListener.setUpRequestContextIfNecessary(ServletTestExecutionListener.java:200)
	at org.springframework.test.context.web.ServletTestExecutionListener.prepareTestInstance(ServletTestExecutionListener.java:139)
	at org.springframework.test.context.TestContextManager.prepareTestInstance(TestContextManager.java:260)
	at org.springframework.test.context.junit.jupiter.SpringExtension.postProcessTestInstance(SpringExtension.java:242)
	at org.junit.jupiter.engine.descriptor.ClassBasedTestDescriptor.lambda$invokeTestInstancePostProcessors$1(ClassBasedTestDescriptor.java:423)
	at org.junit.jupiter.engine.descriptor.ClassBasedTestDescriptor.executeAndMaskThrowable(ClassBasedTestDescriptor.java:428)
	at org.junit.jupiter.engine.descriptor.ClassBasedTestDescriptor.lambda$invokeTestInstancePostProcessors$0(ClassBasedTestDescriptor.java:422)
	at java.base/java.util.stream.ForEachOps$ForEachOp$OfRef.accept(ForEachOps.java:186)
	at java.base/java.util.stream.ReferencePipeline$3$1.accept(ReferencePipeline.java:214)
	at java.base/java.util.stream.ReferencePipeline$2$1.accept(ReferencePipeline.java:197)
	at java.base/java.util.stream.ReferencePipeline$3$1.accept(ReferencePipeline.java:214)
	at java.base/java.util.ArrayList$ArrayListSpliterator.forEachRemaining(ArrayList.java:1724)
	at java.base/java.util.stream.AbstractPipeline.copyInto(AbstractPipeline.java:570)
	at java.base/java.util.stream.AbstractPipeline.wrapAndCopyInto(AbstractPipeline.java:560)
	at java.base/java.util.stream.ForEachOps$ForEachOp.evaluateSequential(ForEachOps.java:153)
	at java.base/java.util.stream.ForEachOps$ForEachOp$OfRef.evaluateSequential(ForEachOps.java:176)
	at java.base/java.util.stream.AbstractPipeline.evaluate(AbstractPipeline.java:265)
	at java.base/java.util.stream.ReferencePipeline.forEach(ReferencePipeline.java:632)
	at org.junit.jupiter.engine.descriptor.ClassBasedTestDescriptor.invokeTestInstancePostProcessors(ClassBasedTestDescriptor.java:422)
	at org.junit.jupiter.engine.descriptor.ClassBasedTestDescriptor.lambda$instantiateAndPostProcessTestInstance$0(ClassBasedTestDescriptor.java:334)
	at org.junit.platform.engine.support.hierarchical.ThrowableCollector.execute(ThrowableCollector.java:74)
	at org.junit.jupiter.engine.descriptor.ClassBasedTestDescriptor.instantiateAndPostProcessTestInstance(ClassBasedTestDescriptor.java:333)
	at org.junit.jupiter.engine.descriptor.ClassBasedTestDescriptor.lambda$testInstancesProvider$1(ClassBasedTestDescriptor.java:322)
	at java.base/java.util.Optional.orElseGet(Optional.java:368)
	at org.junit.jupiter.engine.descriptor.ClassBasedTestDescriptor.lambda$testInstancesProvider$0(ClassBasedTestDescriptor.java:321)
	at org.junit.jupiter.engine.execution.TestInstancesProvider.getTestInstances(TestInstancesProvider.java:27)
	at org.junit.jupiter.engine.descriptor.TestMethodTestDescriptor.lambda$prepare$0(TestMethodTestDescriptor.java:127)
	at org.junit.platform.engine.support.hierarchical.ThrowableCollector.execute(ThrowableCollector.java:74)
	at org.junit.jupiter.engine.descriptor.TestMethodTestDescriptor.prepare(TestMethodTestDescriptor.java:126)
	at org.junit.jupiter.engine.descriptor.TestMethodTestDescriptor.prepare(TestMethodTestDescriptor.java:70)
	at org.junit.platform.engine.support.hierarchical.NodeTestTask.lambda$prepare$0(NodeTestTask.java:144)
	at org.junit.platform.engine.support.hierarchical.ThrowableCollector.execute(ThrowableCollector.java:74)
	at org.junit.platform.engine.support.hierarchical.NodeTestTask.prepare(NodeTestTask.java:144)
	at org.junit.platform.engine.support.hierarchical.NodeTestTask.execute(NodeTestTask.java:110)
	at java.base/java.util.ArrayList.forEach(ArrayList.java:1612)
	at org.junit.platform.engine.support.hierarchical.SameThreadHierarchicalTestExecutorService.invokeAll(SameThreadHierarchicalTestExecutorService.java:42)
	at org.junit.platform.engine.support.hierarchical.NodeTestTask.lambda$executeRecursively$2(NodeTestTask.java:180)
	at org.junit.platform.engine.support.hierarchical.ThrowableCollector.execute(ThrowableCollector.java:74)
	at org.junit.platform.engine.support.hierarchical.NodeTestTask.lambda$executeRecursively$1(NodeTestTask.java:166)
	at org.junit.platform.engine.support.hierarchical.Node.around(Node.java:138)
	at org.junit.platform.engine.support.hierarchical.NodeTestTask.lambda$executeRecursively$0(NodeTestTask.java:164)
	at org.junit.platform.engine.support.hierarchical.ThrowableCollector.execute(ThrowableCollector.java:74)
	at org.junit.platform.engine.support.hierarchical.NodeTestTask.executeRecursively(NodeTestTask.java:163)
	at org.junit.platform.engine.support.hierarchical.NodeTestTask.execute(NodeTestTask.java:116)
	at java.base/java.util.ArrayList.forEach(ArrayList.java:1612)
	at org.junit.platform.engine.support.hierarchical.SameThreadHierarchicalTestExecutorService.invokeAll(SameThreadHierarchicalTestExecutorService.java:42)
	at org.junit.platform.engine.support.hierarchical.NodeTestTask.lambda$executeRecursively$2(NodeTestTask.java:180)
	at org.junit.platform.engine.support.hierarchical.ThrowableCollector.execute(ThrowableCollector.java:74)
	at org.junit.platform.engine.support.hierarchical.NodeTestTask.lambda$executeRecursively$1(NodeTestTask.java:166)
	at org.junit.platform.engine.support.hierarchical.Node.around(Node.java:138)
	at org.junit.platform.engine.support.hierarchical.NodeTestTask.lambda$executeRecursively$0(NodeTestTask.java:164)
	at org.junit.platform.engine.support.hierarchical.ThrowableCollector.execute(ThrowableCollector.java:74)
	at org.junit.platform.engine.support.hierarchical.NodeTestTask.executeRecursively(NodeTestTask.java:163)
	at org.junit.platform.engine.support.hierarchical.NodeTestTask.execute(NodeTestTask.java:116)
	at org.junit.platform.engine.support.hierarchical.SameThreadHierarchicalTestExecutorService.submit(SameThreadHierarchicalTestExecutorService.java:36)
	at org.junit.platform.engine.support.hierarchical.HierarchicalTestExecutor.execute(HierarchicalTestExecutor.java:52)
	at org.junit.platform.engine.support.hierarchical.HierarchicalTestEngine.execute(HierarchicalTestEngine.java:58)
	at org.junit.platform.launcher.core.EngineExecutionOrchestrator.executeEngine(EngineExecutionOrchestrator.java:246)
	at org.junit.platform.launcher.core.EngineExecutionOrchestrator.failOrExecuteEngine(EngineExecutionOrchestrator.java:218)
	at org.junit.platform.launcher.core.EngineExecutionOrchestrator.execute(EngineExecutionOrchestrator.java:179)
	at org.junit.platform.launcher.core.EngineExecutionOrchestrator.execute(EngineExecutionOrchestrator.java:108)
	at org.junit.platform.launcher.core.EngineExecutionOrchestrator.lambda$execute$0(EngineExecutionOrchestrator.java:66)
	at org.junit.platform.launcher.core.EngineExecutionOrchestrator.withInterceptedStreams(EngineExecutionOrchestrator.java:157)
	at org.junit.platform.launcher.core.EngineExecutionOrchestrator.execute(EngineExecutionOrchestrator.java:65)
	at org.junit.platform.launcher.core.DefaultLauncher.execute(DefaultLauncher.java:125)
	at org.junit.platform.launcher.core.DefaultLauncher.execute(DefaultLauncher.java:114)
	at org.junit.platform.launcher.core.DelegatingLauncher.execute(DelegatingLauncher.java:58)
	at org.junit.platform.launcher.core.InterceptingLauncher.lambda$execute$2(InterceptingLauncher.java:57)
	at org.junit.platform.launcher.core.ClasspathAlignmentCheckingLauncherInterceptor.intercept(ClasspathAlignmentCheckingLauncherInterceptor.java:25)
	at org.junit.platform.launcher.core.InterceptingLauncher.execute(InterceptingLauncher.java:56)
	at org.junit.platform.launcher.core.DelegatingLauncher.execute(DelegatingLauncher.java:58)
	at java.base/jdk.internal.reflect.DirectMethodHandleAccessor.invoke(DirectMethodHandleAccessor.java:104)
	at java.base/java.lang.reflect.Method.invoke(Method.java:565)
	at org.apache.maven.surefire.api.util.ReflectionUtils.invokeMethodWithArray(ReflectionUtils.java:125)
	at org.apache.maven.surefire.junitplatform.LauncherAdapter.executeWithCancellationToken(LauncherAdapter.java:68)
	at org.apache.maven.surefire.junitplatform.LauncherAdapter.execute(LauncherAdapter.java:54)
	at org.apache.maven.surefire.junitplatform.JUnitPlatformProvider.execute(JUnitPlatformProvider.java:203)
	at org.apache.maven.surefire.junitplatform.JUnitPlatformProvider.invokeAllTests(JUnitPlatformProvider.java:168)
	at org.apache.maven.surefire.junitplatform.JUnitPlatformProvider.invoke(JUnitPlatformProvider.java:136)
	at org.apache.maven.surefire.booter.ForkedBooter.runSuitesInProcess(ForkedBooter.java:385)
	at org.apache.maven.surefire.booter.ForkedBooter.execute(ForkedBooter.java:162)
	at org.apache.maven.surefire.booter.ForkedBooter.run(ForkedBooter.java:507)
	at org.apache.maven.surefire.booter.ForkedBooter.main(ForkedBooter.java:495)
Caused by: java.sql.SQLException: Access denied for user 'root'@'localhost' (using password: YES)
	at com.mysql.cj.jdbc.exceptions.SQLError.createSQLException(SQLError.java:121)
	at com.mysql.cj.jdbc.exceptions.SQLExceptionsMapping.translateException(SQLExceptionsMapping.java:114)
	at com.mysql.cj.jdbc.ConnectionImpl.createNewIO(ConnectionImpl.java:840)
	at com.mysql.cj.jdbc.ConnectionImpl.<init>(ConnectionImpl.java:416)
	at com.mysql.cj.jdbc.ConnectionImpl.getInstance(ConnectionImpl.java:237)
	at com.mysql.cj.jdbc.NonRegisteringDriver.connect(NonRegisteringDriver.java:180)
	at com.zaxxer.hikari.util.DriverDataSource.getConnection(DriverDataSource.java:144)
	at com.zaxxer.hikari.pool.PoolBase.newConnection(PoolBase.java:373)
	at com.zaxxer.hikari.pool.PoolBase.newPoolEntry(PoolBase.java:210)
	at com.zaxxer.hikari.pool.HikariPool.createPoolEntry(HikariPool.java:488)
	at com.zaxxer.hikari.pool.HikariPool.checkFailFast(HikariPool.java:576)
	at com.zaxxer.hikari.pool.HikariPool.<init>(HikariPool.java:97)
	at com.zaxxer.hikari.HikariDataSource.getConnection(HikariDataSource.java:111)
	at org.hibernate.engine.jdbc.connections.internal.DataSourceConnectionProvider.getConnection(DataSourceConnectionProvider.java:149)
	at org.hibernate.engine.jdbc.env.internal.JdbcEnvironmentInitiator$ConnectionProviderJdbcConnectionAccess.obtainConnection(JdbcEnvironmentInitiator.java:508)
	at org.hibernate.resource.transaction.backend.jdbc.internal.JdbcIsolationDelegate.delegateWork(JdbcIsolationDelegate.java:48)
	... 128 common frames omitted
{"timestamp":"2026-09-28 16:28:55","level":"ERROR","logger":"org.springframework.orm.jpa.LocalContainerEntityManagerFactoryBean","message":"Failed to initialize JPA EntityManagerFactory: Unable to create requested service [org.hibernate.engine.jdbc.env.spi.JdbcEnvironment] due to: Unable to determine Dialect without JDBC metadata (please set 'jakarta.persistence.jdbc.url' for common cases or 'hibernate.dialect' when a custom Dialect implementation must be provided)"}{"timestamp":"2026-09-28 16:28:55","level":"WARN","logger":"org.springframework.web.context.support.GenericWebApplicationContext","message":"Exception encountered during context initialization - cancelling refresh attempt: org.springframework.beans.factory.BeanCreationException: Error creating bean with name 'entityManagerFactory' defined in class path resource [org/springframework/boot/hibernate/autoconfigure/HibernateJpaConfiguration.class]: Unable to create requested service [org.hibernate.engine.jdbc.env.spi.JdbcEnvironment] due to: Unable to determine Dialect without JDBC metadata (please set 'jakarta.persistence.jdbc.url' for common cases or 'hibernate.dialect' when a custom Dialect implementation must be provided)"}{"timestamp":"2026-09-28 16:28:55","level":"INFO","logger":"org.springframework.boot.autoconfigure.logging.ConditionEvaluationReportLogger","message":"

Error starting ApplicationContext. To display the condition evaluation report re-run your application with 'debug' enabled."}{"timestamp":"2026-09-28 16:28:55","level":"ERROR","logger":"org.springframework.boot.SpringApplication","message":"Application run failed"}org.springframework.beans.factory.BeanCreationException: Error creating bean with name 'entityManagerFactory' defined in class path resource [org/springframework/boot/hibernate/autoconfigure/HibernateJpaConfiguration.class]: Unable to create requested service [org.hibernate.engine.jdbc.env.spi.JdbcEnvironment] due to: Unable to determine Dialect without JDBC metadata (please set 'jakarta.persistence.jdbc.url' for common cases or 'hibernate.dialect' when a custom Dialect implementation must be provided)
	at org.springframework.beans.factory.support.AbstractAutowireCapableBeanFactory.initializeBean(AbstractAutowireCapableBeanFactory.java:1815)
	at org.springframework.beans.factory.support.AbstractAutowireCapableBeanFactory.doCreateBean(AbstractAutowireCapableBeanFactory.java:603)
	at org.springframework.beans.factory.support.AbstractAutowireCapableBeanFactory.createBean(AbstractAutowireCapableBeanFactory.java:525)
	at org.springframework.beans.factory.support.AbstractBeanFactory.lambda$doGetBean$0(AbstractBeanFactory.java:333)
	at org.springframework.beans.factory.support.DefaultSingletonBeanRegistry.getSingleton(DefaultSingletonBeanRegistry.java:371)
	at org.springframework.beans.factory.support.AbstractBeanFactory.doGetBean(AbstractBeanFactory.java:331)
	at org.springframework.beans.factory.support.AbstractBeanFactory.getBean(AbstractBeanFactory.java:201)
	at org.springframework.context.support.AbstractApplicationContext.finishBeanFactoryInitialization(AbstractApplicationContext.java:977)
	at org.springframework.context.support.AbstractApplicationContext.refresh(AbstractApplicationContext.java:621)
	at org.springframework.boot.SpringApplication.refresh(SpringApplication.java:756)
	at org.springframework.boot.SpringApplication.refreshContext(SpringApplication.java:445)
	at org.springframework.boot.SpringApplication.run(SpringApplication.java:321)
	at org.springframework.boot.test.context.SpringBootContextLoader.lambda$loadContext$2(SpringBootContextLoader.java:155)
	at org.springframework.util.function.ThrowingSupplier.get(ThrowingSupplier.java:58)
	at org.springframework.util.function.ThrowingSupplier.get(ThrowingSupplier.java:46)
	at org.springframework.boot.SpringApplication.withHook(SpringApplication.java:1465)
	at org.springframework.boot.test.context.SpringBootContextLoader$ContextLoaderHook.run(SpringBootContextLoader.java:600)
	at org.springframework.boot.test.context.SpringBootContextLoader.loadContext(SpringBootContextLoader.java:155)
	at org.springframework.boot.test.context.SpringBootContextLoader.loadContext(SpringBootContextLoader.java:114)
	at org.springframework.test.context.cache.DefaultCacheAwareContextLoaderDelegate.loadContextInternal(DefaultCacheAwareContextLoaderDelegate.java:247)
	at org.springframework.test.context.cache.DefaultCacheAwareContextLoaderDelegate.lambda$loadContext$0(DefaultCacheAwareContextLoaderDelegate.java:167)
	at org.springframework.test.context.cache.DefaultContextCache.put(DefaultContextCache.java:214)
	at org.springframework.test.context.cache.DefaultCacheAwareContextLoaderDelegate.loadContext(DefaultCacheAwareContextLoaderDelegate.java:160)
	at org.springframework.test.context.support.DefaultTestContext.getApplicationContext(DefaultTestContext.java:128)
	at org.springframework.test.context.web.ServletTestExecutionListener.setUpRequestContextIfNecessary(ServletTestExecutionListener.java:200)
	at org.springframework.test.context.web.ServletTestExecutionListener.prepareTestInstance(ServletTestExecutionListener.java:139)
	at org.springframework.test.context.TestContextManager.prepareTestInstance(TestContextManager.java:260)
	at org.springframework.test.context.junit.jupiter.SpringExtension.postProcessTestInstance(SpringExtension.java:242)
	at org.junit.jupiter.engine.descriptor.ClassBasedTestDescriptor.lambda$invokeTestInstancePostProcessors$1(ClassBasedTestDescriptor.java:423)
	at org.junit.jupiter.engine.descriptor.ClassBasedTestDescriptor.executeAndMaskThrowable(ClassBasedTestDescriptor.java:428)
	at org.junit.jupiter.engine.descriptor.ClassBasedTestDescriptor.lambda$invokeTestInstancePostProcessors$0(ClassBasedTestDescriptor.java:422)
	at java.base/java.util.stream.ForEachOps$ForEachOp$OfRef.accept(ForEachOps.java:186)
	at java.base/java.util.stream.ReferencePipeline$3$1.accept(ReferencePipeline.java:214)
	at java.base/java.util.stream.ReferencePipeline$2$1.accept(ReferencePipeline.java:197)
	at java.base/java.util.stream.ReferencePipeline$3$1.accept(ReferencePipeline.java:214)
	at java.base/java.util.ArrayList$ArrayListSpliterator.forEachRemaining(ArrayList.java:1724)
	at java.base/java.util.stream.AbstractPipeline.copyInto(AbstractPipeline.java:570)
	at java.base/java.util.stream.AbstractPipeline.wrapAndCopyInto(AbstractPipeline.java:560)
	at java.base/java.util.stream.ForEachOps$ForEachOp.evaluateSequential(ForEachOps.java:153)
	at java.base/java.util.stream.ForEachOps$ForEachOp$OfRef.evaluateSequential(ForEachOps.java:176)
	at java.base/java.util.stream.AbstractPipeline.evaluate(AbstractPipeline.java:265)
	at java.base/java.util.stream.ReferencePipeline.forEach(ReferencePipeline.java:632)
	at org.junit.jupiter.engine.descriptor.ClassBasedTestDescriptor.invokeTestInstancePostProcessors(ClassBasedTestDescriptor.java:422)
	at org.junit.jupiter.engine.descriptor.ClassBasedTestDescriptor.lambda$instantiateAndPostProcessTestInstance$0(ClassBasedTestDescriptor.java:334)
	at org.junit.platform.engine.support.hierarchical.ThrowableCollector.execute(ThrowableCollector.java:74)
	at org.junit.jupiter.engine.descriptor.ClassBasedTestDescriptor.instantiateAndPostProcessTestInstance(ClassBasedTestDescriptor.java:333)
	at org.junit.jupiter.engine.descriptor.ClassBasedTestDescriptor.lambda$testInstancesProvider$1(ClassBasedTestDescriptor.java:322)
	at java.base/java.util.Optional.orElseGet(Optional.java:368)
	at org.junit.jupiter.engine.descriptor.ClassBasedTestDescriptor.lambda$testInstancesProvider$0(ClassBasedTestDescriptor.java:321)
	at org.junit.jupiter.engine.execution.TestInstancesProvider.getTestInstances(TestInstancesProvider.java:27)
	at org.junit.jupiter.engine.descriptor.TestMethodTestDescriptor.lambda$prepare$0(TestMethodTestDescriptor.java:127)
	at org.junit.platform.engine.support.hierarchical.ThrowableCollector.execute(ThrowableCollector.java:74)
	at org.junit.jupiter.engine.descriptor.TestMethodTestDescriptor.prepare(TestMethodTestDescriptor.java:126)
	at org.junit.jupiter.engine.descriptor.TestMethodTestDescriptor.prepare(TestMethodTestDescriptor.java:70)
	at org.junit.platform.engine.support.hierarchical.NodeTestTask.lambda$prepare$0(NodeTestTask.java:144)
	at org.junit.platform.engine.support.hierarchical.ThrowableCollector.execute(ThrowableCollector.java:74)
	at org.junit.platform.engine.support.hierarchical.NodeTestTask.prepare(NodeTestTask.java:144)
	at org.junit.platform.engine.support.hierarchical.NodeTestTask.execute(NodeTestTask.java:110)
	at java.base/java.util.ArrayList.forEach(ArrayList.java:1612)
	at org.junit.platform.engine.support.hierarchical.SameThreadHierarchicalTestExecutorService.invokeAll(SameThreadHierarchicalTestExecutorService.java:42)
	at org.junit.platform.engine.support.hierarchical.NodeTestTask.lambda$executeRecursively$2(NodeTestTask.java:180)
	at org.junit.platform.engine.support.hierarchical.ThrowableCollector.execute(ThrowableCollector.java:74)
	at org.junit.platform.engine.support.hierarchical.NodeTestTask.lambda$executeRecursively$1(NodeTestTask.java:166)
	at org.junit.platform.engine.support.hierarchical.Node.around(Node.java:138)
	at org.junit.platform.engine.support.hierarchical.NodeTestTask.lambda$executeRecursively$0(NodeTestTask.java:164)
	at org.junit.platform.engine.support.hierarchical.ThrowableCollector.execute(ThrowableCollector.java:74)
	at org.junit.platform.engine.support.hierarchical.NodeTestTask.executeRecursively(NodeTestTask.java:163)
	at org.junit.platform.engine.support.hierarchical.NodeTestTask.execute(NodeTestTask.java:116)
	at java.base/java.util.ArrayList.forEach(ArrayList.java:1612)
	at org.junit.platform.engine.support.hierarchical.SameThreadHierarchicalTestExecutorService.invokeAll(SameThreadHierarchicalTestExecutorService.java:42)
	at org.junit.platform.engine.support.hierarchical.NodeTestTask.lambda$executeRecursively$2(NodeTestTask.java:180)
	at org.junit.platform.engine.support.hierarchical.ThrowableCollector.execute(ThrowableCollector.java:74)
	at org.junit.platform.engine.support.hierarchical.NodeTestTask.lambda$executeRecursively$1(NodeTestTask.java:166)
	at org.junit.platform.engine.support.hierarchical.Node.around(Node.java:138)
	at org.junit.platform.engine.support.hierarchical.NodeTestTask.lambda$executeRecursively$0(NodeTestTask.java:164)
	at org.junit.platform.engine.support.hierarchical.ThrowableCollector.execute(ThrowableCollector.java:74)
	at org.junit.platform.engine.support.hierarchical.NodeTestTask.executeRecursively(NodeTestTask.java:163)
	at org.junit.platform.engine.support.hierarchical.NodeTestTask.execute(NodeTestTask.java:116)
	at org.junit.platform.engine.support.hierarchical.SameThreadHierarchicalTestExecutorService.submit(SameThreadHierarchicalTestExecutorService.java:36)
	at org.junit.platform.engine.support.hierarchical.HierarchicalTestExecutor.execute(HierarchicalTestExecutor.java:52)
	at org.junit.platform.engine.support.hierarchical.HierarchicalTestEngine.execute(HierarchicalTestEngine.java:58)
	at org.junit.platform.launcher.core.EngineExecutionOrchestrator.executeEngine(EngineExecutionOrchestrator.java:246)
	at org.junit.platform.launcher.core.EngineExecutionOrchestrator.failOrExecuteEngine(EngineExecutionOrchestrator.java:218)
	at org.junit.platform.launcher.core.EngineExecutionOrchestrator.execute(EngineExecutionOrchestrator.java:179)
	at org.junit.platform.launcher.core.EngineExecutionOrchestrator.execute(EngineExecutionOrchestrator.java:108)
	at org.junit.platform.launcher.core.EngineExecutionOrchestrator.lambda$execute$0(EngineExecutionOrchestrator.java:66)
	at org.junit.platform.launcher.core.EngineExecutionOrchestrator.withInterceptedStreams(EngineExecutionOrchestrator.java:157)
	at org.junit.platform.launcher.core.EngineExecutionOrchestrator.execute(EngineExecutionOrchestrator.java:65)
	at org.junit.platform.launcher.core.DefaultLauncher.execute(DefaultLauncher.java:125)
	at org.junit.platform.launcher.core.DefaultLauncher.execute(DefaultLauncher.java:114)
	at org.junit.platform.launcher.core.DelegatingLauncher.execute(DelegatingLauncher.java:58)
	at org.junit.platform.launcher.core.InterceptingLauncher.lambda$execute$2(InterceptingLauncher.java:57)
	at org.junit.platform.launcher.core.ClasspathAlignmentCheckingLauncherInterceptor.intercept(ClasspathAlignmentCheckingLauncherInterceptor.java:25)
	at org.junit.platform.launcher.core.InterceptingLauncher.execute(InterceptingLauncher.java:56)
	at org.junit.platform.launcher.core.DelegatingLauncher.execute(DelegatingLauncher.java:58)
	at java.base/jdk.internal.reflect.DirectMethodHandleAccessor.invoke(DirectMethodHandleAccessor.java:104)
	at java.base/java.lang.reflect.Method.invoke(Method.java:565)
	at org.apache.maven.surefire.api.util.ReflectionUtils.invokeMethodWithArray(ReflectionUtils.java:125)
	at org.apache.maven.surefire.junitplatform.LauncherAdapter.executeWithCancellationToken(LauncherAdapter.java:68)
	at org.apache.maven.surefire.junitplatform.LauncherAdapter.execute(LauncherAdapter.java:54)
	at org.apache.maven.surefire.junitplatform.JUnitPlatformProvider.execute(JUnitPlatformProvider.java:203)
	at org.apache.maven.surefire.junitplatform.JUnitPlatformProvider.invokeAllTests(JUnitPlatformProvider.java:168)
	at org.apache.maven.surefire.junitplatform.JUnitPlatformProvider.invoke(JUnitPlatformProvider.java:136)
	at org.apache.maven.surefire.booter.ForkedBooter.runSuitesInProcess(ForkedBooter.java:385)
	at org.apache.maven.surefire.booter.ForkedBooter.execute(ForkedBooter.java:162)
	at org.apache.maven.surefire.booter.ForkedBooter.run(ForkedBooter.java:507)
	at org.apache.maven.surefire.booter.ForkedBooter.main(ForkedBooter.java:495)
Caused by: org.hibernate.service.spi.ServiceException: Unable to create requested service [org.hibernate.engine.jdbc.env.spi.JdbcEnvironment] due to: Unable to determine Dialect without JDBC metadata (please set 'jakarta.persistence.jdbc.url' for common cases or 'hibernate.dialect' when a custom Dialect implementation must be provided)
	at org.hibernate.service.internal.AbstractServiceRegistryImpl.createService(AbstractServiceRegistryImpl.java:273)
	at org.hibernate.service.internal.AbstractServiceRegistryImpl.initializeService(AbstractServiceRegistryImpl.java:235)
	at org.hibernate.service.internal.AbstractServiceRegistryImpl.getService(AbstractServiceRegistryImpl.java:212)
	at org.hibernate.boot.model.relational.Database.<init>(Database.java:44)
	at org.hibernate.boot.internal.InFlightMetadataCollectorImpl.getDatabase(InFlightMetadataCollectorImpl.java:251)
	at org.hibernate.boot.internal.InFlightMetadataCollectorImpl.<init>(InFlightMetadataCollectorImpl.java:203)
	at org.hibernate.boot.model.process.spi.MetadataBuildingProcess.complete(MetadataBuildingProcess.java:180)
	at org.hibernate.jpa.boot.internal.EntityManagerFactoryBuilderImpl.metadata(EntityManagerFactoryBuilderImpl.java:1388)
	at org.hibernate.jpa.boot.internal.EntityManagerFactoryBuilderImpl.populateSessionFactoryBuilder(EntityManagerFactoryBuilderImpl.java:1468)
	at org.hibernate.jpa.boot.internal.EntityManagerFactoryBuilderImpl.build(EntityManagerFactoryBuilderImpl.java:1450)
	at org.springframework.orm.jpa.vendor.SpringHibernateJpaPersistenceProvider.createContainerEntityManagerFactory(SpringHibernateJpaPersistenceProvider.java:93)
	at org.springframework.orm.jpa.LocalContainerEntityManagerFactoryBean.createNativeEntityManagerFactory(LocalContainerEntityManagerFactoryBean.java:443)
	at org.springframework.orm.jpa.AbstractEntityManagerFactoryBean.buildNativeEntityManagerFactory(AbstractEntityManagerFactoryBean.java:436)
	at org.springframework.orm.jpa.AbstractEntityManagerFactoryBean.afterPropertiesSet(AbstractEntityManagerFactoryBean.java:411)
	at org.springframework.orm.jpa.LocalContainerEntityManagerFactoryBean.afterPropertiesSet(LocalContainerEntityManagerFactoryBean.java:419)
	at org.springframework.beans.factory.support.AbstractAutowireCapableBeanFactory.invokeInitMethods(AbstractAutowireCapableBeanFactory.java:1862)
	at org.springframework.beans.factory.support.AbstractAutowireCapableBeanFactory.initializeBean(AbstractAutowireCapableBeanFactory.java:1811)
	... 106 common frames omitted
Caused by: org.hibernate.HibernateException: Unable to determine Dialect without JDBC metadata (please set 'jakarta.persistence.jdbc.url' for common cases or 'hibernate.dialect' when a custom Dialect implementation must be provided)
	at org.hibernate.engine.jdbc.dialect.internal.DialectFactoryImpl.determineDialect(DialectFactoryImpl.java:190)
	at org.hibernate.engine.jdbc.dialect.internal.DialectFactoryImpl.buildDialect(DialectFactoryImpl.java:86)
	at org.hibernate.engine.jdbc.env.internal.JdbcEnvironmentInitiator.getJdbcEnvironmentWithDefaults(JdbcEnvironmentInitiator.java:200)
	at org.hibernate.engine.jdbc.env.internal.JdbcEnvironmentInitiator.getJdbcEnvironmentUsingJdbcMetadata(JdbcEnvironmentInitiator.java:452)
	at org.hibernate.engine.jdbc.env.internal.JdbcEnvironmentInitiator.getJdbcEnvironment(JdbcEnvironmentInitiator.java:143)
	at org.hibernate.engine.jdbc.env.internal.JdbcEnvironmentInitiator.initiateService(JdbcEnvironmentInitiator.java:120)
	at org.hibernate.engine.jdbc.env.internal.JdbcEnvironmentInitiator.initiateService(JdbcEnvironmentInitiator.java:80)
	at org.hibernate.boot.registry.internal.StandardServiceRegistryImpl.initiateService(StandardServiceRegistryImpl.java:133)
	at org.hibernate.service.internal.AbstractServiceRegistryImpl.createService(AbstractServiceRegistryImpl.java:260)
	... 122 common frames omitted
{"timestamp":"2026-09-28 16:28:55","level":"WARN","logger":"org.springframework.test.context.TestContextManager","message":"Caught exception while allowing TestExecutionListener [org.springframework.test.context.web.ServletTestExecutionListener] to prepare test instance [com.jobportal.JobportalApplicationTests@5400db7e]"}java.lang.IllegalStateException: Failed to load ApplicationContext for [WebMergedContextConfiguration@1018f702 testClass = com.jobportal.JobportalApplicationTests, locations = [], classes = [com.jobportal.JobportalApplication], contextInitializerClasses = [], activeProfiles = [], propertySourceDescriptors = [], propertySourceProperties = ["org.springframework.boot.test.context.SpringBootTestContextBootstrapper=true"], contextCustomizers = [org.springframework.boot.test.context.PropertyMappingContextCustomizer@0, org.springframework.boot.test.context.filter.ExcludeFilterContextCustomizer@1b70203f, org.springframework.boot.test.json.DuplicateJsonObjectContextCustomizerFactory$DuplicateJsonObjectContextCustomizer@3773862a, org.springframework.boot.test.autoconfigure.OnFailureConditionReportContextCustomizerFactory$OnFailureConditionReportContextCustomizer@22175d4f, org.springframework.test.context.support.DynamicPropertiesContextCustomizer@0, org.springframework.boot.webmvc.test.autoconfigure.WebDriverContextCustomizer@64a1923a, org.springframework.boot.web.server.context.SpringBootTestRandomPortContextCustomizer@2c0f7678, org.springframework.boot.test.context.SpringBootTestAnnotation@791be56d], resourceBasePath = "src/main/webapp", contextLoader = org.springframework.boot.test.context.SpringBootContextLoader, parent = null]
	at org.springframework.test.context.cache.DefaultCacheAwareContextLoaderDelegate.lambda$loadContext$0(DefaultCacheAwareContextLoaderDelegate.java:195)
	at org.springframework.test.context.cache.DefaultContextCache.put(DefaultContextCache.java:214)
	at org.springframework.test.context.cache.DefaultCacheAwareContextLoaderDelegate.loadContext(DefaultCacheAwareContextLoaderDelegate.java:160)
	at org.springframework.test.context.support.DefaultTestContext.getApplicationContext(DefaultTestContext.java:128)
	at org.springframework.test.context.web.ServletTestExecutionListener.setUpRequestContextIfNecessary(ServletTestExecutionListener.java:200)
	at org.springframework.test.context.web.ServletTestExecutionListener.prepareTestInstance(ServletTestExecutionListener.java:139)
	at org.springframework.test.context.TestContextManager.prepareTestInstance(TestContextManager.java:260)
	at org.springframework.test.context.junit.jupiter.SpringExtension.postProcessTestInstance(SpringExtension.java:242)
	at org.junit.jupiter.engine.descriptor.ClassBasedTestDescriptor.lambda$invokeTestInstancePostProcessors$1(ClassBasedTestDescriptor.java:423)
	at org.junit.jupiter.engine.descriptor.ClassBasedTestDescriptor.executeAndMaskThrowable(ClassBasedTestDescriptor.java:428)
	at org.junit.jupiter.engine.descriptor.ClassBasedTestDescriptor.lambda$invokeTestInstancePostProcessors$0(ClassBasedTestDescriptor.java:422)
	at java.base/java.util.stream.ForEachOps$ForEachOp$OfRef.accept(ForEachOps.java:186)
	at java.base/java.util.stream.ReferencePipeline$3$1.accept(ReferencePipeline.java:214)
	at java.base/java.util.stream.ReferencePipeline$2$1.accept(ReferencePipeline.java:197)
	at java.base/java.util.stream.ReferencePipeline$3$1.accept(ReferencePipeline.java:214)
	at java.base/java.util.ArrayList$ArrayListSpliterator.forEachRemaining(ArrayList.java:1724)
	at java.base/java.util.stream.AbstractPipeline.copyInto(AbstractPipeline.java:570)
	at java.base/java.util.stream.AbstractPipeline.wrapAndCopyInto(AbstractPipeline.java:560)
	at java.base/java.util.stream.ForEachOps$ForEachOp.evaluateSequential(ForEachOps.java:153)
	at java.base/java.util.stream.ForEachOps$ForEachOp$OfRef.evaluateSequential(ForEachOps.java:176)
	at java.base/java.util.stream.AbstractPipeline.evaluate(AbstractPipeline.java:265)
	at java.base/java.util.stream.ReferencePipeline.forEach(ReferencePipeline.java:632)
	at org.junit.jupiter.engine.descriptor.ClassBasedTestDescriptor.invokeTestInstancePostProcessors(ClassBasedTestDescriptor.java:422)
	at org.junit.jupiter.engine.descriptor.ClassBasedTestDescriptor.lambda$instantiateAndPostProcessTestInstance$0(ClassBasedTestDescriptor.java:334)
	at org.junit.platform.engine.support.hierarchical.ThrowableCollector.execute(ThrowableCollector.java:74)
	at org.junit.jupiter.engine.descriptor.ClassBasedTestDescriptor.instantiateAndPostProcessTestInstance(ClassBasedTestDescriptor.java:333)
	at org.junit.jupiter.engine.descriptor.ClassBasedTestDescriptor.lambda$testInstancesProvider$1(ClassBasedTestDescriptor.java:322)
	at java.base/java.util.Optional.orElseGet(Optional.java:368)
	at org.junit.jupiter.engine.descriptor.ClassBasedTestDescriptor.lambda$testInstancesProvider$0(ClassBasedTestDescriptor.java:321)
	at org.junit.jupiter.engine.execution.TestInstancesProvider.getTestInstances(TestInstancesProvider.java:27)
	at org.junit.jupiter.engine.descriptor.TestMethodTestDescriptor.lambda$prepare$0(TestMethodTestDescriptor.java:127)
	at org.junit.platform.engine.support.hierarchical.ThrowableCollector.execute(ThrowableCollector.java:74)
	at org.junit.jupiter.engine.descriptor.TestMethodTestDescriptor.prepare(TestMethodTestDescriptor.java:126)
	at org.junit.jupiter.engine.descriptor.TestMethodTestDescriptor.prepare(TestMethodTestDescriptor.java:70)
	at org.junit.platform.engine.support.hierarchical.NodeTestTask.lambda$prepare$0(NodeTestTask.java:144)
	at org.junit.platform.engine.support.hierarchical.ThrowableCollector.execute(ThrowableCollector.java:74)
	at org.junit.platform.engine.support.hierarchical.NodeTestTask.prepare(NodeTestTask.java:144)
	at org.junit.platform.engine.support.hierarchical.NodeTestTask.execute(NodeTestTask.java:110)
	at java.base/java.util.ArrayList.forEach(ArrayList.java:1612)
	at org.junit.platform.engine.support.hierarchical.SameThreadHierarchicalTestExecutorService.invokeAll(SameThreadHierarchicalTestExecutorService.java:42)
	at org.junit.platform.engine.support.hierarchical.NodeTestTask.lambda$executeRecursively$2(NodeTestTask.java:180)
	at org.junit.platform.engine.support.hierarchical.ThrowableCollector.execute(ThrowableCollector.java:74)
	at org.junit.platform.engine.support.hierarchical.NodeTestTask.lambda$executeRecursively$1(NodeTestTask.java:166)
	at org.junit.platform.engine.support.hierarchical.Node.around(Node.java:138)
	at org.junit.platform.engine.support.hierarchical.NodeTestTask.lambda$executeRecursively$0(NodeTestTask.java:164)
	at org.junit.platform.engine.support.hierarchical.ThrowableCollector.execute(ThrowableCollector.java:74)
	at org.junit.platform.engine.support.hierarchical.NodeTestTask.executeRecursively(NodeTestTask.java:163)
	at org.junit.platform.engine.support.hierarchical.NodeTestTask.execute(NodeTestTask.java:116)
	at java.base/java.util.ArrayList.forEach(ArrayList.java:1612)
	at org.junit.platform.engine.support.hierarchical.SameThreadHierarchicalTestExecutorService.invokeAll(SameThreadHierarchicalTestExecutorService.java:42)
	at org.junit.platform.engine.support.hierarchical.NodeTestTask.lambda$executeRecursively$2(NodeTestTask.java:180)
	at org.junit.platform.engine.support.hierarchical.ThrowableCollector.execute(ThrowableCollector.java:74)
	at org.junit.platform.engine.support.hierarchical.NodeTestTask.lambda$executeRecursively$1(NodeTestTask.java:166)
	at org.junit.platform.engine.support.hierarchical.Node.around(Node.java:138)
	at org.junit.platform.engine.support.hierarchical.NodeTestTask.lambda$executeRecursively$0(NodeTestTask.java:164)
	at org.junit.platform.engine.support.hierarchical.ThrowableCollector.execute(ThrowableCollector.java:74)
	at org.junit.platform.engine.support.hierarchical.NodeTestTask.executeRecursively(NodeTestTask.java:163)
	at org.junit.platform.engine.support.hierarchical.NodeTestTask.execute(NodeTestTask.java:116)
	at org.junit.platform.engine.support.hierarchical.SameThreadHierarchicalTestExecutorService.submit(SameThreadHierarchicalTestExecutorService.java:36)
	at org.junit.platform.engine.support.hierarchical.HierarchicalTestExecutor.execute(HierarchicalTestExecutor.java:52)
	at org.junit.platform.engine.support.hierarchical.HierarchicalTestEngine.execute(HierarchicalTestEngine.java:58)
	at org.junit.platform.launcher.core.EngineExecutionOrchestrator.executeEngine(EngineExecutionOrchestrator.java:246)
	at org.junit.platform.launcher.core.EngineExecutionOrchestrator.failOrExecuteEngine(EngineExecutionOrchestrator.java:218)
	at org.junit.platform.launcher.core.EngineExecutionOrchestrator.execute(EngineExecutionOrchestrator.java:179)
	at org.junit.platform.launcher.core.EngineExecutionOrchestrator.execute(EngineExecutionOrchestrator.java:108)
	at org.junit.platform.launcher.core.EngineExecutionOrchestrator.lambda$execute$0(EngineExecutionOrchestrator.java:66)
	at org.junit.platform.launcher.core.EngineExecutionOrchestrator.withInterceptedStreams(EngineExecutionOrchestrator.java:157)
	at org.junit.platform.launcher.core.EngineExecutionOrchestrator.execute(EngineExecutionOrchestrator.java:65)
	at org.junit.platform.launcher.core.DefaultLauncher.execute(DefaultLauncher.java:125)
	at org.junit.platform.launcher.core.DefaultLauncher.execute(DefaultLauncher.java:114)
	at org.junit.platform.launcher.core.DelegatingLauncher.execute(DelegatingLauncher.java:58)
	at org.junit.platform.launcher.core.InterceptingLauncher.lambda$execute$2(InterceptingLauncher.java:57)
	at org.junit.platform.launcher.core.ClasspathAlignmentCheckingLauncherInterceptor.intercept(ClasspathAlignmentCheckingLauncherInterceptor.java:25)
	at org.junit.platform.launcher.core.InterceptingLauncher.execute(InterceptingLauncher.java:56)
	at org.junit.platform.launcher.core.DelegatingLauncher.execute(DelegatingLauncher.java:58)
	at java.base/jdk.internal.reflect.DirectMethodHandleAccessor.invoke(DirectMethodHandleAccessor.java:104)
	at java.base/java.lang.reflect.Method.invoke(Method.java:565)
	at org.apache.maven.surefire.api.util.ReflectionUtils.invokeMethodWithArray(ReflectionUtils.java:125)
	at org.apache.maven.surefire.junitplatform.LauncherAdapter.executeWithCancellationToken(LauncherAdapter.java:68)
	at org.apache.maven.surefire.junitplatform.LauncherAdapter.execute(LauncherAdapter.java:54)
	at org.apache.maven.surefire.junitplatform.JUnitPlatformProvider.execute(JUnitPlatformProvider.java:203)
	at org.apache.maven.surefire.junitplatform.JUnitPlatformProvider.invokeAllTests(JUnitPlatformProvider.java:168)
	at org.apache.maven.surefire.junitplatform.JUnitPlatformProvider.invoke(JUnitPlatformProvider.java:136)
	at org.apache.maven.surefire.booter.ForkedBooter.runSuitesInProcess(ForkedBooter.java:385)
	at org.apache.maven.surefire.booter.ForkedBooter.execute(ForkedBooter.java:162)
	at org.apache.maven.surefire.booter.ForkedBooter.run(ForkedBooter.java:507)
	at org.apache.maven.surefire.booter.ForkedBooter.main(ForkedBooter.java:495)
Caused by: org.springframework.beans.factory.BeanCreationException: Error creating bean with name 'entityManagerFactory' defined in class path resource [org/springframework/boot/hibernate/autoconfigure/HibernateJpaConfiguration.class]: Unable to create requested service [org.hibernate.engine.jdbc.env.spi.JdbcEnvironment] due to: Unable to determine Dialect without JDBC metadata (please set 'jakarta.persistence.jdbc.url' for common cases or 'hibernate.dialect' when a custom Dialect implementation must be provided)
	at org.springframework.beans.factory.support.AbstractAutowireCapableBeanFactory.initializeBean(AbstractAutowireCapableBeanFactory.java:1815)
	at org.springframework.beans.factory.support.AbstractAutowireCapableBeanFactory.doCreateBean(AbstractAutowireCapableBeanFactory.java:603)
	at org.springframework.beans.factory.support.AbstractAutowireCapableBeanFactory.createBean(AbstractAutowireCapableBeanFactory.java:525)
	at org.springframework.beans.factory.support.AbstractBeanFactory.lambda$doGetBean$0(AbstractBeanFactory.java:333)
	at org.springframework.beans.factory.support.DefaultSingletonBeanRegistry.getSingleton(DefaultSingletonBeanRegistry.java:371)
	at org.springframework.beans.factory.support.AbstractBeanFactory.doGetBean(AbstractBeanFactory.java:331)
	at org.springframework.beans.factory.support.AbstractBeanFactory.getBean(AbstractBeanFactory.java:201)
	at org.springframework.context.support.AbstractApplicationContext.finishBeanFactoryInitialization(AbstractApplicationContext.java:977)
	at org.springframework.context.support.AbstractApplicationContext.refresh(AbstractApplicationContext.java:621)
	at org.springframework.boot.SpringApplication.refresh(SpringApplication.java:756)
	at org.springframework.boot.SpringApplication.refreshContext(SpringApplication.java:445)
	at org.springframework.boot.SpringApplication.run(SpringApplication.java:321)
	at org.springframework.boot.test.context.SpringBootContextLoader.lambda$loadContext$2(SpringBootContextLoader.java:155)
	at org.springframework.util.function.ThrowingSupplier.get(ThrowingSupplier.java:58)
	at org.springframework.util.function.ThrowingSupplier.get(ThrowingSupplier.java:46)
	at org.springframework.boot.SpringApplication.withHook(SpringApplication.java:1465)
	at org.springframework.boot.test.context.SpringBootContextLoader$ContextLoaderHook.run(SpringBootContextLoader.java:600)
	at org.springframework.boot.test.context.SpringBootContextLoader.loadContext(SpringBootContextLoader.java:155)
	at org.springframework.boot.test.context.SpringBootContextLoader.loadContext(SpringBootContextLoader.java:114)
	at org.springframework.test.context.cache.DefaultCacheAwareContextLoaderDelegate.loadContextInternal(DefaultCacheAwareContextLoaderDelegate.java:247)
	at org.springframework.test.context.cache.DefaultCacheAwareContextLoaderDelegate.lambda$loadContext$0(DefaultCacheAwareContextLoaderDelegate.java:167)
	... 86 common frames omitted
Caused by: org.hibernate.service.spi.ServiceException: Unable to create requested service [org.hibernate.engine.jdbc.env.spi.JdbcEnvironment] due to: Unable to determine Dialect without JDBC metadata (please set 'jakarta.persistence.jdbc.url' for common cases or 'hibernate.dialect' when a custom Dialect implementation must be provided)
	at org.hibernate.service.internal.AbstractServiceRegistryImpl.createService(AbstractServiceRegistryImpl.java:273)
	at org.hibernate.service.internal.AbstractServiceRegistryImpl.initializeService(AbstractServiceRegistryImpl.java:235)
	at org.hibernate.service.internal.AbstractServiceRegistryImpl.getService(AbstractServiceRegistryImpl.java:212)
	at org.hibernate.boot.model.relational.Database.<init>(Database.java:44)
	at org.hibernate.boot.internal.InFlightMetadataCollectorImpl.getDatabase(InFlightMetadataCollectorImpl.java:251)
	at org.hibernate.boot.internal.InFlightMetadataCollectorImpl.<init>(InFlightMetadataCollectorImpl.java:203)
	at org.hibernate.boot.model.process.spi.MetadataBuildingProcess.complete(MetadataBuildingProcess.java:180)
	at org.hibernate.jpa.boot.internal.EntityManagerFactoryBuilderImpl.metadata(EntityManagerFactoryBuilderImpl.java:1388)
	at org.hibernate.jpa.boot.internal.EntityManagerFactoryBuilderImpl.populateSessionFactoryBuilder(EntityManagerFactoryBuilderImpl.java:1468)
	at org.hibernate.jpa.boot.internal.EntityManagerFactoryBuilderImpl.build(EntityManagerFactoryBuilderImpl.java:1450)
	at org.springframework.orm.jpa.vendor.SpringHibernateJpaPersistenceProvider.createContainerEntityManagerFactory(SpringHibernateJpaPersistenceProvider.java:93)
	at org.springframework.orm.jpa.LocalContainerEntityManagerFactoryBean.createNativeEntityManagerFactory(LocalContainerEntityManagerFactoryBean.java:443)
	at org.springframework.orm.jpa.AbstractEntityManagerFactoryBean.buildNativeEntityManagerFactory(AbstractEntityManagerFactoryBean.java:436)
	at org.springframework.orm.jpa.AbstractEntityManagerFactoryBean.afterPropertiesSet(AbstractEntityManagerFactoryBean.java:411)
	at org.springframework.orm.jpa.LocalContainerEntityManagerFactoryBean.afterPropertiesSet(LocalContainerEntityManagerFactoryBean.java:419)
	at org.springframework.beans.factory.support.AbstractAutowireCapableBeanFactory.invokeInitMethods(AbstractAutowireCapableBeanFactory.java:1862)
	at org.springframework.beans.factory.support.AbstractAutowireCapableBeanFactory.initializeBean(AbstractAutowireCapableBeanFactory.java:1811)
	... 106 common frames omitted
Caused by: org.hibernate.HibernateException: Unable to determine Dialect without JDBC metadata (please set 'jakarta.persistence.jdbc.url' for common cases or 'hibernate.dialect' when a custom Dialect implementation must be provided)
	at org.hibernate.engine.jdbc.dialect.internal.DialectFactoryImpl.determineDialect(DialectFactoryImpl.java:190)
	at org.hibernate.engine.jdbc.dialect.internal.DialectFactoryImpl.buildDialect(DialectFactoryImpl.java:86)
	at org.hibernate.engine.jdbc.env.internal.JdbcEnvironmentInitiator.getJdbcEnvironmentWithDefaults(JdbcEnvironmentInitiator.java:200)
	at org.hibernate.engine.jdbc.env.internal.JdbcEnvironmentInitiator.getJdbcEnvironmentUsingJdbcMetadata(JdbcEnvironmentInitiator.java:452)
	at org.hibernate.engine.jdbc.env.internal.JdbcEnvironmentInitiator.getJdbcEnvironment(JdbcEnvironmentInitiator.java:143)
	at org.hibernate.engine.jdbc.env.internal.JdbcEnvironmentInitiator.initiateService(JdbcEnvironmentInitiator.java:120)
	at org.hibernate.engine.jdbc.env.internal.JdbcEnvironmentInitiator.initiateService(JdbcEnvironmentInitiator.java:80)
	at org.hibernate.boot.registry.internal.StandardServiceRegistryImpl.initiateService(StandardServiceRegistryImpl.java:133)
	at org.hibernate.service.internal.AbstractServiceRegistryImpl.createService(AbstractServiceRegistryImpl.java:260)
	... 122 common frames omitted
{"timestamp":"2026-09-28 16:29:03","level":"INFO","logger":"com.jobportal.JobportalApplication","message":"Starting JobportalApplication using Java 26.0.1 with PID 110771 (/home/samer/Desktop/java/projects/job-portal-spring/target/classes started by samer in /home/samer/Desktop/java/projects/job-portal-spring)"}{"timestamp":"2026-09-28 16:29:03","level":"INFO","logger":"com.jobportal.JobportalApplication","message":"No active profile set, falling back to 1 default profile: "default""}{"timestamp":"2026-09-28 16:29:03","level":"INFO","logger":"org.springframework.boot.devtools.env.DevToolsPropertyDefaultsPostProcessor","message":"Devtools property defaults active! Set 'spring.devtools.add-properties' to 'false' to disable"}{"timestamp":"2026-09-28 16:29:03","level":"INFO","logger":"org.springframework.boot.devtools.env.DevToolsPropertyDefaultsPostProcessor","message":"For additional web related logging consider setting the 'logging.level.web' property to 'DEBUG'"}{"timestamp":"2026-09-28 16:29:03","level":"INFO","logger":"org.springframework.boot.docker.compose.lifecycle.DockerComposeLifecycleManager","message":"Using Docker Compose file /home/samer/Desktop/java/projects/job-portal-spring/compose.yml"}{"timestamp":"2026-09-28 16:29:03","level":"INFO","logger":"org.hibernate.validator.internal.util.Version","message":"HV000001: Hibernate Validator 9.1.0.Final"}{"timestamp":"2026-09-28 16:29:03","level":"ERROR","logger":"org.springframework.boot.SpringApplication","message":"Application run failed"}org.springframework.boot.docker.compose.core.ProcessExitException: 'docker version --format {{.Client.Version}}' failed with exit code 1.

Stdout:
29.7.2


Stderr:
failed to connect to the docker API at unix:///home/samer/.docker/desktop/docker.sock; check if the path is correct and if the daemon is running: dial unix /home/samer/.docker/desktop/docker.sock: connect: no such file or directory

	at org.springframework.boot.docker.compose.core.ProcessRunner.run(ProcessRunner.java:102)
	at org.springframework.boot.docker.compose.core.ProcessRunner.run(ProcessRunner.java:80)
	at org.springframework.boot.docker.compose.core.DockerCli$DockerCommands.getDockerCommand(DockerCli.java:147)
	at org.springframework.boot.docker.compose.core.DockerCli$DockerCommands.<init>(DockerCli.java:141)
	at org.springframework.boot.docker.compose.core.DockerCli.lambda$new$0(DockerCli.java:67)
	at java.base/java.util.HashMap.computeIfAbsent(HashMap.java:1229)
	at org.springframework.boot.docker.compose.core.DockerCli.<init>(DockerCli.java:66)
	at org.springframework.boot.docker.compose.core.DockerCompose.get(DockerCompose.java:154)
	at org.springframework.boot.docker.compose.lifecycle.DockerComposeLifecycleManager.getDockerCompose(DockerComposeLifecycleManager.java:195)
	at org.springframework.boot.docker.compose.lifecycle.DockerComposeLifecycleManager.start(DockerComposeLifecycleManager.java:115)
	at org.springframework.boot.docker.compose.lifecycle.DockerComposeListener.onApplicationEvent(DockerComposeListener.java:53)
	at org.springframework.boot.docker.compose.lifecycle.DockerComposeListener.onApplicationEvent(DockerComposeListener.java:35)
	at org.springframework.context.event.SimpleApplicationEventMulticaster.doInvokeListener(SimpleApplicationEventMulticaster.java:180)
	at org.springframework.context.event.SimpleApplicationEventMulticaster.invokeListener(SimpleApplicationEventMulticaster.java:173)
	at org.springframework.context.event.SimpleApplicationEventMulticaster.multicastEvent(SimpleApplicationEventMulticaster.java:151)
	at org.springframework.context.event.SimpleApplicationEventMulticaster.multicastEvent(SimpleApplicationEventMulticaster.java:133)
	at org.springframework.boot.context.event.EventPublishingRunListener.multicastInitialEvent(EventPublishingRunListener.java:137)
	at org.springframework.boot.context.event.EventPublishingRunListener.contextLoaded(EventPublishingRunListener.java:99)
	at org.springframework.boot.SpringApplicationRunListeners.lambda$contextLoaded$0(SpringApplicationRunListeners.java:74)
	at java.base/java.util.ImmutableCollections$List12.forEach(ImmutableCollections.java:680)
	at org.springframework.boot.SpringApplicationRunListeners.doWithListeners(SpringApplicationRunListeners.java:123)
	at org.springframework.boot.SpringApplicationRunListeners.doWithListeners(SpringApplicationRunListeners.java:117)
	at org.springframework.boot.SpringApplicationRunListeners.contextLoaded(SpringApplicationRunListeners.java:74)
	at org.springframework.boot.SpringApplication.prepareContext(SpringApplication.java:418)
	at org.springframework.boot.SpringApplication.run(SpringApplication.java:320)
	at org.springframework.boot.SpringApplication.run(SpringApplication.java:1365)
	at org.springframework.boot.SpringApplication.run(SpringApplication.java:1354)
	at com.jobportal.JobportalApplication.main(JobportalApplication.java:14)
	at java.base/jdk.internal.reflect.DirectMethodHandleAccessor.invoke(DirectMethodHandleAccessor.java:104)
	at java.base/java.lang.reflect.Method.invoke(Method.java:565)
	at org.springframework.boot.devtools.restart.RestartLauncher.run(RestartLauncher.java:52)
{"timestamp":"2026-09-28 16:29:21","level":"INFO","logger":"com.jobportal.JobportalApplication","message":"Starting JobportalApplication using Java 26.0.1 with PID 111834 (/home/samer/Desktop/java/projects/job-portal-spring/target/classes started by samer in /home/samer/Desktop/java/projects/job-portal-spring)"}{"timestamp":"2026-09-28 16:29:21","level":"INFO","logger":"com.jobportal.JobportalApplication","message":"No active profile set, falling back to 1 default profile: "default""}{"timestamp":"2026-09-28 16:29:21","level":"INFO","logger":"org.springframework.boot.devtools.env.DevToolsPropertyDefaultsPostProcessor","message":"Devtools property defaults active! Set 'spring.devtools.add-properties' to 'false' to disable"}{"timestamp":"2026-09-28 16:29:21","level":"INFO","logger":"org.springframework.boot.devtools.env.DevToolsPropertyDefaultsPostProcessor","message":"For additional web related logging consider setting the 'logging.level.web' property to 'DEBUG'"}{"timestamp":"2026-09-28 16:29:21","level":"INFO","logger":"org.springframework.boot.docker.compose.lifecycle.DockerComposeLifecycleManager","message":"Using Docker Compose file /home/samer/Desktop/java/projects/job-portal-spring/compose.yml"}{"timestamp":"2026-09-28 16:29:22","level":"INFO","logger":"org.hibernate.validator.internal.util.Version","message":"HV000001: Hibernate Validator 9.1.0.Final"}{"timestamp":"2026-09-28 16:29:22","level":"INFO","logger":"org.springframework.boot.docker.compose.core.DockerCli","message":" Container jobportaldb Starting "}{"timestamp":"2026-09-28 16:29:22","level":"INFO","logger":"org.springframework.boot.docker.compose.core.DockerCli","message":"Error response from daemon: failed to set up container networking: driver failed programming external connectivity on endpoint jobportaldb (fbaad00bd9c65224089e40cebdd16a5897be7d5a654e48c8b620cbcec56262d5): Bind for 0.0.0.0:3307 failed: port is already allocated"}{"timestamp":"2026-09-28 16:29:22","level":"INFO","logger":"org.springframework.boot.docker.compose.lifecycle.DockerComposeLifecycleManager","message":"docker compose up failed with the following logs:

jobportaldb  | 2026-08-20 15:56:26+00:00 [Note] [Entrypoint]: Entrypoint script for MySQL Server 26.7.0-1.el9 started.
jobportaldb  | 2026-08-20 15:56:27+00:00 [Note] [Entrypoint]: Switching to dedicated user 'mysql'
jobportaldb  | 2026-08-20 15:56:27+00:00 [Note] [Entrypoint]: Entrypoint script for MySQL Server 26.7.0-1.el9 started.
jobportaldb  | '/var/lib/mysql/mysql.sock' -> '/var/run/mysqld/mysqld.sock'
jobportaldb  | 2026-08-20T15:56:27.844851Z 0 [System] [MY-015015] [Server] MySQL Server - start.
jobportaldb  | 2026-08-20T15:56:28.476555Z 0 [System] [MY-010116] [Server] /usr/sbin/mysqld (mysqld 26.7.0) starting as process 1
jobportaldb  | 2026-08-20T15:56:28.476610Z 0 [System] [MY-015603] [Server] MySQL Server has access to 20 logical CPUs.
jobportaldb  | 2026-08-20T15:56:28.476644Z 0 [System] [MY-015603] [Server] MySQL Server has access to 5978775552 bytes of physical memory.
jobportaldb  | 2026-08-20T15:56:28.502828Z 1 [System] [MY-013576] [InnoDB] InnoDB initialization has started.
jobportaldb  | 2026-08-20T15:56:29.181554Z 1 [System] [MY-013577] [InnoDB] InnoDB initialization has ended.
jobportaldb  | 2026-08-20T15:56:29.620790Z 0 [Warning] [MY-010068] [Server] CA certificate ca.pem is self signed.
jobportaldb  | 2026-08-20T15:56:29.620848Z 0 [System] [MY-013602] [Server] Channel mysql_main configured to support TLS. Encrypted connections are now supported for this channel.
jobportaldb  | 2026-08-20T15:56:29.620860Z 0 [Warning] [MY-015696] [Server] TLS channel 'mysql_main' is not configured to require post-quantum key exchange algorithms; future TLS sessions may use a non-post-quantum key exchange algorithm because force_pqc is disabled
jobportaldb  | 2026-08-20T15:56:29.628312Z 0 [Warning] [MY-011810] [Server] Insecure configuration for --pid-file: Location '/var/run/mysqld' in the path is accessible to all OS users. Consider choosing a different directory.
jobportaldb  | 2026-08-20T15:56:29.698403Z 0 [Warning] [MY-015696] [Server] Plugin mysqlx reported: 'TLS channel 'mysqlx' is not configured to require post-quantum key exchange algorithms; future TLS sessions may use a non-post-quantum key exchange algorithm because force_pqc is disabled'
jobportaldb  | 2026-08-20T15:56:29.698700Z 0 [System] [MY-011323] [Server] X Plugin ready for connections. Bind-address: '::' port: 33060, socket: /var/run/mysqld/mysqlx.sock
jobportaldb  | 2026-08-20T15:56:29.698857Z 0 [System] [MY-010931] [Server] /usr/sbin/mysqld: ready for connections. Version: '26.7.0'  socket: '/var/run/mysqld/mysqld.sock'  port: 3306  MySQL Community Server - GPL.
jobportaldb  | 2026-08-20T16:45:32.385963Z 0 [System] [MY-013172] [Server] Received SHUTDOWN from user <via user signal>. Shutting down mysqld (Version: 26.7.0).
jobportaldb  | 2026-08-20T16:45:33.841325Z 0 [System] [MY-010910] [Server] /usr/sbin/mysqld: Shutdown complete (mysqld 26.7.0)  MySQL Community Server - GPL.
jobportaldb  | 2026-08-20T16:45:33.841355Z 0 [System] [MY-015016] [Server] MySQL Server - end.
jobportaldb  | 2026-08-21 02:58:30+00:00 [Note] [Entrypoint]: Entrypoint script for MySQL Server 26.7.0-1.el9 started.
jobportaldb  | 2026-08-21 02:58:31+00:00 [Note] [Entrypoint]: Switching to dedicated user 'mysql'
jobportaldb  | 2026-08-21 02:58:31+00:00 [Note] [Entrypoint]: Entrypoint script for MySQL Server 26.7.0-1.el9 started.
jobportaldb  | '/var/lib/mysql/mysql.sock' -> '/var/run/mysqld/mysqld.sock'
jobportaldb  | 2026-08-21T02:58:31.514775Z 0 [System] [MY-015015] [Server] MySQL Server - start.
jobportaldb  | 2026-08-21T02:58:31.815943Z 0 [System] [MY-010116] [Server] /usr/sbin/mysqld (mysqld 26.7.0) starting as process 1
jobportaldb  | 2026-08-21T02:58:31.815963Z 0 [System] [MY-015603] [Server] MySQL Server has access to 20 logical CPUs.
jobportaldb  | 2026-08-21T02:58:31.815983Z 0 [System] [MY-015603] [Server] MySQL Server has access to 5978779648 bytes of physical memory.
jobportaldb  | 2026-08-21T02:58:31.838714Z 1 [System] [MY-013576] [InnoDB] InnoDB initialization has started.
jobportaldb  | 2026-08-21T02:58:32.202043Z 1 [System] [MY-013577] [InnoDB] InnoDB initialization has ended.
jobportaldb  | 2026-08-21T02:58:32.491036Z 0 [Warning] [MY-010068] [Server] CA certificate ca.pem is self signed.
jobportaldb  | 2026-08-21T02:58:32.491195Z 0 [System] [MY-013602] [Server] Channel mysql_main configured to support TLS. Encrypted connections are now supported for this channel.
jobportaldb  | 2026-08-21T02:58:32.491217Z 0 [Warning] [MY-015696] [Server] TLS channel 'mysql_main' is not configured to require post-quantum key exchange algorithms; future TLS sessions may use a non-post-quantum key exchange algorithm because force_pqc is disabled
jobportaldb  | 2026-08-21T02:58:32.497130Z 0 [Warning] [MY-011810] [Server] Insecure configuration for --pid-file: Location '/var/run/mysqld' in the path is accessible to all OS users. Consider choosing a different directory.
jobportaldb  | 2026-08-21T02:58:32.529153Z 0 [Warning] [MY-015696] [Server] Plugin mysqlx reported: 'TLS channel 'mysqlx' is not configured to require post-quantum key exchange algorithms; future TLS sessions may use a non-post-quantum key exchange algorithm because force_pqc is disabled'
jobportaldb  | 2026-08-21T02:58:32.529382Z 0 [System] [MY-011323] [Server] X Plugin ready for connections. Bind-address: '::' port: 33060, socket: /var/run/mysqld/mysqlx.sock
jobportaldb  | 2026-08-21T02:58:32.529444Z 0 [System] [MY-010931] [Server] /usr/sbin/mysqld: ready for connections. Version: '26.7.0'  socket: '/var/run/mysqld/mysqld.sock'  port: 3306  MySQL Community Server - GPL.
jobportaldb  | 2026-08-21T08:23:00.611864Z 0 [System] [MY-013172] [Server] Received SHUTDOWN from user <via user signal>. Shutting down mysqld (Version: 26.7.0).
jobportaldb  | 2026-08-21T08:23:01.487134Z 0 [System] [MY-010910] [Server] /usr/sbin/mysqld: Shutdown complete (mysqld 26.7.0)  MySQL Community Server - GPL.
jobportaldb  | 2026-08-21T08:23:01.487174Z 0 [System] [MY-015016] [Server] MySQL Server - end.
jobportaldb  | 2026-08-21 10:50:15+00:00 [Note] [Entrypoint]: Entrypoint script for MySQL Server 26.7.0-1.el9 started.
jobportaldb  | 2026-08-21 10:50:16+00:00 [Note] [Entrypoint]: Switching to dedicated user 'mysql'
jobportaldb  | 2026-08-21 10:50:16+00:00 [Note] [Entrypoint]: Entrypoint script for MySQL Server 26.7.0-1.el9 started.
jobportaldb  | '/var/lib/mysql/mysql.sock' -> '/var/run/mysqld/mysqld.sock'
jobportaldb  | 2026-08-21T10:50:16.274985Z 0 [System] [MY-015015] [Server] MySQL Server - start.
jobportaldb  | 2026-08-21T10:50:16.741359Z 0 [System] [MY-010116] [Server] /usr/sbin/mysqld (mysqld 26.7.0) starting as process 1
jobportaldb  | 2026-08-21T10:50:16.741379Z 0 [System] [MY-015603] [Server] MySQL Server has access to 20 logical CPUs.
jobportaldb  | 2026-08-21T10:50:16.741394Z 0 [System] [MY-015603] [Server] MySQL Server has access to 5978775552 bytes of physical memory.
jobportaldb  | 2026-08-21T10:50:16.765063Z 1 [System] [MY-013576] [InnoDB] InnoDB initialization has started.
jobportaldb  | 2026-08-21T10:50:17.146784Z 1 [System] [MY-013577] [InnoDB] InnoDB initialization has ended.
jobportaldb  | 2026-08-21T10:50:17.429155Z 0 [Warning] [MY-010068] [Server] CA certificate ca.pem is self signed.
jobportaldb  | 2026-08-21T10:50:17.429185Z 0 [System] [MY-013602] [Server] Channel mysql_main configured to support TLS. Encrypted connections are now supported for this channel.
jobportaldb  | 2026-08-21T10:50:17.429196Z 0 [Warning] [MY-015696] [Server] TLS channel 'mysql_main' is not configured to require post-quantum key exchange algorithms; future TLS sessions may use a non-post-quantum key exchange algorithm because force_pqc is disabled
jobportaldb  | 2026-08-21T10:50:17.433111Z 0 [Warning] [MY-011810] [Server] Insecure configuration for --pid-file: Location '/var/run/mysqld' in the path is accessible to all OS users. Consider choosing a different directory.
jobportaldb  | 2026-08-21T10:50:17.463554Z 0 [Warning] [MY-015696] [Server] Plugin mysqlx reported: 'TLS channel 'mysqlx' is not configured to require post-quantum key exchange algorithms; future TLS sessions may use a non-post-quantum key exchange algorithm because force_pqc is disabled'
jobportaldb  | 2026-08-21T10:50:17.463750Z 0 [System] [MY-011323] [Server] X Plugin ready for connections. Bind-address: '::' port: 33060, socket: /var/run/mysqld/mysqlx.sock
jobportaldb  | 2026-08-21T10:50:17.463806Z 0 [System] [MY-010931] [Server] /usr/sbin/mysqld: ready for connections. Version: '26.7.0'  socket: '/var/run/mysqld/mysqld.sock'  port: 3306  MySQL Community Server - GPL.
jobportaldb  | 2026-08-21T10:53:54.158647Z 0 [System] [MY-013172] [Server] Received SHUTDOWN from user <via user signal>. Shutting down mysqld (Version: 26.7.0).
jobportaldb  | 2026-08-21T10:53:54.898597Z 0 [System] [MY-010910] [Server] /usr/sbin/mysqld: Shutdown complete (mysqld 26.7.0)  MySQL Community Server - GPL.
jobportaldb  | 2026-08-21T10:53:54.898611Z 0 [System] [MY-015016] [Server] MySQL Server - end.
jobportaldb  | 2026-08-21 10:54:04+00:00 [Note] [Entrypoint]: Entrypoint script for MySQL Server 26.7.0-1.el9 started.
jobportaldb  | 2026-08-21 10:54:04+00:00 [Note] [Entrypoint]: Switching to dedicated user 'mysql'
jobportaldb  | 2026-08-21 10:54:04+00:00 [Note] [Entrypoint]: Entrypoint script for MySQL Server 26.7.0-1.el9 started.
jobportaldb  | '/var/lib/mysql/mysql.sock' -> '/var/run/mysqld/mysqld.sock'
jobportaldb  | 2026-08-21T10:54:04.525198Z 0 [System] [MY-015015] [Server] MySQL Server - start.
jobportaldb  | 2026-08-21T10:54:04.752710Z 0 [System] [MY-010116] [Server] /usr/sbin/mysqld (mysqld 26.7.0) starting as process 1
jobportaldb  | 2026-08-21T10:54:04.752741Z 0 [System] [MY-015603] [Server] MySQL Server has access to 20 logical CPUs.
jobportaldb  | 2026-08-21T10:54:04.752760Z 0 [System] [MY-015603] [Server] MySQL Server has access to 5978775552 bytes of physical memory.
jobportaldb  | 2026-08-21T10:54:04.758772Z 1 [System] [MY-013576] [InnoDB] InnoDB initialization has started.
jobportaldb  | 2026-08-21T10:54:04.892619Z 1 [System] [MY-013577] [InnoDB] InnoDB initialization has ended.
jobportaldb  | 2026-08-21T10:54:05.046731Z 0 [Warning] [MY-010068] [Server] CA certificate ca.pem is self signed.
jobportaldb  | 2026-08-21T10:54:05.046763Z 0 [System] [MY-013602] [Server] Channel mysql_main configured to support TLS. Encrypted connections are now supported for this channel.
jobportaldb  | 2026-08-21T10:54:05.046770Z 0 [Warning] [MY-015696] [Server] TLS channel 'mysql_main' is not configured to require post-quantum key exchange algorithms; future TLS sessions may use a non-post-quantum key exchange algorithm because force_pqc is disabled
jobportaldb  | 2026-08-21T10:54:05.050157Z 0 [Warning] [MY-011810] [Server] Insecure configuration for --pid-file: Location '/var/run/mysqld' in the path is accessible to all OS users. Consider choosing a different directory.
jobportaldb  | 2026-08-21T10:54:05.071296Z 0 [Warning] [MY-015696] [Server] Plugin mysqlx reported: 'TLS channel 'mysqlx' is not configured to require post-quantum key exchange algorithms; future TLS sessions may use a non-post-quantum key exchange algorithm because force_pqc is disabled'
jobportaldb  | 2026-08-21T10:54:05.071473Z 0 [System] [MY-011323] [Server] X Plugin ready for connections. Bind-address: '::' port: 33060, socket: /var/run/mysqld/mysqlx.sock
jobportaldb  | 2026-08-21T10:54:05.071541Z 0 [System] [MY-010931] [Server] /usr/sbin/mysqld: ready for connections. Version: '26.7.0'  socket: '/var/run/mysqld/mysqld.sock'  port: 3306  MySQL Community Server - GPL.
jobportaldb  | 2026-08-22T04:16:03.913079Z 0 [System] [MY-013172] [Server] Received SHUTDOWN from user <via user signal>. Shutting down mysqld (Version: 26.7.0).
jobportaldb  | 2026-08-22T04:16:05.207741Z 0 [System] [MY-010910] [Server] /usr/sbin/mysqld: Shutdown complete (mysqld 26.7.0)  MySQL Community Server - GPL.
jobportaldb  | 2026-08-22T04:16:05.207753Z 0 [System] [MY-015016] [Server] MySQL Server - end.
jobportaldb  | 2026-08-22 04:30:27+00:00 [Note] [Entrypoint]: Entrypoint script for MySQL Server 26.7.0-1.el9 started.
jobportaldb  | 2026-08-22 04:30:27+00:00 [Note] [Entrypoint]: Switching to dedicated user 'mysql'
jobportaldb  | 2026-08-22 04:30:27+00:00 [Note] [Entrypoint]: Entrypoint script for MySQL Server 26.7.0-1.el9 started.
jobportaldb  | '/var/lib/mysql/mysql.sock' -> '/var/run/mysqld/mysqld.sock'
jobportaldb  | 2026-08-22T04:30:27.827585Z 0 [System] [MY-015015] [Server] MySQL Server - start.
jobportaldb  | 2026-08-22T04:30:28.325049Z 0 [System] [MY-010116] [Server] /usr/sbin/mysqld (mysqld 26.7.0) starting as process 1
jobportaldb  | 2026-08-22T04:30:28.325083Z 0 [System] [MY-015603] [Server] MySQL Server has access to 20 logical CPUs.
jobportaldb  | 2026-08-22T04:30:28.325103Z 0 [System] [MY-015603] [Server] MySQL Server has access to 5978767360 bytes of physical memory.
jobportaldb  | 2026-08-22T04:30:28.346010Z 1 [System] [MY-013576] [InnoDB] InnoDB initialization has started.
jobportaldb  | 2026-08-22T04:30:28.787036Z 1 [System] [MY-013577] [InnoDB] InnoDB initialization has ended.
jobportaldb  | 2026-08-22T04:30:29.091736Z 0 [Warning] [MY-010068] [Server] CA certificate ca.pem is self signed.
jobportaldb  | 2026-08-22T04:30:29.091792Z 0 [System] [MY-013602] [Server] Channel mysql_main configured to support TLS. Encrypted connections are now supported for this channel.
jobportaldb  | 2026-08-22T04:30:29.091809Z 0 [Warning] [MY-015696] [Server] TLS channel 'mysql_main' is not configured to require post-quantum key exchange algorithms; future TLS sessions may use a non-post-quantum key exchange algorithm because force_pqc is disabled
jobportaldb  | 2026-08-22T04:30:29.096363Z 0 [Warning] [MY-011810] [Server] Insecure configuration for --pid-file: Location '/var/run/mysqld' in the path is accessible to all OS users. Consider choosing a different directory.
jobportaldb  | 2026-08-22T04:30:29.128678Z 0 [Warning] [MY-015696] [Server] Plugin mysqlx reported: 'TLS channel 'mysqlx' is not configured to require post-quantum key exchange algorithms; future TLS sessions may use a non-post-quantum key exchange algorithm because force_pqc is disabled'
jobportaldb  | 2026-08-22T04:30:29.128952Z 0 [System] [MY-011323] [Server] X Plugin ready for connections. Bind-address: '::' port: 33060, socket: /var/run/mysqld/mysqlx.sock
jobportaldb  | 2026-08-22T04:30:29.129069Z 0 [System] [MY-010931] [Server] /usr/sbin/mysqld: ready for connections. Version: '26.7.0'  socket: '/var/run/mysqld/mysqld.sock'  port: 3306  MySQL Community Server - GPL.
jobportaldb  | 2026-08-22T04:31:43.350331Z 0 [System] [MY-013172] [Server] Received SHUTDOWN from user <via user signal>. Shutting down mysqld (Version: 26.7.0).
jobportaldb  | 2026-08-22T04:31:44.496462Z 0 [System] [MY-010910] [Server] /usr/sbin/mysqld: Shutdown complete (mysqld 26.7.0)  MySQL Community Server - GPL.
jobportaldb  | 2026-08-22T04:31:44.496481Z 0 [System] [MY-015016] [Server] MySQL Server - end.
jobportaldb  | 2026-08-22 04:31:46+00:00 [Note] [Entrypoint]: Entrypoint script for MySQL Server 26.7.0-1.el9 started.
jobportaldb  | 2026-08-22 04:31:46+00:00 [Note] [Entrypoint]: Switching to dedicated user 'mysql'
jobportaldb  | 2026-08-22 04:31:46+00:00 [Note] [Entrypoint]: Entrypoint script for MySQL Server 26.7.0-1.el9 started.
jobportaldb  | '/var/lib/mysql/mysql.sock' -> '/var/run/mysqld/mysqld.sock'
jobportaldb  | 2026-08-22T04:31:46.733792Z 0 [System] [MY-015015] [Server] MySQL Server - start.
jobportaldb  | 2026-08-22T04:31:46.911520Z 0 [System] [MY-010116] [Server] /usr/sbin/mysqld (mysqld 26.7.0) starting as process 1
jobportaldb  | 2026-08-22T04:31:46.911535Z 0 [System] [MY-015603] [Server] MySQL Server has access to 20 logical CPUs.
jobportaldb  | 2026-08-22T04:31:46.911547Z 0 [System] [MY-015603] [Server] MySQL Server has access to 5978767360 bytes of physical memory.
jobportaldb  | 2026-08-22T04:31:46.915741Z 1 [System] [MY-013576] [InnoDB] InnoDB initialization has started.
jobportaldb  | 2026-08-22T04:31:47.111584Z 1 [System] [MY-013577] [InnoDB] InnoDB initialization has ended.
jobportaldb  | 2026-08-22T04:31:47.323266Z 0 [Warning] [MY-010068] [Server] CA certificate ca.pem is self signed.
jobportaldb  | 2026-08-22T04:31:47.323304Z 0 [System] [MY-013602] [Server] Channel mysql_main configured to support TLS. Encrypted connections are now supported for this channel.
jobportaldb  | 2026-08-22T04:31:47.323312Z 0 [Warning] [MY-015696] [Server] TLS channel 'mysql_main' is not configured to require post-quantum key exchange algorithms; future TLS sessions may use a non-post-quantum key exchange algorithm because force_pqc is disabled
jobportaldb  | 2026-08-22T04:31:47.327374Z 0 [Warning] [MY-011810] [Server] Insecure configuration for --pid-file: Location '/var/run/mysqld' in the path is accessible to all OS users. Consider choosing a different directory.
jobportaldb  | 2026-08-22T04:31:47.349380Z 0 [Warning] [MY-015696] [Server] Plugin mysqlx reported: 'TLS channel 'mysqlx' is not configured to require post-quantum key exchange algorithms; future TLS sessions may use a non-post-quantum key exchange algorithm because force_pqc is disabled'
jobportaldb  | 2026-08-22T04:31:47.349595Z 0 [System] [MY-011323] [Server] X Plugin ready for connections. Bind-address: '::' port: 33060, socket: /var/run/mysqld/mysqlx.sock
jobportaldb  | 2026-08-22T04:31:47.349698Z 0 [System] [MY-010931] [Server] /usr/sbin/mysqld: ready for connections. Version: '26.7.0'  socket: '/var/run/mysqld/mysqld.sock'  port: 3306  MySQL Community Server - GPL.
jobportaldb  | 2026-08-22T04:34:10.447388Z 0 [System] [MY-013172] [Server] Received SHUTDOWN from user <via user signal>. Shutting down mysqld (Version: 26.7.0).
jobportaldb  | 2026-08-22T04:34:11.800298Z 0 [System] [MY-010910] [Server] /usr/sbin/mysqld: Shutdown complete (mysqld 26.7.0)  MySQL Community Server - GPL.
jobportaldb  | 2026-08-22T04:34:11.800330Z 0 [System] [MY-015016] [Server] MySQL Server - end.
jobportaldb  | 2026-08-22 04:34:14+00:00 [Note] [Entrypoint]: Entrypoint script for MySQL Server 26.7.0-1.el9 started.
jobportaldb  | 2026-08-22 04:34:14+00:00 [Note] [Entrypoint]: Switching to dedicated user 'mysql'
jobportaldb  | 2026-08-22 04:34:14+00:00 [Note] [Entrypoint]: Entrypoint script for MySQL Server 26.7.0-1.el9 started.
jobportaldb  | '/var/lib/mysql/mysql.sock' -> '/var/run/mysqld/mysqld.sock'
jobportaldb  | 2026-08-22T04:34:14.981786Z 0 [System] [MY-015015] [Server] MySQL Server - start.
jobportaldb  | 2026-08-22T04:34:15.158876Z 0 [System] [MY-010116] [Server] /usr/sbin/mysqld (mysqld 26.7.0) starting as process 1
jobportaldb  | 2026-08-22T04:34:15.158885Z 0 [System] [MY-015603] [Server] MySQL Server has access to 20 logical CPUs.
jobportaldb  | 2026-08-22T04:34:15.158894Z 0 [System] [MY-015603] [Server] MySQL Server has access to 5978767360 bytes of physical memory.
jobportaldb  | 2026-08-22T04:34:15.162629Z 1 [System] [MY-013576] [InnoDB] InnoDB initialization has started.
jobportaldb  | 2026-08-22T04:34:15.365541Z 1 [System] [MY-013577] [InnoDB] InnoDB initialization has ended.
jobportaldb  | 2026-08-22T04:34:15.516675Z 0 [Warning] [MY-010068] [Server] CA certificate ca.pem is self signed.
jobportaldb  | 2026-08-22T04:34:15.516711Z 0 [System] [MY-013602] [Server] Channel mysql_main configured to support TLS. Encrypted connections are now supported for this channel.
jobportaldb  | 2026-08-22T04:34:15.516718Z 0 [Warning] [MY-015696] [Server] TLS channel 'mysql_main' is not configured to require post-quantum key exchange algorithms; future TLS sessions may use a non-post-quantum key exchange algorithm because force_pqc is disabled
jobportaldb  | 2026-08-22T04:34:15.519923Z 0 [Warning] [MY-011810] [Server] Insecure configuration for --pid-file: Location '/var/run/mysqld' in the path is accessible to all OS users. Consider choosing a different directory.
jobportaldb  | 2026-08-22T04:34:15.541213Z 0 [Warning] [MY-015696] [Server] Plugin mysqlx reported: 'TLS channel 'mysqlx' is not configured to require post-quantum key exchange algorithms; future TLS sessions may use a non-post-quantum key exchange algorithm because force_pqc is disabled'
jobportaldb  | 2026-08-22T04:34:15.541384Z 0 [System] [MY-011323] [Server] X Plugin ready for connections. Bind-address: '::' port: 33060, socket: /var/run/mysqld/mysqlx.sock
jobportaldb  | 2026-08-22T04:34:15.541439Z 0 [System] [MY-010931] [Server] /usr/sbin/mysqld: ready for connections. Version: '26.7.0'  socket: '/var/run/mysqld/mysqld.sock'  port: 3306  MySQL Community Server - GPL.
jobportaldb  | 2026-08-22T05:32:42.964096Z 0 [System] [MY-013172] [Server] Received SHUTDOWN from user <via user signal>. Shutting down mysqld (Version: 26.7.0).
jobportaldb  | 2026-08-22T05:32:44.269168Z 0 [System] [MY-010910] [Server] /usr/sbin/mysqld: Shutdown complete (mysqld 26.7.0)  MySQL Community Server - GPL.
jobportaldb  | 2026-08-22T05:32:44.269186Z 0 [System] [MY-015016] [Server] MySQL Server - end.
jobportaldb  | 2026-08-22 05:33:55+00:00 [Note] [Entrypoint]: Entrypoint script for MySQL Server 26.7.0-1.el9 started.
jobportaldb  | 2026-08-22 05:33:56+00:00 [Note] [Entrypoint]: Switching to dedicated user 'mysql'
jobportaldb  | 2026-08-22 05:33:56+00:00 [Note] [Entrypoint]: Entrypoint script for MySQL Server 26.7.0-1.el9 started.
jobportaldb  | '/var/lib/mysql/mysql.sock' -> '/var/run/mysqld/mysqld.sock'
jobportaldb  | 2026-08-22T05:33:56.371587Z 0 [System] [MY-015015] [Server] MySQL Server - start.
jobportaldb  | 2026-08-22T05:33:56.574291Z 0 [System] [MY-010116] [Server] /usr/sbin/mysqld (mysqld 26.7.0) starting as process 1
jobportaldb  | 2026-08-22T05:33:56.574317Z 0 [System] [MY-015603] [Server] MySQL Server has access to 20 logical CPUs.
jobportaldb  | 2026-08-22T05:33:56.574329Z 0 [System] [MY-015603] [Server] MySQL Server has access to 5978767360 bytes of physical memory.
jobportaldb  | 2026-08-22T05:33:56.580386Z 1 [System] [MY-013576] [InnoDB] InnoDB initialization has started.
jobportaldb  | 2026-08-22T05:33:56.799940Z 1 [System] [MY-013577] [InnoDB] InnoDB initialization has ended.
jobportaldb  | 2026-08-22T05:33:57.001988Z 0 [Warning] [MY-010068] [Server] CA certificate ca.pem is self signed.
jobportaldb  | 2026-08-22T05:33:57.002021Z 0 [System] [MY-013602] [Server] Channel mysql_main configured to support TLS. Encrypted connections are now supported for this channel.
jobportaldb  | 2026-08-22T05:33:57.002028Z 0 [Warning] [MY-015696] [Server] TLS channel 'mysql_main' is not configured to require post-quantum key exchange algorithms; future TLS sessions may use a non-post-quantum key exchange algorithm because force_pqc is disabled
jobportaldb  | 2026-08-22T05:33:57.006630Z 0 [Warning] [MY-011810] [Server] Insecure configuration for --pid-file: Location '/var/run/mysqld' in the path is accessible to all OS users. Consider choosing a different directory.
jobportaldb  | 2026-08-22T05:33:57.020740Z 0 [Warning] [MY-015696] [Server] Plugin mysqlx reported: 'TLS channel 'mysqlx' is not configured to require post-quantum key exchange algorithms; future TLS sessions may use a non-post-quantum key exchange algorithm because force_pqc is disabled'
jobportaldb  | 2026-08-22T05:33:57.020888Z 0 [System] [MY-011323] [Server] X Plugin ready for connections. Bind-address: '::' port: 33060, socket: /var/run/mysqld/mysqlx.sock
jobportaldb  | 2026-08-22T05:33:57.020923Z 0 [System] [MY-010931] [Server] /usr/sbin/mysqld: ready for connections. Version: '26.7.0'  socket: '/var/run/mysqld/mysqld.sock'  port: 3306  MySQL Community Server - GPL.
jobportaldb  | 2026-08-22T05:55:51.516984Z 0 [System] [MY-013172] [Server] Received SHUTDOWN from user <via user signal>. Shutting down mysqld (Version: 26.7.0).
jobportaldb  | 2026-08-22T05:55:52.637469Z 0 [System] [MY-010910] [Server] /usr/sbin/mysqld: Shutdown complete (mysqld 26.7.0)  MySQL Community Server - GPL.
jobportaldb  | 2026-08-22T05:55:52.637481Z 0 [System] [MY-015016] [Server] MySQL Server - end.
jobportaldb  | 2026-08-22 05:55:57+00:00 [Note] [Entrypoint]: Entrypoint script for MySQL Server 26.7.0-1.el9 started.
jobportaldb  | 2026-08-22 05:55:57+00:00 [Note] [Entrypoint]: Switching to dedicated user 'mysql'
jobportaldb  | 2026-08-22 05:55:57+00:00 [Note] [Entrypoint]: Entrypoint script for MySQL Server 26.7.0-1.el9 started.
jobportaldb  | '/var/lib/mysql/mysql.sock' -> '/var/run/mysqld/mysqld.sock'
jobportaldb  | 2026-08-22T05:55:57.580973Z 0 [System] [MY-015015] [Server] MySQL Server - start.
jobportaldb  | 2026-08-22T05:55:57.788591Z 0 [System] [MY-010116] [Server] /usr/sbin/mysqld (mysqld 26.7.0) starting as process 1
jobportaldb  | 2026-08-22T05:55:57.788609Z 0 [System] [MY-015603] [Server] MySQL Server has access to 20 logical CPUs.
jobportaldb  | 2026-08-22T05:55:57.788622Z 0 [System] [MY-015603] [Server] MySQL Server has access to 5978767360 bytes of physical memory.
jobportaldb  | 2026-08-22T05:55:57.794540Z 1 [System] [MY-013576] [InnoDB] InnoDB initialization has started.
jobportaldb  | 2026-08-22T05:55:57.962745Z 1 [System] [MY-013577] [InnoDB] InnoDB initialization has ended.
jobportaldb  | 2026-08-22T05:55:58.111839Z 0 [Warning] [MY-010068] [Server] CA certificate ca.pem is self signed.
jobportaldb  | 2026-08-22T05:55:58.111872Z 0 [System] [MY-013602] [Server] Channel mysql_main configured to support TLS. Encrypted connections are now supported for this channel.
jobportaldb  | 2026-08-22T05:55:58.111878Z 0 [Warning] [MY-015696] [Server] TLS channel 'mysql_main' is not configured to require post-quantum key exchange algorithms; future TLS sessions may use a non-post-quantum key exchange algorithm because force_pqc is disabled
jobportaldb  | 2026-08-22T05:55:58.114791Z 0 [Warning] [MY-011810] [Server] Insecure configuration for --pid-file: Location '/var/run/mysqld' in the path is accessible to all OS users. Consider choosing a different directory.
jobportaldb  | 2026-08-22T05:55:58.135574Z 0 [Warning] [MY-015696] [Server] Plugin mysqlx reported: 'TLS channel 'mysqlx' is not configured to require post-quantum key exchange algorithms; future TLS sessions may use a non-post-quantum key exchange algorithm because force_pqc is disabled'
jobportaldb  | 2026-08-22T05:55:58.135710Z 0 [System] [MY-011323] [Server] X Plugin ready for connections. Bind-address: '::' port: 33060, socket: /var/run/mysqld/mysqlx.sock
jobportaldb  | 2026-08-22T05:55:58.135776Z 0 [System] [MY-010931] [Server] /usr/sbin/mysqld: ready for connections. Version: '26.7.0'  socket: '/var/run/mysqld/mysqld.sock'  port: 3306  MySQL Community Server - GPL.
jobportaldb  | 2026-08-22T07:24:37.313205Z 0 [System] [MY-013172] [Server] Received SHUTDOWN from user <via user signal>. Shutting down mysqld (Version: 26.7.0).
jobportaldb  | 2026-08-22T07:24:38.100537Z 0 [System] [MY-010910] [Server] /usr/sbin/mysqld: Shutdown complete (mysqld 26.7.0)  MySQL Community Server - GPL.
jobportaldb  | 2026-08-22T07:24:38.100557Z 0 [System] [MY-015016] [Server] MySQL Server - end.
jobportaldb  | 2026-08-22 07:24:47+00:00 [Note] [Entrypoint]: Entrypoint script for MySQL Server 26.7.0-1.el9 started.
jobportaldb  | 2026-08-22 07:24:48+00:00 [Note] [Entrypoint]: Switching to dedicated user 'mysql'
jobportaldb  | 2026-08-22 07:24:48+00:00 [Note] [Entrypoint]: Entrypoint script for MySQL Server 26.7.0-1.el9 started.
jobportaldb  | '/var/lib/mysql/mysql.sock' -> '/var/run/mysqld/mysqld.sock'
jobportaldb  | 2026-08-22T07:24:48.390100Z 0 [System] [MY-015015] [Server] MySQL Server - start.
jobportaldb  | 2026-08-22T07:24:48.574815Z 0 [System] [MY-010116] [Server] /usr/sbin/mysqld (mysqld 26.7.0) starting as process 1
jobportaldb  | 2026-08-22T07:24:48.574825Z 0 [System] [MY-015603] [Server] MySQL Server has access to 20 logical CPUs.
jobportaldb  | 2026-08-22T07:24:48.574834Z 0 [System] [MY-015603] [Server] MySQL Server has access to 5978767360 bytes of physical memory.
jobportaldb  | 2026-08-22T07:24:48.578849Z 1 [System] [MY-013576] [InnoDB] InnoDB initialization has started.
jobportaldb  | 2026-08-22T07:24:48.775002Z 1 [System] [MY-013577] [InnoDB] InnoDB initialization has ended.
jobportaldb  | 2026-08-22T07:24:48.933515Z 0 [Warning] [MY-010068] [Server] CA certificate ca.pem is self signed.
jobportaldb  | 2026-08-22T07:24:48.933564Z 0 [System] [MY-013602] [Server] Channel mysql_main configured to support TLS. Encrypted connections are now supported for this channel.
jobportaldb  | 2026-08-22T07:24:48.933571Z 0 [Warning] [MY-015696] [Server] TLS channel 'mysql_main' is not configured to require post-quantum key exchange algorithms; future TLS sessions may use a non-post-quantum key exchange algorithm because force_pqc is disabled
jobportaldb  | 2026-08-22T07:24:48.937373Z 0 [Warning] [MY-011810] [Server] Insecure configuration for --pid-file: Location '/var/run/mysqld' in the path is accessible to all OS users. Consider choosing a different directory.
jobportaldb  | 2026-08-22T07:24:48.961389Z 0 [Warning] [MY-015696] [Server] Plugin mysqlx reported: 'TLS channel 'mysqlx' is not configured to require post-quantum key exchange algorithms; future TLS sessions may use a non-post-quantum key exchange algorithm because force_pqc is disabled'
jobportaldb  | 2026-08-22T07:24:48.961561Z 0 [System] [MY-011323] [Server] X Plugin ready for connections. Bind-address: '::' port: 33060, socket: /var/run/mysqld/mysqlx.sock
jobportaldb  | 2026-08-22T07:24:48.961644Z 0 [System] [MY-010931] [Server] /usr/sbin/mysqld: ready for connections. Version: '26.7.0'  socket: '/var/run/mysqld/mysqld.sock'  port: 3306  MySQL Community Server - GPL.
jobportaldb  | 2026-08-22T13:40:18.231440Z 0 [System] [MY-013172] [Server] Received SHUTDOWN from user <via user signal>. Shutting down mysqld (Version: 26.7.0).
jobportaldb  | 2026-08-22T13:40:20.233239Z 0 [Warning] [MY-010909] [Server] /usr/sbin/mysqld: Forcing close of thread 42  user: 'root'.
jobportaldb  | 2026-08-22T13:40:20.233381Z 0 [Warning] [MY-010909] [Server] /usr/sbin/mysqld: Forcing close of thread 43  user: 'root'.
jobportaldb  | 2026-08-22T13:40:21.535251Z 0 [System] [MY-010910] [Server] /usr/sbin/mysqld: Shutdown complete (mysqld 26.7.0)  MySQL Community Server - GPL.
jobportaldb  | 2026-08-22T13:40:21.535265Z 0 [System] [MY-015016] [Server] MySQL Server - end.
jobportaldb  | 2026-08-22 15:59:46+00:00 [Note] [Entrypoint]: Entrypoint script for MySQL Server 26.7.0-1.el9 started.
jobportaldb  | 2026-08-22 15:59:47+00:00 [Note] [Entrypoint]: Switching to dedicated user 'mysql'
jobportaldb  | 2026-08-22 15:59:47+00:00 [Note] [Entrypoint]: Entrypoint script for MySQL Server 26.7.0-1.el9 started.
jobportaldb  | '/var/lib/mysql/mysql.sock' -> '/var/run/mysqld/mysqld.sock'
jobportaldb  | 2026-08-22T15:59:47.496839Z 0 [System] [MY-015015] [Server] MySQL Server - start.
jobportaldb  | 2026-08-22T15:59:47.945812Z 0 [System] [MY-010116] [Server] /usr/sbin/mysqld (mysqld 26.7.0) starting as process 1
jobportaldb  | 2026-08-22T15:59:47.945839Z 0 [System] [MY-015603] [Server] MySQL Server has access to 20 logical CPUs.
jobportaldb  | 2026-08-22T15:59:47.945855Z 0 [System] [MY-015603] [Server] MySQL Server has access to 5978763264 bytes of physical memory.
jobportaldb  | 2026-08-22T15:59:47.971397Z 1 [System] [MY-013576] [InnoDB] InnoDB initialization has started.
jobportaldb  | 2026-08-22T15:59:48.420654Z 1 [System] [MY-013577] [InnoDB] InnoDB initialization has ended.
jobportaldb  | 2026-08-22T15:59:48.664591Z 0 [Warning] [MY-010068] [Server] CA certificate ca.pem is self signed.
jobportaldb  | 2026-08-22T15:59:48.664619Z 0 [System] [MY-013602] [Server] Channel mysql_main configured to support TLS. Encrypted connections are now supported for this channel.
jobportaldb  | 2026-08-22T15:59:48.664625Z 0 [Warning] [MY-015696] [Server] TLS channel 'mysql_main' is not configured to require post-quantum key exchange algorithms; future TLS sessions may use a non-post-quantum key exchange algorithm because force_pqc is disabled
jobportaldb  | 2026-08-22T15:59:48.668160Z 0 [Warning] [MY-011810] [Server] Insecure configuration for --pid-file: Location '/var/run/mysqld' in the path is accessible to all OS users. Consider choosing a different directory.
jobportaldb  | 2026-08-22T15:59:48.686598Z 0 [Warning] [MY-015696] [Server] Plugin mysqlx reported: 'TLS channel 'mysqlx' is not configured to require post-quantum key exchange algorithms; future TLS sessions may use a non-post-quantum key exchange algorithm because force_pqc is disabled'
jobportaldb  | 2026-08-22T15:59:48.686733Z 0 [System] [MY-011323] [Server] X Plugin ready for connections. Bind-address: '::' port: 33060, socket: /var/run/mysqld/mysqlx.sock
jobportaldb  | 2026-08-22T15:59:48.686792Z 0 [System] [MY-010931] [Server] /usr/sbin/mysqld: ready for connections. Version: '26.7.0'  socket: '/var/run/mysqld/mysqld.sock'  port: 3306  MySQL Community Server - GPL.
jobportaldb  | 2026-08-22T18:12:49.795086Z 0 [System] [MY-013172] [Server] Received SHUTDOWN from user <via user signal>. Shutting down mysqld (Version: 26.7.0).
jobportaldb  | 2026-08-22T18:12:51.796529Z 0 [Warning] [MY-010909] [Server] /usr/sbin/mysqld: Forcing close of thread 25  user: 'root'.
jobportaldb  | 2026-08-22T18:12:51.796851Z 0 [Warning] [MY-010909] [Server] /usr/sbin/mysqld: Forcing close of thread 26  user: 'root'.
jobportaldb  | 2026-08-22T18:12:51.797132Z 0 [Warning] [MY-010909] [Server] /usr/sbin/mysqld: Forcing close of thread 27  user: 'root'.
jobportaldb  | 2026-08-22T18:12:51.797462Z 0 [Warning] [MY-010909] [Server] /usr/sbin/mysqld: Forcing close of thread 22  user: 'root'.
jobportaldb  | 2026-08-22T18:12:51.797765Z 0 [Warning] [MY-010909] [Server] /usr/sbin/mysqld: Forcing close of thread 23  user: 'root'.
jobportaldb  | 2026-08-22T18:12:52.832763Z 0 [System] [MY-010910] [Server] /usr/sbin/mysqld: Shutdown complete (mysqld 26.7.0)  MySQL Community Server - GPL.
jobportaldb  | 2026-08-22T18:12:52.832778Z 0 [System] [MY-015016] [Server] MySQL Server - end.
jobportaldb  | 2026-08-22 18:15:23+00:00 [Note] [Entrypoint]: Entrypoint script for MySQL Server 26.7.0-1.el9 started.
jobportaldb  | 2026-08-22 18:15:23+00:00 [Note] [Entrypoint]: Switching to dedicated user 'mysql'
jobportaldb  | 2026-08-22 18:15:23+00:00 [Note] [Entrypoint]: Entrypoint script for MySQL Server 26.7.0-1.el9 started.
jobportaldb  | '/var/lib/mysql/mysql.sock' -> '/var/run/mysqld/mysqld.sock'
jobportaldb  | 2026-08-22T18:15:23.419333Z 0 [System] [MY-015015] [Server] MySQL Server - start.
jobportaldb  | 2026-08-22T18:15:23.593500Z 0 [System] [MY-010116] [Server] /usr/sbin/mysqld (mysqld 26.7.0) starting as process 1
jobportaldb  | 2026-08-22T18:15:23.593511Z 0 [System] [MY-015603] [Server] MySQL Server has access to 20 logical CPUs.
jobportaldb  | 2026-08-22T18:15:23.593520Z 0 [System] [MY-015603] [Server] MySQL Server has access to 5978763264 bytes of physical memory.
jobportaldb  | 2026-08-22T18:15:23.596968Z 1 [System] [MY-013576] [InnoDB] InnoDB initialization has started.
jobportaldb  | 2026-08-22T18:15:23.785408Z 1 [System] [MY-013577] [InnoDB] InnoDB initialization has ended.
jobportaldb  | 2026-08-22T18:15:23.970614Z 0 [Warning] [MY-010068] [Server] CA certificate ca.pem is self signed.
jobportaldb  | 2026-08-22T18:15:23.970649Z 0 [System] [MY-013602] [Server] Channel mysql_main configured to support TLS. Encrypted connections are now supported for this channel.
jobportaldb  | 2026-08-22T18:15:23.970657Z 0 [Warning] [MY-015696] [Server] TLS channel 'mysql_main' is not configured to require post-quantum key exchange algorithms; future TLS sessions may use a non-post-quantum key exchange algorithm because force_pqc is disabled
jobportaldb  | 2026-08-22T18:15:23.974067Z 0 [Warning] [MY-011810] [Server] Insecure configuration for --pid-file: Location '/var/run/mysqld' in the path is accessible to all OS users. Consider choosing a different directory.
jobportaldb  | 2026-08-22T18:15:23.987659Z 0 [Warning] [MY-015696] [Server] Plugin mysqlx reported: 'TLS channel 'mysqlx' is not configured to require post-quantum key exchange algorithms; future TLS sessions may use a non-post-quantum key exchange algorithm because force_pqc is disabled'
jobportaldb  | 2026-08-22T18:15:23.987787Z 0 [System] [MY-011323] [Server] X Plugin ready for connections. Bind-address: '::' port: 33060, socket: /var/run/mysqld/mysqlx.sock
jobportaldb  | 2026-08-22T18:15:23.987810Z 0 [System] [MY-010931] [Server] /usr/sbin/mysqld: ready for connections. Version: '26.7.0'  socket: '/var/run/mysqld/mysqld.sock'  port: 3306  MySQL Community Server - GPL.
jobportaldb  | 2026-08-22T18:15:30.397373Z 0 [System] [MY-013172] [Server] Received SHUTDOWN from user <via user signal>. Shutting down mysqld (Version: 26.7.0).
jobportaldb  | 2026-08-22T18:15:31.404488Z 0 [System] [MY-010910] [Server] /usr/sbin/mysqld: Shutdown complete (mysqld 26.7.0)  MySQL Community Server - GPL.
jobportaldb  | 2026-08-22T18:15:31.404508Z 0 [System] [MY-015016] [Server] MySQL Server - end.
jobportaldb  | 2026-08-23 07:48:23+00:00 [Note] [Entrypoint]: Entrypoint script for MySQL Server 26.7.0-1.el9 started.
jobportaldb  | 2026-08-23 07:48:23+00:00 [Note] [Entrypoint]: Switching to dedicated user 'mysql'
jobportaldb  | 2026-08-23 07:48:23+00:00 [Note] [Entrypoint]: Entrypoint script for MySQL Server 26.7.0-1.el9 started.
jobportaldb  | '/var/lib/mysql/mysql.sock' -> '/var/run/mysqld/mysqld.sock'
jobportaldb  | 2026-08-23T07:48:23.832497Z 0 [System] [MY-015015] [Server] MySQL Server - start.
jobportaldb  | 2026-08-23T07:48:24.134179Z 0 [System] [MY-010116] [Server] /usr/sbin/mysqld (mysqld 26.7.0) starting as process 1
jobportaldb  | 2026-08-23T07:48:24.134191Z 0 [System] [MY-015603] [Server] MySQL Server has access to 20 logical CPUs.
jobportaldb  | 2026-08-23T07:48:24.134201Z 0 [System] [MY-015603] [Server] MySQL Server has access to 5978767360 bytes of physical memory.
jobportaldb  | 2026-08-23T07:48:24.147925Z 1 [System] [MY-013576] [InnoDB] InnoDB initialization has started.
jobportaldb  | 2026-08-23T07:48:24.459861Z 1 [System] [MY-013577] [InnoDB] InnoDB initialization has ended.
jobportaldb  | 2026-08-23T07:48:24.720065Z 0 [Warning] [MY-010068] [Server] CA certificate ca.pem is self signed.
jobportaldb  | 2026-08-23T07:48:24.720104Z 0 [System] [MY-013602] [Server] Channel mysql_main configured to support TLS. Encrypted connections are now supported for this channel.
jobportaldb  | 2026-08-23T07:48:24.720118Z 0 [Warning] [MY-015696] [Server] TLS channel 'mysql_main' is not configured to require post-quantum key exchange algorithms; future TLS sessions may use a non-post-quantum key exchange algorithm because force_pqc is disabled
jobportaldb  | 2026-08-23T07:48:24.724685Z 0 [Warning] [MY-011810] [Server] Insecure configuration for --pid-file: Location '/var/run/mysqld' in the path is accessible to all OS users. Consider choosing a different directory.
jobportaldb  | 2026-08-23T07:48:24.753239Z 0 [Warning] [MY-015696] [Server] Plugin mysqlx reported: 'TLS channel 'mysqlx' is not configured to require post-quantum key exchange algorithms; future TLS sessions may use a non-post-quantum key exchange algorithm because force_pqc is disabled'
jobportaldb  | 2026-08-23T07:48:24.753380Z 0 [System] [MY-011323] [Server] X Plugin ready for connections. Bind-address: '::' port: 33060, socket: /var/run/mysqld/mysqlx.sock
jobportaldb  | 2026-08-23T07:48:24.753475Z 0 [System] [MY-010931] [Server] /usr/sbin/mysqld: ready for connections. Version: '26.7.0'  socket: '/var/run/mysqld/mysqld.sock'  port: 3306  MySQL Community Server - GPL.
jobportaldb  | 2026-08-23T07:52:40.540595Z 0 [System] [MY-013172] [Server] Received SHUTDOWN from user <via user signal>. Shutting down mysqld (Version: 26.7.0).
jobportaldb  | 2026-08-23T07:52:41.193228Z 0 [System] [MY-010910] [Server] /usr/sbin/mysqld: Shutdown complete (mysqld 26.7.0)  MySQL Community Server - GPL.
jobportaldb  | 2026-08-23T07:52:41.193246Z 0 [System] [MY-015016] [Server] MySQL Server - end.
jobportaldb  | 2026-08-23 07:52:48+00:00 [Note] [Entrypoint]: Entrypoint script for MySQL Server 26.7.0-1.el9 started.
jobportaldb  | 2026-08-23 07:52:48+00:00 [Note] [Entrypoint]: Switching to dedicated user 'mysql'
jobportaldb  | 2026-08-23 07:52:48+00:00 [Note] [Entrypoint]: Entrypoint script for MySQL Server 26.7.0-1.el9 started.
jobportaldb  | '/var/lib/mysql/mysql.sock' -> '/var/run/mysqld/mysqld.sock'
jobportaldb  | 2026-08-23T07:52:49.098314Z 0 [System] [MY-015015] [Server] MySQL Server - start.
jobportaldb  | 2026-08-23T07:52:49.320746Z 0 [System] [MY-010116] [Server] /usr/sbin/mysqld (mysqld 26.7.0) starting as process 1
jobportaldb  | 2026-08-23T07:52:49.320762Z 0 [System] [MY-015603] [Server] MySQL Server has access to 20 logical CPUs.
jobportaldb  | 2026-08-23T07:52:49.320774Z 0 [System] [MY-015603] [Server] MySQL Server has access to 5978767360 bytes of physical memory.
jobportaldb  | 2026-08-23T07:52:49.326707Z 1 [System] [MY-013576] [InnoDB] InnoDB initialization has started.
jobportaldb  | 2026-08-23T07:52:49.612571Z 1 [System] [MY-013577] [InnoDB] InnoDB initialization has ended.
jobportaldb  | 2026-08-23T07:52:49.769903Z 0 [Warning] [MY-010068] [Server] CA certificate ca.pem is self signed.
jobportaldb  | 2026-08-23T07:52:49.769935Z 0 [System] [MY-013602] [Server] Channel mysql_main configured to support TLS. Encrypted connections are now supported for this channel.
jobportaldb  | 2026-08-23T07:52:49.769943Z 0 [Warning] [MY-015696] [Server] TLS channel 'mysql_main' is not configured to require post-quantum key exchange algorithms; future TLS sessions may use a non-post-quantum key exchange algorithm because force_pqc is disabled
jobportaldb  | 2026-08-23T07:52:49.773257Z 0 [Warning] [MY-011810] [Server] Insecure configuration for --pid-file: Location '/var/run/mysqld' in the path is accessible to all OS users. Consider choosing a different directory.
jobportaldb  | 2026-08-23T07:52:49.801134Z 0 [Warning] [MY-015696] [Server] Plugin mysqlx reported: 'TLS channel 'mysqlx' is not configured to require post-quantum key exchange algorithms; future TLS sessions may use a non-post-quantum key exchange algorithm because force_pqc is disabled'
jobportaldb  | 2026-08-23T07:52:49.801274Z 0 [System] [MY-011323] [Server] X Plugin ready for connections. Bind-address: '::' port: 33060, socket: /var/run/mysqld/mysqlx.sock
jobportaldb  | 2026-08-23T07:52:49.801363Z 0 [System] [MY-010931] [Server] /usr/sbin/mysqld: ready for connections. Version: '26.7.0'  socket: '/var/run/mysqld/mysqld.sock'  port: 3306  MySQL Community Server - GPL.
jobportaldb  | 2026-08-23T07:54:45.424471Z 0 [System] [MY-013172] [Server] Received SHUTDOWN from user <via user signal>. Shutting down mysqld (Version: 26.7.0).
jobportaldb  | 2026-08-23T07:54:46.285325Z 0 [System] [MY-010910] [Server] /usr/sbin/mysqld: Shutdown complete (mysqld 26.7.0)  MySQL Community Server - GPL.
jobportaldb  | 2026-08-23T07:54:46.285345Z 0 [System] [MY-015016] [Server] MySQL Server - end.
jobportaldb  | 2026-08-23 07:54:53+00:00 [Note] [Entrypoint]: Entrypoint script for MySQL Server 26.7.0-1.el9 started.
jobportaldb  | 2026-08-23 07:54:53+00:00 [Note] [Entrypoint]: Switching to dedicated user 'mysql'
jobportaldb  | 2026-08-23 07:54:53+00:00 [Note] [Entrypoint]: Entrypoint script for MySQL Server 26.7.0-1.el9 started.
jobportaldb  | '/var/lib/mysql/mysql.sock' -> '/var/run/mysqld/mysqld.sock'
jobportaldb  | 2026-08-23T07:54:53.463800Z 0 [System] [MY-015015] [Server] MySQL Server - start.
jobportaldb  | 2026-08-23T07:54:53.675429Z 0 [System] [MY-010116] [Server] /usr/sbin/mysqld (mysqld 26.7.0) starting as process 1
jobportaldb  | 2026-08-23T07:54:53.675453Z 0 [System] [MY-015603] [Server] MySQL Server has access to 20 logical CPUs.
jobportaldb  | 2026-08-23T07:54:53.675465Z 0 [System] [MY-015603] [Server] MySQL Server has access to 5978767360 bytes of physical memory.
jobportaldb  | 2026-08-23T07:54:53.681527Z 1 [System] [MY-013576] [InnoDB] InnoDB initialization has started.
jobportaldb  | 2026-08-23T07:54:53.915489Z 1 [System] [MY-013577] [InnoDB] InnoDB initialization has ended.
jobportaldb  | 2026-08-23T07:54:54.041111Z 0 [Warning] [MY-010068] [Server] CA certificate ca.pem is self signed.
jobportaldb  | 2026-08-23T07:54:54.041142Z 0 [System] [MY-013602] [Server] Channel mysql_main configured to support TLS. Encrypted connections are now supported for this channel.
jobportaldb  | 2026-08-23T07:54:54.041149Z 0 [Warning] [MY-015696] [Server] TLS channel 'mysql_main' is not configured to require post-quantum key exchange algorithms; future TLS sessions may use a non-post-quantum key exchange algorithm because force_pqc is disabled
jobportaldb  | 2026-08-23T07:54:54.045102Z 0 [Warning] [MY-011810] [Server] Insecure configuration for --pid-file: Location '/var/run/mysqld' in the path is accessible to all OS users. Consider choosing a different directory.
jobportaldb  | 2026-08-23T07:54:54.074721Z 0 [Warning] [MY-015696] [Server] Plugin mysqlx reported: 'TLS channel 'mysqlx' is not configured to require post-quantum key exchange algorithms; future TLS sessions may use a non-post-quantum key exchange algorithm because force_pqc is disabled'
jobportaldb  | 2026-08-23T07:54:54.074873Z 0 [System] [MY-011323] [Server] X Plugin ready for connections. Bind-address: '::' port: 33060, socket: /var/run/mysqld/mysqlx.sock
jobportaldb  | 2026-08-23T07:54:54.074930Z 0 [System] [MY-010931] [Server] /usr/sbin/mysqld: ready for connections. Version: '26.7.0'  socket: '/var/run/mysqld/mysqld.sock'  port: 3306  MySQL Community Server - GPL.
jobportaldb  | 2026-08-23T07:56:35.956564Z 0 [System] [MY-013172] [Server] Received SHUTDOWN from user <via user signal>. Shutting down mysqld (Version: 26.7.0).
jobportaldb  | 2026-08-23T07:56:36.564858Z 0 [System] [MY-010910] [Server] /usr/sbin/mysqld: Shutdown complete (mysqld 26.7.0)  MySQL Community Server - GPL.
jobportaldb  | 2026-08-23T07:56:36.564878Z 0 [System] [MY-015016] [Server] MySQL Server - end.
jobportaldb  | 2026-08-23 07:57:17+00:00 [Note] [Entrypoint]: Entrypoint script for MySQL Server 26.7.0-1.el9 started.
jobportaldb  | 2026-08-23 07:57:17+00:00 [Note] [Entrypoint]: Switching to dedicated user 'mysql'
jobportaldb  | 2026-08-23 07:57:17+00:00 [Note] [Entrypoint]: Entrypoint script for MySQL Server 26.7.0-1.el9 started.
jobportaldb  | '/var/lib/mysql/mysql.sock' -> '/var/run/mysqld/mysqld.sock'
jobportaldb  | 2026-08-23T07:57:18.104434Z 0 [System] [MY-015015] [Server] MySQL Server - start.
jobportaldb  | 2026-08-23T07:57:18.312999Z 0 [System] [MY-010116] [Server] /usr/sbin/mysqld (mysqld 26.7.0) starting as process 1
jobportaldb  | 2026-08-23T07:57:18.313024Z 0 [System] [MY-015603] [Server] MySQL Server has access to 20 logical CPUs.
jobportaldb  | 2026-08-23T07:57:18.313037Z 0 [System] [MY-015603] [Server] MySQL Server has access to 5978767360 bytes of physical memory.
jobportaldb  | 2026-08-23T07:57:18.319159Z 1 [System] [MY-013576] [InnoDB] InnoDB initialization has started.
jobportaldb  | 2026-08-23T07:57:18.574106Z 1 [System] [MY-013577] [InnoDB] InnoDB initialization has ended.
jobportaldb  | 2026-08-23T07:57:18.697901Z 0 [Warning] [MY-010068] [Server] CA certificate ca.pem is self signed.
jobportaldb  | 2026-08-23T07:57:18.697935Z 0 [System] [MY-013602] [Server] Channel mysql_main configured to support TLS. Encrypted connections are now supported for this channel.
jobportaldb  | 2026-08-23T07:57:18.697942Z 0 [Warning] [MY-015696] [Server] TLS channel 'mysql_main' is not configured to require post-quantum key exchange algorithms; future TLS sessions may use a non-post-quantum key exchange algorithm because force_pqc is disabled
jobportaldb  | 2026-08-23T07:57:18.702444Z 0 [Warning] [MY-011810] [Server] Insecure configuration for --pid-file: Location '/var/run/mysqld' in the path is accessible to all OS users. Consider choosing a different directory.
jobportaldb  | 2026-08-23T07:57:18.727629Z 0 [Warning] [MY-015696] [Server] Plugin mysqlx reported: 'TLS channel 'mysqlx' is not configured to require post-quantum key exchange algorithms; future TLS sessions may use a non-post-quantum key exchange algorithm because force_pqc is disabled'
jobportaldb  | 2026-08-23T07:57:18.727777Z 0 [System] [MY-011323] [Server] X Plugin ready for connections. Bind-address: '::' port: 33060, socket: /var/run/mysqld/mysqlx.sock
jobportaldb  | 2026-08-23T07:57:18.727878Z 0 [System] [MY-010931] [Server] /usr/sbin/mysqld: ready for connections. Version: '26.7.0'  socket: '/var/run/mysqld/mysqld.sock'  port: 3306  MySQL Community Server - GPL.
jobportaldb  | 2026-08-23T07:57:23.038926Z 0 [System] [MY-013172] [Server] Received SHUTDOWN from user <via user signal>. Shutting down mysqld (Version: 26.7.0).
jobportaldb  | 2026-08-23T07:57:24.170006Z 0 [System] [MY-010910] [Server] /usr/sbin/mysqld: Shutdown complete (mysqld 26.7.0)  MySQL Community Server - GPL.
jobportaldb  | 2026-08-23T07:57:24.170028Z 0 [System] [MY-015016] [Server] MySQL Server - end.
jobportaldb  | 2026-08-23 07:59:19+00:00 [Note] [Entrypoint]: Entrypoint script for MySQL Server 26.7.0-1.el9 started.
jobportaldb  | 2026-08-23 07:59:20+00:00 [Note] [Entrypoint]: Switching to dedicated user 'mysql'
jobportaldb  | 2026-08-23 07:59:20+00:00 [Note] [Entrypoint]: Entrypoint script for MySQL Server 26.7.0-1.el9 started.
jobportaldb  | '/var/lib/mysql/mysql.sock' -> '/var/run/mysqld/mysqld.sock'
jobportaldb  | 2026-08-23T07:59:20.312640Z 0 [System] [MY-015015] [Server] MySQL Server - start.
jobportaldb  | 2026-08-23T07:59:20.488861Z 0 [System] [MY-010116] [Server] /usr/sbin/mysqld (mysqld 26.7.0) starting as process 1
jobportaldb  | 2026-08-23T07:59:20.488870Z 0 [System] [MY-015603] [Server] MySQL Server has access to 20 logical CPUs.
jobportaldb  | 2026-08-23T07:59:20.488879Z 0 [System] [MY-015603] [Server] MySQL Server has access to 5978767360 bytes of physical memory.
jobportaldb  | 2026-08-23T07:59:20.492477Z 1 [System] [MY-013576] [InnoDB] InnoDB initialization has started.
jobportaldb  | 2026-08-23T07:59:20.729254Z 1 [System] [MY-013577] [InnoDB] InnoDB initialization has ended.
jobportaldb  | 2026-08-23T07:59:20.938155Z 0 [Warning] [MY-010068] [Server] CA certificate ca.pem is self signed.
jobportaldb  | 2026-08-23T07:59:20.938193Z 0 [System] [MY-013602] [Server] Channel mysql_main configured to support TLS. Encrypted connections are now supported for this channel.
jobportaldb  | 2026-08-23T07:59:20.938201Z 0 [Warning] [MY-015696] [Server] TLS channel 'mysql_main' is not configured to require post-quantum key exchange algorithms; future TLS sessions may use a non-post-quantum key exchange algorithm because force_pqc is disabled
jobportaldb  | 2026-08-23T07:59:20.941323Z 0 [Warning] [MY-011810] [Server] Insecure configuration for --pid-file: Location '/var/run/mysqld' in the path is accessible to all OS users. Consider choosing a different directory.
jobportaldb  | 2026-08-23T07:59:20.967962Z 0 [Warning] [MY-015696] [Server] Plugin mysqlx reported: 'TLS channel 'mysqlx' is not configured to require post-quantum key exchange algorithms; future TLS sessions may use a non-post-quantum key exchange algorithm because force_pqc is disabled'
jobportaldb  | 2026-08-23T07:59:20.968134Z 0 [System] [MY-011323] [Server] X Plugin ready for connections. Bind-address: '::' port: 33060, socket: /var/run/mysqld/mysqlx.sock
jobportaldb  | 2026-08-23T07:59:20.968216Z 0 [System] [MY-010931] [Server] /usr/sbin/mysqld: ready for connections. Version: '26.7.0'  socket: '/var/run/mysqld/mysqld.sock'  port: 3306  MySQL Community Server - GPL.
jobportaldb  | 2026-08-23T07:59:24.942525Z 0 [System] [MY-013172] [Server] Received SHUTDOWN from user <via user signal>. Shutting down mysqld (Version: 26.7.0).
jobportaldb  | 2026-08-23T07:59:26.369724Z 0 [System] [MY-010910] [Server] /usr/sbin/mysqld: Shutdown complete (mysqld 26.7.0)  MySQL Community Server - GPL.
jobportaldb  | 2026-08-23T07:59:26.369743Z 0 [System] [MY-015016] [Server] MySQL Server - end.
jobportaldb  | 2026-08-23 08:00:01+00:00 [Note] [Entrypoint]: Entrypoint script for MySQL Server 26.7.0-1.el9 started.
jobportaldb  | 2026-08-23 08:00:01+00:00 [Note] [Entrypoint]: Switching to dedicated user 'mysql'
jobportaldb  | 2026-08-23 08:00:01+00:00 [Note] [Entrypoint]: Entrypoint script for MySQL Server 26.7.0-1.el9 started.
jobportaldb  | '/var/lib/mysql/mysql.sock' -> '/var/run/mysqld/mysqld.sock'
jobportaldb  | 2026-08-23T08:00:01.569782Z 0 [System] [MY-015015] [Server] MySQL Server - start.
jobportaldb  | 2026-08-23T08:00:01.776178Z 0 [System] [MY-010116] [Server] /usr/sbin/mysqld (mysqld 26.7.0) starting as process 1
jobportaldb  | 2026-08-23T08:00:01.776213Z 0 [System] [MY-015603] [Server] MySQL Server has access to 20 logical CPUs.
jobportaldb  | 2026-08-23T08:00:01.776236Z 0 [System] [MY-015603] [Server] MySQL Server has access to 5978767360 bytes of physical memory.
jobportaldb  | 2026-08-23T08:00:01.782330Z 1 [System] [MY-013576] [InnoDB] InnoDB initialization has started.
jobportaldb  | 2026-08-23T08:00:02.049715Z 1 [System] [MY-013577] [InnoDB] InnoDB initialization has ended.
jobportaldb  | 2026-08-23T08:00:02.261823Z 0 [Warning] [MY-010068] [Server] CA certificate ca.pem is self signed.
jobportaldb  | 2026-08-23T08:00:02.261881Z 0 [System] [MY-013602] [Server] Channel mysql_main configured to support TLS. Encrypted connections are now supported for this channel.
jobportaldb  | 2026-08-23T08:00:02.261895Z 0 [Warning] [MY-015696] [Server] TLS channel 'mysql_main' is not configured to require post-quantum key exchange algorithms; future TLS sessions may use a non-post-quantum key exchange algorithm because force_pqc is disabled
jobportaldb  | 2026-08-23T08:00:02.265835Z 0 [Warning] [MY-011810] [Server] Insecure configuration for --pid-file: Location '/var/run/mysqld' in the path is accessible to all OS users. Consider choosing a different directory.
jobportaldb  | 2026-08-23T08:00:02.291993Z 0 [Warning] [MY-015696] [Server] Plugin mysqlx reported: 'TLS channel 'mysqlx' is not configured to require post-quantum key exchange algorithms; future TLS sessions may use a non-post-quantum key exchange algorithm because force_pqc is disabled'
jobportaldb  | 2026-08-23T08:00:02.292165Z 0 [System] [MY-011323] [Server] X Plugin ready for connections. Bind-address: '::' port: 33060, socket: /var/run/mysqld/mysqlx.sock
jobportaldb  | 2026-08-23T08:00:02.292237Z 0 [System] [MY-010931] [Server] /usr/sbin/mysqld: ready for connections. Version: '26.7.0'  socket: '/var/run/mysqld/mysqld.sock'  port: 3306  MySQL Community Server - GPL.
jobportaldb  | 2026-08-23 08:11:11+00:00 [Note] [Entrypoint]: Entrypoint script for MySQL Server 26.7.0-1.el9 started.
jobportaldb  | 2026-08-23 08:11:11+00:00 [Note] [Entrypoint]: Switching to dedicated user 'mysql'
jobportaldb  | 2026-08-23 08:11:11+00:00 [Note] [Entrypoint]: Entrypoint script for MySQL Server 26.7.0-1.el9 started.
jobportaldb  | '/var/lib/mysql/mysql.sock' -> '/var/run/mysqld/mysqld.sock'
jobportaldb  | 2026-08-23T08:11:12.375403Z 0 [System] [MY-015015] [Server] MySQL Server - start.
jobportaldb  | 2026-08-23T08:11:13.131011Z 0 [System] [MY-010116] [Server] /usr/sbin/mysqld (mysqld 26.7.0) starting as process 1
jobportaldb  | 2026-08-23T08:11:13.131065Z 0 [System] [MY-015603] [Server] MySQL Server has access to 20 logical CPUs.
jobportaldb  | 2026-08-23T08:11:13.131093Z 0 [System] [MY-015603] [Server] MySQL Server has access to 5978783744 bytes of physical memory.
jobportaldb  | 2026-08-23T08:11:13.160547Z 1 [System] [MY-013576] [InnoDB] InnoDB initialization has started.
jobportaldb  | 2026-08-23T08:11:14.136786Z 1 [System] [MY-013577] [InnoDB] InnoDB initialization has ended.
jobportaldb  | 2026-08-23T08:11:14.489703Z 0 [System] [MY-010229] [Server] Starting XA crash recovery...
jobportaldb  | 2026-08-23T08:11:14.535176Z 0 [System] [MY-010232] [Server] XA crash recovery finished.
jobportaldb  | 2026-08-23T08:11:14.637526Z 0 [Warning] [MY-010068] [Server] CA certificate ca.pem is self signed.
jobportaldb  | 2026-08-23T08:11:14.637571Z 0 [System] [MY-013602] [Server] Channel mysql_main configured to support TLS. Encrypted connections are now supported for this channel.
jobportaldb  | 2026-08-23T08:11:14.637583Z 0 [Warning] [MY-015696] [Server] TLS channel 'mysql_main' is not configured to require post-quantum key exchange algorithms; future TLS sessions may use a non-post-quantum key exchange algorithm because force_pqc is disabled
jobportaldb  | 2026-08-23T08:11:14.642637Z 0 [Warning] [MY-011810] [Server] Insecure configuration for --pid-file: Location '/var/run/mysqld' in the path is accessible to all OS users. Consider choosing a different directory.
jobportaldb  | 2026-08-23T08:11:14.686675Z 0 [Warning] [MY-015696] [Server] Plugin mysqlx reported: 'TLS channel 'mysqlx' is not configured to require post-quantum key exchange algorithms; future TLS sessions may use a non-post-quantum key exchange algorithm because force_pqc is disabled'
jobportaldb  | 2026-08-23T08:11:14.686902Z 0 [System] [MY-010931] [Server] /usr/sbin/mysqld: ready for connections. Version: '26.7.0'  socket: '/var/run/mysqld/mysqld.sock'  port: 3306  MySQL Community Server - GPL.
jobportaldb  | 2026-08-23T08:11:14.686980Z 0 [System] [MY-011323] [Server] X Plugin ready for connections. Bind-address: '::' port: 33060, socket: /var/run/mysqld/mysqlx.sock
jobportaldb  | 2026-08-23T08:32:51.249497Z 0 [System] [MY-013172] [Server] Received SHUTDOWN from user <via user signal>. Shutting down mysqld (Version: 26.7.0).
jobportaldb  | 2026-08-23T08:32:53.253050Z 0 [Warning] [MY-010909] [Server] /usr/sbin/mysqld: Forcing close of thread 21  user: 'root'.
jobportaldb  | 2026-08-23T08:32:53.253496Z 0 [Warning] [MY-010909] [Server] /usr/sbin/mysqld: Forcing close of thread 22  user: 'root'.
jobportaldb  | 2026-08-23T08:32:54.325942Z 0 [System] [MY-010910] [Server] /usr/sbin/mysqld: Shutdown complete (mysqld 26.7.0)  MySQL Community Server - GPL.
jobportaldb  | 2026-08-23T08:32:54.325997Z 0 [System] [MY-015016] [Server] MySQL Server - end.
jobportaldb  | 2026-08-23 08:34:13+00:00 [Note] [Entrypoint]: Entrypoint script for MySQL Server 26.7.0-1.el9 started.
jobportaldb  | 2026-08-23 08:34:14+00:00 [Note] [Entrypoint]: Switching to dedicated user 'mysql'
jobportaldb  | 2026-08-23 08:34:14+00:00 [Note] [Entrypoint]: Entrypoint script for MySQL Server 26.7.0-1.el9 started.
jobportaldb  | '/var/lib/mysql/mysql.sock' -> '/var/run/mysqld/mysqld.sock'
jobportaldb  | 2026-08-23T08:34:14.697175Z 0 [System] [MY-015015] [Server] MySQL Server - start.
jobportaldb  | 2026-08-23T08:34:14.993571Z 0 [System] [MY-010116] [Server] /usr/sbin/mysqld (mysqld 26.7.0) starting as process 1
jobportaldb  | 2026-08-23T08:34:14.993601Z 0 [System] [MY-015603] [Server] MySQL Server has access to 20 logical CPUs.
jobportaldb  | 2026-08-23T08:34:14.993619Z 0 [System] [MY-015603] [Server] MySQL Server has access to 5978783744 bytes of physical memory.
jobportaldb  | 2026-08-23T08:34:15.004110Z 1 [System] [MY-013576] [InnoDB] InnoDB initialization has started.
jobportaldb  | 2026-08-23T08:34:15.556266Z 1 [System] [MY-013577] [InnoDB] InnoDB initialization has ended.
jobportaldb  | 2026-08-23T08:34:15.919036Z 0 [Warning] [MY-010068] [Server] CA certificate ca.pem is self signed.
jobportaldb  | 2026-08-23T08:34:15.919085Z 0 [System] [MY-013602] [Server] Channel mysql_main configured to support TLS. Encrypted connections are now supported for this channel.
jobportaldb  | 2026-08-23T08:34:15.919095Z 0 [Warning] [MY-015696] [Server] TLS channel 'mysql_main' is not configured to require post-quantum key exchange algorithms; future TLS sessions may use a non-post-quantum key exchange algorithm because force_pqc is disabled
jobportaldb  | 2026-08-23T08:34:15.924143Z 0 [Warning] [MY-011810] [Server] Insecure configuration for --pid-file: Location '/var/run/mysqld' in the path is accessible to all OS users. Consider choosing a different directory.
jobportaldb  | 2026-08-23T08:34:15.983505Z 0 [Warning] [MY-015696] [Server] Plugin mysqlx reported: 'TLS channel 'mysqlx' is not configured to require post-quantum key exchange algorithms; future TLS sessions may use a non-post-quantum key exchange algorithm because force_pqc is disabled'
jobportaldb  | 2026-08-23T08:34:15.983738Z 0 [System] [MY-010931] [Server] /usr/sbin/mysqld: ready for connections. Version: '26.7.0'  socket: '/var/run/mysqld/mysqld.sock'  port: 3306  MySQL Community Server - GPL.
jobportaldb  | 2026-08-23T08:34:15.983819Z 0 [System] [MY-011323] [Server] X Plugin ready for connections. Bind-address: '::' port: 33060, socket: /var/run/mysqld/mysqlx.sock
jobportaldb  | 2026-08-23T08:36:25.751884Z 0 [System] [MY-013172] [Server] Received SHUTDOWN from user <via user signal>. Shutting down mysqld (Version: 26.7.0).
jobportaldb  | 2026-08-23T08:36:27.754873Z 0 [Warning] [MY-010909] [Server] /usr/sbin/mysqld: Forcing close of thread 21  user: 'root'.
jobportaldb  | 2026-08-23T08:36:27.755421Z 0 [Warning] [MY-010909] [Server] /usr/sbin/mysqld: Forcing close of thread 22  user: 'root'.
jobportaldb  | 2026-08-23T08:36:28.343037Z 0 [System] [MY-010910] [Server] /usr/sbin/mysqld: Shutdown complete (mysqld 26.7.0)  MySQL Community Server - GPL.
jobportaldb  | 2026-08-23T08:36:28.343069Z 0 [System] [MY-015016] [Server] MySQL Server - end.
jobportaldb  | 2026-08-23 08:36:31+00:00 [Note] [Entrypoint]: Entrypoint script for MySQL Server 26.7.0-1.el9 started.
jobportaldb  | 2026-08-23 08:36:32+00:00 [Note] [Entrypoint]: Switching to dedicated user 'mysql'
jobportaldb  | 2026-08-23 08:36:32+00:00 [Note] [Entrypoint]: Entrypoint script for MySQL Server 26.7.0-1.el9 started.
jobportaldb  | '/var/lib/mysql/mysql.sock' -> '/var/run/mysqld/mysqld.sock'
jobportaldb  | 2026-08-23T08:36:32.697697Z 0 [System] [MY-015015] [Server] MySQL Server - start.
jobportaldb  | 2026-08-23T08:36:32.976470Z 0 [System] [MY-010116] [Server] /usr/sbin/mysqld (mysqld 26.7.0) starting as process 1
jobportaldb  | 2026-08-23T08:36:32.976512Z 0 [System] [MY-015603] [Server] MySQL Server has access to 20 logical CPUs.
jobportaldb  | 2026-08-23T08:36:32.976540Z 0 [System] [MY-015603] [Server] MySQL Server has access to 5978783744 bytes of physical memory.
jobportaldb  | 2026-08-23T08:36:32.987263Z 1 [System] [MY-013576] [InnoDB] InnoDB initialization has started.
jobportaldb  | 2026-08-23T08:36:33.254933Z 1 [System] [MY-013577] [InnoDB] InnoDB initialization has ended.
jobportaldb  | 2026-08-23T08:36:33.555107Z 0 [Warning] [MY-010068] [Server] CA certificate ca.pem is self signed.
jobportaldb  | 2026-08-23T08:36:33.555144Z 0 [System] [MY-013602] [Server] Channel mysql_main configured to support TLS. Encrypted connections are now supported for this channel.
jobportaldb  | 2026-08-23T08:36:33.555152Z 0 [Warning] [MY-015696] [Server] TLS channel 'mysql_main' is not configured to require post-quantum key exchange algorithms; future TLS sessions may use a non-post-quantum key exchange algorithm because force_pqc is disabled
jobportaldb  | 2026-08-23T08:36:33.559426Z 0 [Warning] [MY-011810] [Server] Insecure configuration for --pid-file: Location '/var/run/mysqld' in the path is accessible to all OS users. Consider choosing a different directory.
jobportaldb  | 2026-08-23T08:36:33.593725Z 0 [Warning] [MY-015696] [Server] Plugin mysqlx reported: 'TLS channel 'mysqlx' is not configured to require post-quantum key exchange algorithms; future TLS sessions may use a non-post-quantum key exchange algorithm because force_pqc is disabled'
jobportaldb  | 2026-08-23T08:36:33.593905Z 0 [System] [MY-011323] [Server] X Plugin ready for connections. Bind-address: '::' port: 33060, socket: /var/run/mysqld/mysqlx.sock
jobportaldb  | 2026-08-23T08:36:33.593982Z 0 [System] [MY-010931] [Server] /usr/sbin/mysqld: ready for connections. Version: '26.7.0'  socket: '/var/run/mysqld/mysqld.sock'  port: 3306  MySQL Community Server - GPL.
jobportaldb  | 2026-08-23T08:37:27.733174Z 0 [System] [MY-013172] [Server] Received SHUTDOWN from user <via user signal>. Shutting down mysqld (Version: 26.7.0).
jobportaldb  | 2026-08-23T08:37:28.966405Z 0 [System] [MY-010910] [Server] /usr/sbin/mysqld: Shutdown complete (mysqld 26.7.0)  MySQL Community Server - GPL.
jobportaldb  | 2026-08-23T08:37:28.966442Z 0 [System] [MY-015016] [Server] MySQL Server - end.
jobportaldb  | 2026-08-23 08:37:36+00:00 [Note] [Entrypoint]: Entrypoint script for MySQL Server 26.7.0-1.el9 started.
jobportaldb  | 2026-08-23 08:37:36+00:00 [Note] [Entrypoint]: Switching to dedicated user 'mysql'
jobportaldb  | 2026-08-23 08:37:36+00:00 [Note] [Entrypoint]: Entrypoint script for MySQL Server 26.7.0-1.el9 started.
jobportaldb  | '/var/lib/mysql/mysql.sock' -> '/var/run/mysqld/mysqld.sock'
jobportaldb  | 2026-08-23T08:37:37.094588Z 0 [System] [MY-015015] [Server] MySQL Server - start.
jobportaldb  | 2026-08-23T08:37:37.324525Z 0 [System] [MY-010116] [Server] /usr/sbin/mysqld (mysqld 26.7.0) starting as process 1
jobportaldb  | 2026-08-23T08:37:37.324571Z 0 [System] [MY-015603] [Server] MySQL Server has access to 20 logical CPUs.
jobportaldb  | 2026-08-23T08:37:37.324590Z 0 [System] [MY-015603] [Server] MySQL Server has access to 5978783744 bytes of physical memory.
jobportaldb  | 2026-08-23T08:37:37.335622Z 1 [System] [MY-013576] [InnoDB] InnoDB initialization has started.
jobportaldb  | 2026-08-23T08:37:37.647393Z 1 [System] [MY-013577] [InnoDB] InnoDB initialization has ended.
jobportaldb  | 2026-08-23T08:37:37.973797Z 0 [Warning] [MY-010068] [Server] CA certificate ca.pem is self signed.
jobportaldb  | 2026-08-23T08:37:37.973877Z 0 [System] [MY-013602] [Server] Channel mysql_main configured to support TLS. Encrypted connections are now supported for this channel.
jobportaldb  | 2026-08-23T08:37:37.973892Z 0 [Warning] [MY-015696] [Server] TLS channel 'mysql_main' is not configured to require post-quantum key exchange algorithms; future TLS sessions may use a non-post-quantum key exchange algorithm because force_pqc is disabled
jobportaldb  | 2026-08-23T08:37:37.982645Z 0 [Warning] [MY-011810] [Server] Insecure configuration for --pid-file: Location '/var/run/mysqld' in the path is accessible to all OS users. Consider choosing a different directory.
jobportaldb  | 2026-08-23T08:37:38.030296Z 0 [Warning] [MY-015696] [Server] Plugin mysqlx reported: 'TLS channel 'mysqlx' is not configured to require post-quantum key exchange algorithms; future TLS sessions may use a non-post-quantum key exchange algorithm because force_pqc is disabled'
jobportaldb  | 2026-08-23T08:37:38.030516Z 0 [System] [MY-010931] [Server] /usr/sbin/mysqld: ready for connections. Version: '26.7.0'  socket: '/var/run/mysqld/mysqld.sock'  port: 3306  MySQL Community Server - GPL.
jobportaldb  | 2026-08-23T08:37:38.030582Z 0 [System] [MY-011323] [Server] X Plugin ready for connections. Bind-address: '::' port: 33060, socket: /var/run/mysqld/mysqlx.sock
jobportaldb  | 2026-08-23T08:40:26.952847Z 0 [System] [MY-013172] [Server] Received SHUTDOWN from user <via user signal>. Shutting down mysqld (Version: 26.7.0).
jobportaldb  | 2026-08-23T08:40:28.430236Z 0 [System] [MY-010910] [Server] /usr/sbin/mysqld: Shutdown complete (mysqld 26.7.0)  MySQL Community Server - GPL.
jobportaldb  | 2026-08-23T08:40:28.430262Z 0 [System] [MY-015016] [Server] MySQL Server - end.
jobportaldb  | 2026-08-23 08:40:36+00:00 [Note] [Entrypoint]: Entrypoint script for MySQL Server 26.7.0-1.el9 started.
jobportaldb  | 2026-08-23 08:40:37+00:00 [Note] [Entrypoint]: Switching to dedicated user 'mysql'
jobportaldb  | 2026-08-23 08:40:37+00:00 [Note] [Entrypoint]: Entrypoint script for MySQL Server 26.7.0-1.el9 started.
jobportaldb  | '/var/lib/mysql/mysql.sock' -> '/var/run/mysqld/mysqld.sock'
jobportaldb  | 2026-08-23T08:40:37.522481Z 0 [System] [MY-015015] [Server] MySQL Server - start.
jobportaldb  | 2026-08-23T08:40:37.738322Z 0 [System] [MY-010116] [Server] /usr/sbin/mysqld (mysqld 26.7.0) starting as process 1
jobportaldb  | 2026-08-23T08:40:37.738336Z 0 [System] [MY-015603] [Server] MySQL Server has access to 20 logical CPUs.
jobportaldb  | 2026-08-23T08:40:37.738350Z 0 [System] [MY-015603] [Server] MySQL Server has access to 5978783744 bytes of physical memory.
jobportaldb  | 2026-08-23T08:40:37.745046Z 1 [System] [MY-013576] [InnoDB] InnoDB initialization has started.
jobportaldb  | 2026-08-23T08:40:38.068923Z 1 [System] [MY-013577] [InnoDB] InnoDB initialization has ended.
jobportaldb  | 2026-08-23T08:40:38.385249Z 0 [Warning] [MY-010068] [Server] CA certificate ca.pem is self signed.
jobportaldb  | 2026-08-23T08:40:38.385293Z 0 [System] [MY-013602] [Server] Channel mysql_main configured to support TLS. Encrypted connections are now supported for this channel.
jobportaldb  | 2026-08-23T08:40:38.385301Z 0 [Warning] [MY-015696] [Server] TLS channel 'mysql_main' is not configured to require post-quantum key exchange algorithms; future TLS sessions may use a non-post-quantum key exchange algorithm because force_pqc is disabled
jobportaldb  | 2026-08-23T08:40:38.389487Z 0 [Warning] [MY-011810] [Server] Insecure configuration for --pid-file: Location '/var/run/mysqld' in the path is accessible to all OS users. Consider choosing a different directory.
jobportaldb  | 2026-08-23T08:40:38.416056Z 0 [Warning] [MY-015696] [Server] Plugin mysqlx reported: 'TLS channel 'mysqlx' is not configured to require post-quantum key exchange algorithms; future TLS sessions may use a non-post-quantum key exchange algorithm because force_pqc is disabled'
jobportaldb  | 2026-08-23T08:40:38.416260Z 0 [System] [MY-010931] [Server] /usr/sbin/mysqld: ready for connections. Version: '26.7.0'  socket: '/var/run/mysqld/mysqld.sock'  port: 3306  MySQL Community Server - GPL.
jobportaldb  | 2026-08-23T08:40:38.416290Z 0 [System] [MY-011323] [Server] X Plugin ready for connections. Bind-address: '::' port: 33060, socket: /var/run/mysqld/mysqlx.sock
jobportaldb  | 2026-08-23T08:49:21.998831Z 0 [System] [MY-013172] [Server] Received SHUTDOWN from user <via user signal>. Shutting down mysqld (Version: 26.7.0).
jobportaldb  | 2026-08-23T08:49:24.001191Z 0 [Warning] [MY-010909] [Server] /usr/sbin/mysqld: Forcing close of thread 21  user: 'root'.
jobportaldb  | 2026-08-23T08:49:24.001588Z 0 [Warning] [MY-010909] [Server] /usr/sbin/mysqld: Forcing close of thread 22  user: 'root'.
jobportaldb  | 2026-08-23T08:49:24.623784Z 0 [System] [MY-010910] [Server] /usr/sbin/mysqld: Shutdown complete (mysqld 26.7.0)  MySQL Community Server - GPL.
jobportaldb  | 2026-08-23T08:49:24.623814Z 0 [System] [MY-015016] [Server] MySQL Server - end.
jobportaldb  | 2026-08-23 08:49:27+00:00 [Note] [Entrypoint]: Entrypoint script for MySQL Server 26.7.0-1.el9 started.
jobportaldb  | 2026-08-23 08:49:28+00:00 [Note] [Entrypoint]: Switching to dedicated user 'mysql'
jobportaldb  | 2026-08-23 08:49:28+00:00 [Note] [Entrypoint]: Entrypoint script for MySQL Server 26.7.0-1.el9 started.
jobportaldb  | '/var/lib/mysql/mysql.sock' -> '/var/run/mysqld/mysqld.sock'
jobportaldb  | 2026-08-23T08:49:28.820310Z 0 [System] [MY-015015] [Server] MySQL Server - start.
jobportaldb  | 2026-08-23T08:49:29.034149Z 0 [System] [MY-010116] [Server] /usr/sbin/mysqld (mysqld 26.7.0) starting as process 1
jobportaldb  | 2026-08-23T08:49:29.034163Z 0 [System] [MY-015603] [Server] MySQL Server has access to 20 logical CPUs.
jobportaldb  | 2026-08-23T08:49:29.034177Z 0 [System] [MY-015603] [Server] MySQL Server has access to 5978783744 bytes of physical memory.
jobportaldb  | 2026-08-23T08:49:29.040858Z 1 [System] [MY-013576] [InnoDB] InnoDB initialization has started.
jobportaldb  | 2026-08-23T08:49:29.375446Z 1 [System] [MY-013577] [InnoDB] InnoDB initialization has ended.
jobportaldb  | 2026-08-23T08:49:29.630073Z 0 [Warning] [MY-010068] [Server] CA certificate ca.pem is self signed.
jobportaldb  | 2026-08-23T08:49:29.630132Z 0 [System] [MY-013602] [Server] Channel mysql_main configured to support TLS. Encrypted connections are now supported for this channel.
jobportaldb  | 2026-08-23T08:49:29.630145Z 0 [Warning] [MY-015696] [Server] TLS channel 'mysql_main' is not configured to require post-quantum key exchange algorithms; future TLS sessions may use a non-post-quantum key exchange algorithm because force_pqc is disabled
jobportaldb  | 2026-08-23T08:49:29.636988Z 0 [Warning] [MY-011810] [Server] Insecure configuration for --pid-file: Location '/var/run/mysqld' in the path is accessible to all OS users. Consider choosing a different directory.
jobportaldb  | 2026-08-23T08:49:29.677828Z 0 [Warning] [MY-015696] [Server] Plugin mysqlx reported: 'TLS channel 'mysqlx' is not configured to require post-quantum key exchange algorithms; future TLS sessions may use a non-post-quantum key exchange algorithm because force_pqc is disabled'
jobportaldb  | 2026-08-23T08:49:29.678136Z 0 [System] [MY-011323] [Server] X Plugin ready for connections. Bind-address: '::' port: 33060, socket: /var/run/mysqld/mysqlx.sock
jobportaldb  | 2026-08-23T08:49:29.678311Z 0 [System] [MY-010931] [Server] /usr/sbin/mysqld: ready for connections. Version: '26.7.0'  socket: '/var/run/mysqld/mysqld.sock'  port: 3306  MySQL Community Server - GPL.
jobportaldb  | 2026-08-23T09:38:28.002404Z 0 [System] [MY-013172] [Server] Received SHUTDOWN from user <via user signal>. Shutting down mysqld (Version: 26.7.0).
jobportaldb  | 2026-08-23T09:38:30.006308Z 0 [Warning] [MY-010909] [Server] /usr/sbin/mysqld: Forcing close of thread 21  user: 'root'.
jobportaldb  | 2026-08-23T09:38:30.006792Z 0 [Warning] [MY-010909] [Server] /usr/sbin/mysqld: Forcing close of thread 22  user: 'root'.
jobportaldb  | 2026-08-23T09:38:31.390233Z 0 [System] [MY-010910] [Server] /usr/sbin/mysqld: Shutdown complete (mysqld 26.7.0)  MySQL Community Server - GPL.
jobportaldb  | 2026-08-23T09:38:31.390275Z 0 [System] [MY-015016] [Server] MySQL Server - end.
jobportaldb  | 2026-08-23 09:39:53+00:00 [Note] [Entrypoint]: Entrypoint script for MySQL Server 26.7.0-1.el9 started.
jobportaldb  | 2026-08-23 09:39:53+00:00 [Note] [Entrypoint]: Switching to dedicated user 'mysql'
jobportaldb  | 2026-08-23 09:39:53+00:00 [Note] [Entrypoint]: Entrypoint script for MySQL Server 26.7.0-1.el9 started.
jobportaldb  | '/var/lib/mysql/mysql.sock' -> '/var/run/mysqld/mysqld.sock'
jobportaldb  | 2026-08-23T09:39:54.349008Z 0 [System] [MY-015015] [Server] MySQL Server - start.
jobportaldb  | 2026-08-23T09:39:54.634900Z 0 [System] [MY-010116] [Server] /usr/sbin/mysqld (mysqld 26.7.0) starting as process 1
jobportaldb  | 2026-08-23T09:39:54.634946Z 0 [System] [MY-015603] [Server] MySQL Server has access to 20 logical CPUs.
jobportaldb  | 2026-08-23T09:39:54.634967Z 0 [System] [MY-015603] [Server] MySQL Server has access to 5978783744 bytes of physical memory.
jobportaldb  | 2026-08-23T09:39:54.645626Z 1 [System] [MY-013576] [InnoDB] InnoDB initialization has started.
jobportaldb  | 2026-08-23T09:39:55.141438Z 1 [System] [MY-013577] [InnoDB] InnoDB initialization has ended.
jobportaldb  | 2026-08-23T09:39:55.488635Z 0 [Warning] [MY-010068] [Server] CA certificate ca.pem is self signed.
jobportaldb  | 2026-08-23T09:39:55.488702Z 0 [System] [MY-013602] [Server] Channel mysql_main configured to support TLS. Encrypted connections are now supported for this channel.
jobportaldb  | 2026-08-23T09:39:55.488716Z 0 [Warning] [MY-015696] [Server] TLS channel 'mysql_main' is not configured to require post-quantum key exchange algorithms; future TLS sessions may use a non-post-quantum key exchange algorithm because force_pqc is disabled
jobportaldb  | 2026-08-23T09:39:55.495205Z 0 [Warning] [MY-011810] [Server] Insecure configuration for --pid-file: Location '/var/run/mysqld' in the path is accessible to all OS users. Consider choosing a different directory.
jobportaldb  | 2026-08-23T09:39:55.547307Z 0 [Warning] [MY-015696] [Server] Plugin mysqlx reported: 'TLS channel 'mysqlx' is not configured to require post-quantum key exchange algorithms; future TLS sessions may use a non-post-quantum key exchange algorithm because force_pqc is disabled'
jobportaldb  | 2026-08-23T09:39:55.547579Z 0 [System] [MY-010931] [Server] /usr/sbin/mysqld: ready for connections. Version: '26.7.0'  socket: '/var/run/mysqld/mysqld.sock'  port: 3306  MySQL Community Server - GPL.
jobportaldb  | 2026-08-23T09:39:55.547585Z 0 [System] [MY-011323] [Server] X Plugin ready for connections. Bind-address: '::' port: 33060, socket: /var/run/mysqld/mysqlx.sock
jobportaldb  | 2026-08-23T09:40:25.403474Z 0 [System] [MY-013172] [Server] Received SHUTDOWN from user <via user signal>. Shutting down mysqld (Version: 26.7.0).
jobportaldb  | 2026-08-23T09:40:26.902661Z 0 [System] [MY-010910] [Server] /usr/sbin/mysqld: Shutdown complete (mysqld 26.7.0)  MySQL Community Server - GPL.
jobportaldb  | 2026-08-23T09:40:26.902687Z 0 [System] [MY-015016] [Server] MySQL Server - end.
jobportaldb  | 2026-08-23 11:04:47+00:00 [Note] [Entrypoint]: Entrypoint script for MySQL Server 26.7.0-1.el9 started.
jobportaldb  | 2026-08-23 11:04:47+00:00 [Note] [Entrypoint]: Switching to dedicated user 'mysql'
jobportaldb  | 2026-08-23 11:04:47+00:00 [Note] [Entrypoint]: Entrypoint script for MySQL Server 26.7.0-1.el9 started.
jobportaldb  | '/var/lib/mysql/mysql.sock' -> '/var/run/mysqld/mysqld.sock'
jobportaldb  | 2026-08-23T11:04:47.835807Z 0 [System] [MY-015015] [Server] MySQL Server - start.
jobportaldb  | 2026-08-23T11:04:48.303456Z 0 [System] [MY-010116] [Server] /usr/sbin/mysqld (mysqld 26.7.0) starting as process 1
jobportaldb  | 2026-08-23T11:04:48.303483Z 0 [System] [MY-015603] [Server] MySQL Server has access to 20 logical CPUs.
jobportaldb  | 2026-08-23T11:04:48.303503Z 0 [System] [MY-015603] [Server] MySQL Server has access to 5978779648 bytes of physical memory.
jobportaldb  | 2026-08-23T11:04:48.324750Z 1 [System] [MY-013576] [InnoDB] InnoDB initialization has started.
jobportaldb  | 2026-08-23T11:04:48.691849Z 1 [System] [MY-013577] [InnoDB] InnoDB initialization has ended.
jobportaldb  | 2026-08-23T11:04:48.966628Z 0 [Warning] [MY-010068] [Server] CA certificate ca.pem is self signed.
jobportaldb  | 2026-08-23T11:04:48.966658Z 0 [System] [MY-013602] [Server] Channel mysql_main configured to support TLS. Encrypted connections are now supported for this channel.
jobportaldb  | 2026-08-23T11:04:48.966669Z 0 [Warning] [MY-015696] [Server] TLS channel 'mysql_main' is not configured to require post-quantum key exchange algorithms; future TLS sessions may use a non-post-quantum key exchange algorithm because force_pqc is disabled
jobportaldb  | 2026-08-23T11:04:48.971106Z 0 [Warning] [MY-011810] [Server] Insecure configuration for --pid-file: Location '/var/run/mysqld' in the path is accessible to all OS users. Consider choosing a different directory.
jobportaldb  | 2026-08-23T11:04:48.995983Z 0 [Warning] [MY-015696] [Server] Plugin mysqlx reported: 'TLS channel 'mysqlx' is not configured to require post-quantum key exchange algorithms; future TLS sessions may use a non-post-quantum key exchange algorithm because force_pqc is disabled'
jobportaldb  | 2026-08-23T11:04:48.996142Z 0 [System] [MY-011323] [Server] X Plugin ready for connections. Bind-address: '::' port: 33060, socket: /var/run/mysqld/mysqlx.sock
jobportaldb  | 2026-08-23T11:04:48.996303Z 0 [System] [MY-010931] [Server] /usr/sbin/mysqld: ready for connections. Version: '26.7.0'  socket: '/var/run/mysqld/mysqld.sock'  port: 3306  MySQL Community Server - GPL.
jobportaldb  | 2026-08-23T11:06:23.008217Z 0 [System] [MY-013172] [Server] Received SHUTDOWN from user <via user signal>. Shutting down mysqld (Version: 26.7.0).
jobportaldb  | 2026-08-23T11:06:24.388596Z 0 [System] [MY-010910] [Server] /usr/sbin/mysqld: Shutdown complete (mysqld 26.7.0)  MySQL Community Server - GPL.
jobportaldb  | 2026-08-23T11:06:24.388616Z 0 [System] [MY-015016] [Server] MySQL Server - end.
jobportaldb  | 2026-08-23 11:06:33+00:00 [Note] [Entrypoint]: Entrypoint script for MySQL Server 26.7.0-1.el9 started.
jobportaldb  | 2026-08-23 11:06:33+00:00 [Note] [Entrypoint]: Switching to dedicated user 'mysql'
jobportaldb  | 2026-08-23 11:06:33+00:00 [Note] [Entrypoint]: Entrypoint script for MySQL Server 26.7.0-1.el9 started.
jobportaldb  | '/var/lib/mysql/mysql.sock' -> '/var/run/mysqld/mysqld.sock'
jobportaldb  | 2026-08-23T11:06:33.641063Z 0 [System] [MY-015015] [Server] MySQL Server - start.
jobportaldb  | 2026-08-23T11:06:33.857907Z 0 [System] [MY-010116] [Server] /usr/sbin/mysqld (mysqld 26.7.0) starting as process 1
jobportaldb  | 2026-08-23T11:06:33.857931Z 0 [System] [MY-015603] [Server] MySQL Server has access to 20 logical CPUs.
jobportaldb  | 2026-08-23T11:06:33.857944Z 0 [System] [MY-015603] [Server] MySQL Server has access to 5978779648 bytes of physical memory.
jobportaldb  | 2026-08-23T11:06:33.863752Z 1 [System] [MY-013576] [InnoDB] InnoDB initialization has started.
jobportaldb  | 2026-08-23T11:06:34.096944Z 1 [System] [MY-013577] [InnoDB] InnoDB initialization has ended.
jobportaldb  | 2026-08-23T11:06:34.275737Z 0 [Warning] [MY-010068] [Server] CA certificate ca.pem is self signed.
jobportaldb  | 2026-08-23T11:06:34.275770Z 0 [System] [MY-013602] [Server] Channel mysql_main configured to support TLS. Encrypted connections are now supported for this channel.
jobportaldb  | 2026-08-23T11:06:34.275777Z 0 [Warning] [MY-015696] [Server] TLS channel 'mysql_main' is not configured to require post-quantum key exchange algorithms; future TLS sessions may use a non-post-quantum key exchange algorithm because force_pqc is disabled
jobportaldb  | 2026-08-23T11:06:34.279502Z 0 [Warning] [MY-011810] [Server] Insecure configuration for --pid-file: Location '/var/run/mysqld' in the path is accessible to all OS users. Consider choosing a different directory.
jobportaldb  | 2026-08-23T11:06:34.301916Z 0 [Warning] [MY-015696] [Server] Plugin mysqlx reported: 'TLS channel 'mysqlx' is not configured to require post-quantum key exchange algorithms; future TLS sessions may use a non-post-quantum key exchange algorithm because force_pqc is disabled'
jobportaldb  | 2026-08-23T11:06:34.302105Z 0 [System] [MY-011323] [Server] X Plugin ready for connections. Bind-address: '::' port: 33060, socket: /var/run/mysqld/mysqlx.sock
jobportaldb  | 2026-08-23T11:06:34.302190Z 0 [System] [MY-010931] [Server] /usr/sbin/mysqld: ready for connections. Version: '26.7.0'  socket: '/var/run/mysqld/mysqld.sock'  port: 3306  MySQL Community Server - GPL.
jobportaldb  | 2026-08-23T11:09:25.980045Z 0 [System] [MY-013172] [Server] Received SHUTDOWN from user <via user signal>. Shutting down mysqld (Version: 26.7.0).
jobportaldb  | 2026-08-23T11:09:26.766913Z 0 [System] [MY-010910] [Server] /usr/sbin/mysqld: Shutdown complete (mysqld 26.7.0)  MySQL Community Server - GPL.
jobportaldb  | 2026-08-23T11:09:26.766931Z 0 [System] [MY-015016] [Server] MySQL Server - end.
jobportaldb  | 2026-08-23 11:09:38+00:00 [Note] [Entrypoint]: Entrypoint script for MySQL Server 26.7.0-1.el9 started.
jobportaldb  | 2026-08-23 11:09:38+00:00 [Note] [Entrypoint]: Switching to dedicated user 'mysql'
jobportaldb  | 2026-08-23 11:09:38+00:00 [Note] [Entrypoint]: Entrypoint script for MySQL Server 26.7.0-1.el9 started.
jobportaldb  | '/var/lib/mysql/mysql.sock' -> '/var/run/mysqld/mysqld.sock'
jobportaldb  | 2026-08-23T11:09:38.673777Z 0 [System] [MY-015015] [Server] MySQL Server - start.
jobportaldb  | 2026-08-23T11:09:38.887094Z 0 [System] [MY-010116] [Server] /usr/sbin/mysqld (mysqld 26.7.0) starting as process 1
jobportaldb  | 2026-08-23T11:09:38.887119Z 0 [System] [MY-015603] [Server] MySQL Server has access to 20 logical CPUs.
jobportaldb  | 2026-08-23T11:09:38.887131Z 0 [System] [MY-015603] [Server] MySQL Server has access to 5978779648 bytes of physical memory.
jobportaldb  | 2026-08-23T11:09:38.892956Z 1 [System] [MY-013576] [InnoDB] InnoDB initialization has started.
jobportaldb  | 2026-08-23T11:09:39.095835Z 1 [System] [MY-013577] [InnoDB] InnoDB initialization has ended.
jobportaldb  | 2026-08-23T11:09:39.313860Z 0 [Warning] [MY-010068] [Server] CA certificate ca.pem is self signed.
jobportaldb  | 2026-08-23T11:09:39.313900Z 0 [System] [MY-013602] [Server] Channel mysql_main configured to support TLS. Encrypted connections are now supported for this channel.
jobportaldb  | 2026-08-23T11:09:39.313910Z 0 [Warning] [MY-015696] [Server] TLS channel 'mysql_main' is not configured to require post-quantum key exchange algorithms; future TLS sessions may use a non-post-quantum key exchange algorithm because force_pqc is disabled
jobportaldb  | 2026-08-23T11:09:39.317556Z 0 [Warning] [MY-011810] [Server] Insecure configuration for --pid-file: Location '/var/run/mysqld' in the path is accessible to all OS users. Consider choosing a different directory.
jobportaldb  | 2026-08-23T11:09:39.333390Z 0 [Warning] [MY-015696] [Server] Plugin mysqlx reported: 'TLS channel 'mysqlx' is not configured to require post-quantum key exchange algorithms; future TLS sessions may use a non-post-quantum key exchange algorithm because force_pqc is disabled'
jobportaldb  | 2026-08-23T11:09:39.333514Z 0 [System] [MY-011323] [Server] X Plugin ready for connections. Bind-address: '::' port: 33060, socket: /var/run/mysqld/mysqlx.sock
jobportaldb  | 2026-08-23T11:09:39.333534Z 0 [System] [MY-010931] [Server] /usr/sbin/mysqld: ready for connections. Version: '26.7.0'  socket: '/var/run/mysqld/mysqld.sock'  port: 3306  MySQL Community Server - GPL.
jobportaldb  | 2026-08-23T11:13:44.399270Z 0 [System] [MY-013172] [Server] Received SHUTDOWN from user <via user signal>. Shutting down mysqld (Version: 26.7.0).
jobportaldb  | 2026-08-23T11:13:45.816054Z 0 [System] [MY-010910] [Server] /usr/sbin/mysqld: Shutdown complete (mysqld 26.7.0)  MySQL Community Server - GPL.
jobportaldb  | 2026-08-23T11:13:45.816067Z 0 [System] [MY-015016] [Server] MySQL Server - end.
jobportaldb  | 2026-08-23 11:16:45+00:00 [Note] [Entrypoint]: Entrypoint script for MySQL Server 26.7.0-1.el9 started.
jobportaldb  | 2026-08-23 11:16:45+00:00 [Note] [Entrypoint]: Switching to dedicated user 'mysql'
jobportaldb  | 2026-08-23 11:16:45+00:00 [Note] [Entrypoint]: Entrypoint script for MySQL Server 26.7.0-1.el9 started.
jobportaldb  | '/var/lib/mysql/mysql.sock' -> '/var/run/mysqld/mysqld.sock'
jobportaldb  | 2026-08-23T11:16:45.717804Z 0 [System] [MY-015015] [Server] MySQL Server - start.
jobportaldb  | 2026-08-23T11:16:45.924848Z 0 [System] [MY-010116] [Server] /usr/sbin/mysqld (mysqld 26.7.0) starting as process 1
jobportaldb  | 2026-08-23T11:16:45.924865Z 0 [System] [MY-015603] [Server] MySQL Server has access to 20 logical CPUs.
jobportaldb  | 2026-08-23T11:16:45.924878Z 0 [System] [MY-015603] [Server] MySQL Server has access to 5978779648 bytes of physical memory.
jobportaldb  | 2026-08-23T11:16:45.930757Z 1 [System] [MY-013576] [InnoDB] InnoDB initialization has started.
jobportaldb  | 2026-08-23T11:16:46.109070Z 1 [System] [MY-013577] [InnoDB] InnoDB initialization has ended.
jobportaldb  | 2026-08-23T11:16:46.227491Z 0 [Warning] [MY-010068] [Server] CA certificate ca.pem is self signed.
jobportaldb  | 2026-08-23T11:16:46.227524Z 0 [System] [MY-013602] [Server] Channel mysql_main configured to support TLS. Encrypted connections are now supported for this channel.
jobportaldb  | 2026-08-23T11:16:46.227532Z 0 [Warning] [MY-015696] [Server] TLS channel 'mysql_main' is not configured to require post-quantum key exchange algorithms; future TLS sessions may use a non-post-quantum key exchange algorithm because force_pqc is disabled
jobportaldb  | 2026-08-23T11:16:46.230833Z 0 [Warning] [MY-011810] [Server] Insecure configuration for --pid-file: Location '/var/run/mysqld' in the path is accessible to all OS users. Consider choosing a different directory.
jobportaldb  | 2026-08-23T11:16:46.250152Z 0 [Warning] [MY-015696] [Server] Plugin mysqlx reported: 'TLS channel 'mysqlx' is not configured to require post-quantum key exchange algorithms; future TLS sessions may use a non-post-quantum key exchange algorithm because force_pqc is disabled'
jobportaldb  | 2026-08-23T11:16:46.250303Z 0 [System] [MY-011323] [Server] X Plugin ready for connections. Bind-address: '::' port: 33060, socket: /var/run/mysqld/mysqlx.sock
jobportaldb  | 2026-08-23T11:16:46.250341Z 0 [System] [MY-010931] [Server] /usr/sbin/mysqld: ready for connections. Version: '26.7.0'  socket: '/var/run/mysqld/mysqld.sock'  port: 3306  MySQL Community Server - GPL.
jobportaldb  | 2026-08-23T11:17:03.124508Z 0 [System] [MY-013172] [Server] Received SHUTDOWN from user <via user signal>. Shutting down mysqld (Version: 26.7.0).
jobportaldb  | 2026-08-23T11:17:03.728297Z 0 [System] [MY-010910] [Server] /usr/sbin/mysqld: Shutdown complete (mysqld 26.7.0)  MySQL Community Server - GPL.
jobportaldb  | 2026-08-23T11:17:03.728315Z 0 [System] [MY-015016] [Server] MySQL Server - end.
jobportaldb  | 2026-08-23 11:17:14+00:00 [Note] [Entrypoint]: Entrypoint script for MySQL Server 26.7.0-1.el9 started.
jobportaldb  | 2026-08-23 11:17:14+00:00 [Note] [Entrypoint]: Switching to dedicated user 'mysql'
jobportaldb  | 2026-08-23 11:17:14+00:00 [Note] [Entrypoint]: Entrypoint script for MySQL Server 26.7.0-1.el9 started.
jobportaldb  | '/var/lib/mysql/mysql.sock' -> '/var/run/mysqld/mysqld.sock'
jobportaldb  | 2026-08-23T11:17:14.943042Z 0 [System] [MY-015015] [Server] MySQL Server - start.
jobportaldb  | 2026-08-23T11:17:15.141043Z 0 [System] [MY-010116] [Server] /usr/sbin/mysqld (mysqld 26.7.0) starting as process 1
jobportaldb  | 2026-08-23T11:17:15.141060Z 0 [System] [MY-015603] [Server] MySQL Server has access to 20 logical CPUs.
jobportaldb  | 2026-08-23T11:17:15.141072Z 0 [System] [MY-015603] [Server] MySQL Server has access to 5978779648 bytes of physical memory.
jobportaldb  | 2026-08-23T11:17:15.146869Z 1 [System] [MY-013576] [InnoDB] InnoDB initialization has started.
jobportaldb  | 2026-08-23T11:17:15.333959Z 1 [System] [MY-013577] [InnoDB] InnoDB initialization has ended.
jobportaldb  | 2026-08-23T11:17:15.461626Z 0 [Warning] [MY-010068] [Server] CA certificate ca.pem is self signed.
jobportaldb  | 2026-08-23T11:17:15.461656Z 0 [System] [MY-013602] [Server] Channel mysql_main configured to support TLS. Encrypted connections are now supported for this channel.
jobportaldb  | 2026-08-23T11:17:15.461663Z 0 [Warning] [MY-015696] [Server] TLS channel 'mysql_main' is not configured to require post-quantum key exchange algorithms; future TLS sessions may use a non-post-quantum key exchange algorithm because force_pqc is disabled
jobportaldb  | 2026-08-23T11:17:15.466182Z 0 [Warning] [MY-011810] [Server] Insecure configuration for --pid-file: Location '/var/run/mysqld' in the path is accessible to all OS users. Consider choosing a different directory.
jobportaldb  | 2026-08-23T11:17:15.489048Z 0 [Warning] [MY-015696] [Server] Plugin mysqlx reported: 'TLS channel 'mysqlx' is not configured to require post-quantum key exchange algorithms; future TLS sessions may use a non-post-quantum key exchange algorithm because force_pqc is disabled'
jobportaldb  | 2026-08-23T11:17:15.489165Z 0 [System] [MY-011323] [Server] X Plugin ready for connections. Bind-address: '::' port: 33060, socket: /var/run/mysqld/mysqlx.sock
jobportaldb  | 2026-08-23T11:17:15.489287Z 0 [System] [MY-010931] [Server] /usr/sbin/mysqld: ready for connections. Version: '26.7.0'  socket: '/var/run/mysqld/mysqld.sock'  port: 3306  MySQL Community Server - GPL.
jobportaldb  | 2026-08-23T11:19:55.173889Z 0 [System] [MY-013172] [Server] Received SHUTDOWN from user <via user signal>. Shutting down mysqld (Version: 26.7.0).
jobportaldb  | 2026-08-23T11:19:56.010471Z 0 [System] [MY-010910] [Server] /usr/sbin/mysqld: Shutdown complete (mysqld 26.7.0)  MySQL Community Server - GPL.
jobportaldb  | 2026-08-23T11:19:56.010484Z 0 [System] [MY-015016] [Server] MySQL Server - end.
jobportaldb  | 2026-08-23 11:22:26+00:00 [Note] [Entrypoint]: Entrypoint script for MySQL Server 26.7.0-1.el9 started.
jobportaldb  | 2026-08-23 11:22:26+00:00 [Note] [Entrypoint]: Switching to dedicated user 'mysql'
jobportaldb  | 2026-08-23 11:22:26+00:00 [Note] [Entrypoint]: Entrypoint script for MySQL Server 26.7.0-1.el9 started.
jobportaldb  | '/var/lib/mysql/mysql.sock' -> '/var/run/mysqld/mysqld.sock'
jobportaldb  | 2026-08-23T11:22:26.621129Z 0 [System] [MY-015015] [Server] MySQL Server - start.
jobportaldb  | 2026-08-23T11:22:26.828854Z 0 [System] [MY-010116] [Server] /usr/sbin/mysqld (mysqld 26.7.0) starting as process 1
jobportaldb  | 2026-08-23T11:22:26.828878Z 0 [System] [MY-015603] [Server] MySQL Server has access to 20 logical CPUs.
jobportaldb  | 2026-08-23T11:22:26.828896Z 0 [System] [MY-015603] [Server] MySQL Server has access to 5978779648 bytes of physical memory.
jobportaldb  | 2026-08-23T11:22:26.834746Z 1 [System] [MY-013576] [InnoDB] InnoDB initialization has started.
jobportaldb  | 2026-08-23T11:22:27.051436Z 1 [System] [MY-013577] [InnoDB] InnoDB initialization has ended.
jobportaldb  | 2026-08-23T11:22:27.199243Z 0 [Warning] [MY-010068] [Server] CA certificate ca.pem is self signed.
jobportaldb  | 2026-08-23T11:22:27.199277Z 0 [System] [MY-013602] [Server] Channel mysql_main configured to support TLS. Encrypted connections are now supported for this channel.
jobportaldb  | 2026-08-23T11:22:27.199288Z 0 [Warning] [MY-015696] [Server] TLS channel 'mysql_main' is not configured to require post-quantum key exchange algorithms; future TLS sessions may use a non-post-quantum key exchange algorithm because force_pqc is disabled
jobportaldb  | 2026-08-23T11:22:27.202663Z 0 [Warning] [MY-011810] [Server] Insecure configuration for --pid-file: Location '/var/run/mysqld' in the path is accessible to all OS users. Consider choosing a different directory.
jobportaldb  | 2026-08-23T11:22:27.218222Z 0 [Warning] [MY-015696] [Server] Plugin mysqlx reported: 'TLS channel 'mysqlx' is not configured to require post-quantum key exchange algorithms; future TLS sessions may use a non-post-quantum key exchange algorithm because force_pqc is disabled'
jobportaldb  | 2026-08-23T11:22:27.218417Z 0 [System] [MY-010931] [Server] /usr/sbin/mysqld: ready for connections. Version: '26.7.0'  socket: '/var/run/mysqld/mysqld.sock'  port: 3306  MySQL Community Server - GPL.
jobportaldb  | 2026-08-23T11:22:27.218426Z 0 [System] [MY-011323] [Server] X Plugin ready for connections. Bind-address: '::' port: 33060, socket: /var/run/mysqld/mysqlx.sock
jobportaldb  | 2026-08-23T11:22:30.864718Z 0 [System] [MY-013172] [Server] Received SHUTDOWN from user <via user signal>. Shutting down mysqld (Version: 26.7.0).
jobportaldb  | 2026-08-23T11:22:31.643672Z 0 [System] [MY-010910] [Server] /usr/sbin/mysqld: Shutdown complete (mysqld 26.7.0)  MySQL Community Server - GPL.
jobportaldb  | 2026-08-23T11:22:31.643686Z 0 [System] [MY-015016] [Server] MySQL Server - end.
jobportaldb  | 2026-08-23 11:23:56+00:00 [Note] [Entrypoint]: Entrypoint script for MySQL Server 26.7.0-1.el9 started.
jobportaldb  | 2026-08-23 11:23:56+00:00 [Note] [Entrypoint]: Switching to dedicated user 'mysql'
jobportaldb  | 2026-08-23 11:23:56+00:00 [Note] [Entrypoint]: Entrypoint script for MySQL Server 26.7.0-1.el9 started.
jobportaldb  | '/var/lib/mysql/mysql.sock' -> '/var/run/mysqld/mysqld.sock'
jobportaldb  | 2026-08-23T11:23:56.807583Z 0 [System] [MY-015015] [Server] MySQL Server - start.
jobportaldb  | 2026-08-23T11:23:57.009450Z 0 [System] [MY-010116] [Server] /usr/sbin/mysqld (mysqld 26.7.0) starting as process 1
jobportaldb  | 2026-08-23T11:23:57.009475Z 0 [System] [MY-015603] [Server] MySQL Server has access to 20 logical CPUs.
jobportaldb  | 2026-08-23T11:23:57.009487Z 0 [System] [MY-015603] [Server] MySQL Server has access to 5978779648 bytes of physical memory.
jobportaldb  | 2026-08-23T11:23:57.015399Z 1 [System] [MY-013576] [InnoDB] InnoDB initialization has started.
jobportaldb  | 2026-08-23T11:23:57.278378Z 1 [System] [MY-013577] [InnoDB] InnoDB initialization has ended.
jobportaldb  | 2026-08-23T11:23:57.444869Z 0 [Warning] [MY-010068] [Server] CA certificate ca.pem is self signed.
jobportaldb  | 2026-08-23T11:23:57.444901Z 0 [System] [MY-013602] [Server] Channel mysql_main configured to support TLS. Encrypted connections are now supported for this channel.
jobportaldb  | 2026-08-23T11:23:57.444908Z 0 [Warning] [MY-015696] [Server] TLS channel 'mysql_main' is not configured to require post-quantum key exchange algorithms; future TLS sessions may use a non-post-quantum key exchange algorithm because force_pqc is disabled
jobportaldb  | 2026-08-23T11:23:57.448392Z 0 [Warning] [MY-011810] [Server] Insecure configuration for --pid-file: Location '/var/run/mysqld' in the path is accessible to all OS users. Consider choosing a different directory.
jobportaldb  | 2026-08-23T11:23:57.467089Z 0 [Warning] [MY-015696] [Server] Plugin mysqlx reported: 'TLS channel 'mysqlx' is not configured to require post-quantum key exchange algorithms; future TLS sessions may use a non-post-quantum key exchange algorithm because force_pqc is disabled'
jobportaldb  | 2026-08-23T11:23:57.467269Z 0 [System] [MY-011323] [Server] X Plugin ready for connections. Bind-address: '::' port: 33060, socket: /var/run/mysqld/mysqlx.sock
jobportaldb  | 2026-08-23T11:23:57.467341Z 0 [System] [MY-010931] [Server] /usr/sbin/mysqld: ready for connections. Version: '26.7.0'  socket: '/var/run/mysqld/mysqld.sock'  port: 3306  MySQL Community Server - GPL.
jobportaldb  | 2026-08-23T11:25:48.055935Z 0 [System] [MY-013172] [Server] Received SHUTDOWN from user <via user signal>. Shutting down mysqld (Version: 26.7.0).
jobportaldb  | 2026-08-23T11:25:50.057123Z 0 [Warning] [MY-010909] [Server] /usr/sbin/mysqld: Forcing close of thread 21  user: 'root'.
jobportaldb  | 2026-08-23T11:25:50.057307Z 0 [Warning] [MY-010909] [Server] /usr/sbin/mysqld: Forcing close of thread 22  user: 'root'.
jobportaldb  | 2026-08-23T11:25:50.899036Z 0 [System] [MY-010910] [Server] /usr/sbin/mysqld: Shutdown complete (mysqld 26.7.0)  MySQL Community Server - GPL.
jobportaldb  | 2026-08-23T11:25:50.899050Z 0 [System] [MY-015016] [Server] MySQL Server - end.
jobportaldb  | 2026-08-23 11:25:57+00:00 [Note] [Entrypoint]: Entrypoint script for MySQL Server 26.7.0-1.el9 started.
jobportaldb  | 2026-08-23 11:25:58+00:00 [Note] [Entrypoint]: Switching to dedicated user 'mysql'
jobportaldb  | 2026-08-23 11:25:58+00:00 [Note] [Entrypoint]: Entrypoint script for MySQL Server 26.7.0-1.el9 started.
jobportaldb  | '/var/lib/mysql/mysql.sock' -> '/var/run/mysqld/mysqld.sock'
jobportaldb  | 2026-08-23T11:25:58.307917Z 0 [System] [MY-015015] [Server] MySQL Server - start.
jobportaldb  | 2026-08-23T11:25:58.519703Z 0 [System] [MY-010116] [Server] /usr/sbin/mysqld (mysqld 26.7.0) starting as process 1
jobportaldb  | 2026-08-23T11:25:58.519727Z 0 [System] [MY-015603] [Server] MySQL Server has access to 20 logical CPUs.
jobportaldb  | 2026-08-23T11:25:58.519750Z 0 [System] [MY-015603] [Server] MySQL Server has access to 5978779648 bytes of physical memory.
jobportaldb  | 2026-08-23T11:25:58.525506Z 1 [System] [MY-013576] [InnoDB] InnoDB initialization has started.
jobportaldb  | 2026-08-23T11:25:58.757434Z 1 [System] [MY-013577] [InnoDB] InnoDB initialization has ended.
jobportaldb  | 2026-08-23T11:25:58.968268Z 0 [Warning] [MY-010068] [Server] CA certificate ca.pem is self signed.
jobportaldb  | 2026-08-23T11:25:58.968306Z 0 [System] [MY-013602] [Server] Channel mysql_main configured to support TLS. Encrypted connections are now supported for this channel.
jobportaldb  | 2026-08-23T11:25:58.968315Z 0 [Warning] [MY-015696] [Server] TLS channel 'mysql_main' is not configured to require post-quantum key exchange algorithms; future TLS sessions may use a non-post-quantum key exchange algorithm because force_pqc is disabled
jobportaldb  | 2026-08-23T11:25:58.972541Z 0 [Warning] [MY-011810] [Server] Insecure configuration for --pid-file: Location '/var/run/mysqld' in the path is accessible to all OS users. Consider choosing a different directory.
jobportaldb  | 2026-08-23T11:25:58.997366Z 0 [Warning] [MY-015696] [Server] Plugin mysqlx reported: 'TLS channel 'mysqlx' is not configured to require post-quantum key exchange algorithms; future TLS sessions may use a non-post-quantum key exchange algorithm because force_pqc is disabled'
jobportaldb  | 2026-08-23T11:25:58.997570Z 0 [System] [MY-011323] [Server] X Plugin ready for connections. Bind-address: '::' port: 33060, socket: /var/run/mysqld/mysqlx.sock
jobportaldb  | 2026-08-23T11:25:58.997684Z 0 [System] [MY-010931] [Server] /usr/sbin/mysqld: ready for connections. Version: '26.7.0'  socket: '/var/run/mysqld/mysqld.sock'  port: 3306  MySQL Community Server - GPL.
jobportaldb  | 2026-08-23T11:28:54.965818Z 0 [System] [MY-013172] [Server] Received SHUTDOWN from user <via user signal>. Shutting down mysqld (Version: 26.7.0).
jobportaldb  | 2026-08-23T11:28:56.444703Z 0 [System] [MY-010910] [Server] /usr/sbin/mysqld: Shutdown complete (mysqld 26.7.0)  MySQL Community Server - GPL.
jobportaldb  | 2026-08-23T11:28:56.444723Z 0 [System] [MY-015016] [Server] MySQL Server - end.
jobportaldb  | 2026-08-23 11:29:04+00:00 [Note] [Entrypoint]: Entrypoint script for MySQL Server 26.7.0-1.el9 started.
jobportaldb  | 2026-08-23 11:29:04+00:00 [Note] [Entrypoint]: Switching to dedicated user 'mysql'
jobportaldb  | 2026-08-23 11:29:04+00:00 [Note] [Entrypoint]: Entrypoint script for MySQL Server 26.7.0-1.el9 started.
jobportaldb  | '/var/lib/mysql/mysql.sock' -> '/var/run/mysqld/mysqld.sock'
jobportaldb  | 2026-08-23T11:29:05.050962Z 0 [System] [MY-015015] [Server] MySQL Server - start.
jobportaldb  | 2026-08-23T11:29:05.257469Z 0 [System] [MY-010116] [Server] /usr/sbin/mysqld (mysqld 26.7.0) starting as process 1
jobportaldb  | 2026-08-23T11:29:05.257495Z 0 [System] [MY-015603] [Server] MySQL Server has access to 20 logical CPUs.
jobportaldb  | 2026-08-23T11:29:05.257508Z 0 [System] [MY-015603] [Server] MySQL Server has access to 5978779648 bytes of physical memory.
jobportaldb  | 2026-08-23T11:29:05.263477Z 1 [System] [MY-013576] [InnoDB] InnoDB initialization has started.
jobportaldb  | 2026-08-23T11:29:05.498803Z 1 [System] [MY-013577] [InnoDB] InnoDB initialization has ended.
jobportaldb  | 2026-08-23T11:29:05.626653Z 0 [Warning] [MY-010068] [Server] CA certificate ca.pem is self signed.
jobportaldb  | 2026-08-23T11:29:05.626680Z 0 [System] [MY-013602] [Server] Channel mysql_main configured to support TLS. Encrypted connections are now supported for this channel.
jobportaldb  | 2026-08-23T11:29:05.626685Z 0 [Warning] [MY-015696] [Server] TLS channel 'mysql_main' is not configured to require post-quantum key exchange algorithms; future TLS sessions may use a non-post-quantum key exchange algorithm because force_pqc is disabled
jobportaldb  | 2026-08-23T11:29:05.629740Z 0 [Warning] [MY-011810] [Server] Insecure configuration for --pid-file: Location '/var/run/mysqld' in the path is accessible to all OS users. Consider choosing a different directory.
jobportaldb  | 2026-08-23T11:29:05.642727Z 0 [Warning] [MY-015696] [Server] Plugin mysqlx reported: 'TLS channel 'mysqlx' is not configured to require post-quantum key exchange algorithms; future TLS sessions may use a non-post-quantum key exchange algorithm because force_pqc is disabled'
jobportaldb  | 2026-08-23T11:29:05.642867Z 0 [System] [MY-011323] [Server] X Plugin ready for connections. Bind-address: '::' port: 33060, socket: /var/run/mysqld/mysqlx.sock
jobportaldb  | 2026-08-23T11:29:05.642893Z 0 [System] [MY-010931] [Server] /usr/sbin/mysqld: ready for connections. Version: '26.7.0'  socket: '/var/run/mysqld/mysqld.sock'  port: 3306  MySQL Community Server - GPL.
jobportaldb  | 2026-08-23T15:29:54.601348Z 0 [System] [MY-013172] [Server] Received SHUTDOWN from user <via user signal>. Shutting down mysqld (Version: 26.7.0).
jobportaldb  | 2026-08-23T15:29:56.602692Z 0 [Warning] [MY-010909] [Server] /usr/sbin/mysqld: Forcing close of thread 41  user: 'root'.
jobportaldb  | 2026-08-23T15:29:56.603322Z 0 [Warning] [MY-010909] [Server] /usr/sbin/mysqld: Forcing close of thread 42  user: 'root'.
jobportaldb  | 2026-08-23T15:29:57.364981Z 0 [System] [MY-010910] [Server] /usr/sbin/mysqld: Shutdown complete (mysqld 26.7.0)  MySQL Community Server - GPL.
jobportaldb  | 2026-08-23T15:29:57.364999Z 0 [System] [MY-015016] [Server] MySQL Server - end.
jobportaldb  | 2026-08-23 15:30:51+00:00 [Note] [Entrypoint]: Entrypoint script for MySQL Server 26.7.0-1.el9 started.
jobportaldb  | 2026-08-23 15:30:51+00:00 [Note] [Entrypoint]: Switching to dedicated user 'mysql'
jobportaldb  | 2026-08-23 15:30:51+00:00 [Note] [Entrypoint]: Entrypoint script for MySQL Server 26.7.0-1.el9 started.
jobportaldb  | '/var/lib/mysql/mysql.sock' -> '/var/run/mysqld/mysqld.sock'
jobportaldb  | 2026-08-23T15:30:51.657815Z 0 [System] [MY-015015] [Server] MySQL Server - start.
jobportaldb  | 2026-08-23T15:30:51.853162Z 0 [System] [MY-010116] [Server] /usr/sbin/mysqld (mysqld 26.7.0) starting as process 1
jobportaldb  | 2026-08-23T15:30:51.853172Z 0 [System] [MY-015603] [Server] MySQL Server has access to 20 logical CPUs.
jobportaldb  | 2026-08-23T15:30:51.853182Z 0 [System] [MY-015603] [Server] MySQL Server has access to 5978779648 bytes of physical memory.
jobportaldb  | 2026-08-23T15:30:51.857189Z 1 [System] [MY-013576] [InnoDB] InnoDB initialization has started.
jobportaldb  | 2026-08-23T15:30:52.060126Z 1 [System] [MY-013577] [InnoDB] InnoDB initialization has ended.
jobportaldb  | 2026-08-23T15:30:52.223372Z 0 [Warning] [MY-010068] [Server] CA certificate ca.pem is self signed.
jobportaldb  | 2026-08-23T15:30:52.223427Z 0 [System] [MY-013602] [Server] Channel mysql_main configured to support TLS. Encrypted connections are now supported for this channel.
jobportaldb  | 2026-08-23T15:30:52.223435Z 0 [Warning] [MY-015696] [Server] TLS channel 'mysql_main' is not configured to require post-quantum key exchange algorithms; future TLS sessions may use a non-post-quantum key exchange algorithm because force_pqc is disabled
jobportaldb  | 2026-08-23T15:30:52.228096Z 0 [Warning] [MY-011810] [Server] Insecure configuration for --pid-file: Location '/var/run/mysqld' in the path is accessible to all OS users. Consider choosing a different directory.
jobportaldb  | 2026-08-23T15:30:52.249223Z 0 [Warning] [MY-015696] [Server] Plugin mysqlx reported: 'TLS channel 'mysqlx' is not configured to require post-quantum key exchange algorithms; future TLS sessions may use a non-post-quantum key exchange algorithm because force_pqc is disabled'
jobportaldb  | 2026-08-23T15:30:52.249375Z 0 [System] [MY-010931] [Server] /usr/sbin/mysqld: ready for connections. Version: '26.7.0'  socket: '/var/run/mysqld/mysqld.sock'  port: 3306  MySQL Community Server - GPL.
jobportaldb  | 2026-08-23T15:30:52.249507Z 0 [System] [MY-011323] [Server] X Plugin ready for connections. Bind-address: '::' port: 33060, socket: /var/run/mysqld/mysqlx.sock
jobportaldb  | 2026-08-23T15:34:53.311880Z 0 [System] [MY-013172] [Server] Received SHUTDOWN from user <via user signal>. Shutting down mysqld (Version: 26.7.0).
jobportaldb  | 2026-08-23T15:34:55.312885Z 0 [Warning] [MY-010909] [Server] /usr/sbin/mysqld: Forcing close of thread 21  user: 'root'.
jobportaldb  | 2026-08-23T15:34:55.313327Z 0 [Warning] [MY-010909] [Server] /usr/sbin/mysqld: Forcing close of thread 22  user: 'root'.
jobportaldb  | 2026-08-23T15:34:56.715011Z 0 [System] [MY-010910] [Server] /usr/sbin/mysqld: Shutdown complete (mysqld 26.7.0)  MySQL Community Server - GPL.
jobportaldb  | 2026-08-23T15:34:56.715029Z 0 [System] [MY-015016] [Server] MySQL Server - end.
jobportaldb  | 2026-08-23 15:35:03+00:00 [Note] [Entrypoint]: Entrypoint script for MySQL Server 26.7.0-1.el9 started.
jobportaldb  | 2026-08-23 15:35:03+00:00 [Note] [Entrypoint]: Switching to dedicated user 'mysql'
jobportaldb  | 2026-08-23 15:35:03+00:00 [Note] [Entrypoint]: Entrypoint script for MySQL Server 26.7.0-1.el9 started.
jobportaldb  | '/var/lib/mysql/mysql.sock' -> '/var/run/mysqld/mysqld.sock'
jobportaldb  | 2026-08-23T15:35:03.533706Z 0 [System] [MY-015015] [Server] MySQL Server - start.
jobportaldb  | 2026-08-23T15:35:03.742755Z 0 [System] [MY-010116] [Server] /usr/sbin/mysqld (mysqld 26.7.0) starting as process 1
jobportaldb  | 2026-08-23T15:35:03.742782Z 0 [System] [MY-015603] [Server] MySQL Server has access to 20 logical CPUs.
jobportaldb  | 2026-08-23T15:35:03.742802Z 0 [System] [MY-015603] [Server] MySQL Server has access to 5978779648 bytes of physical memory.
jobportaldb  | 2026-08-23T15:35:03.748857Z 1 [System] [MY-013576] [InnoDB] InnoDB initialization has started.
jobportaldb  | 2026-08-23T15:35:03.926619Z 1 [System] [MY-013577] [InnoDB] InnoDB initialization has ended.
jobportaldb  | 2026-08-23T15:35:04.033897Z 0 [Warning] [MY-010068] [Server] CA certificate ca.pem is self signed.
jobportaldb  | 2026-08-23T15:35:04.033921Z 0 [System] [MY-013602] [Server] Channel mysql_main configured to support TLS. Encrypted connections are now supported for this channel.
jobportaldb  | 2026-08-23T15:35:04.033927Z 0 [Warning] [MY-015696] [Server] TLS channel 'mysql_main' is not configured to require post-quantum key exchange algorithms; future TLS sessions may use a non-post-quantum key exchange algorithm because force_pqc is disabled
jobportaldb  | 2026-08-23T15:35:04.036637Z 0 [Warning] [MY-011810] [Server] Insecure configuration for --pid-file: Location '/var/run/mysqld' in the path is accessible to all OS users. Consider choosing a different directory.
jobportaldb  | 2026-08-23T15:35:04.051747Z 0 [Warning] [MY-015696] [Server] Plugin mysqlx reported: 'TLS channel 'mysqlx' is not configured to require post-quantum key exchange algorithms; future TLS sessions may use a non-post-quantum key exchange algorithm because force_pqc is disabled'
jobportaldb  | 2026-08-23T15:35:04.051899Z 0 [System] [MY-011323] [Server] X Plugin ready for connections. Bind-address: '::' port: 33060, socket: /var/run/mysqld/mysqlx.sock
jobportaldb  | 2026-08-23T15:35:04.051920Z 0 [System] [MY-010931] [Server] /usr/sbin/mysqld: ready for connections. Version: '26.7.0'  socket: '/var/run/mysqld/mysqld.sock'  port: 3306  MySQL Community Server - GPL.
jobportaldb  | 2026-08-26 11:16:17+00:00 [Note] [Entrypoint]: Entrypoint script for MySQL Server 26.7.0-1.el9 started.
jobportaldb  | 2026-08-26 11:16:17+00:00 [Note] [Entrypoint]: Switching to dedicated user 'mysql'
jobportaldb  | 2026-08-26 11:16:17+00:00 [Note] [Entrypoint]: Entrypoint script for MySQL Server 26.7.0-1.el9 started.
jobportaldb  | '/var/lib/mysql/mysql.sock' -> '/var/run/mysqld/mysqld.sock'
jobportaldb  | 2026-08-26T11:16:17.616693Z 0 [System] [MY-015015] [Server] MySQL Server - start.
jobportaldb  | 2026-08-26T11:16:18.073313Z 0 [System] [MY-010116] [Server] /usr/sbin/mysqld (mysqld 26.7.0) starting as process 1
jobportaldb  | 2026-08-26T11:16:18.073339Z 0 [System] [MY-015603] [Server] MySQL Server has access to 20 logical CPUs.
jobportaldb  | 2026-08-26T11:16:18.073354Z 0 [System] [MY-015603] [Server] MySQL Server has access to 3910975488 bytes of physical memory.
jobportaldb  | 2026-08-26T11:16:18.097574Z 1 [System] [MY-013576] [InnoDB] InnoDB initialization has started.
jobportaldb  | 2026-08-26T11:16:18.899983Z 1 [System] [MY-013577] [InnoDB] InnoDB initialization has ended.
jobportaldb  | 2026-08-26T11:16:19.090469Z 0 [System] [MY-010229] [Server] Starting XA crash recovery...
jobportaldb  | 2026-08-26T11:16:19.120187Z 0 [System] [MY-010232] [Server] XA crash recovery finished.
jobportaldb  | 2026-08-26T11:16:19.244649Z 0 [Warning] [MY-010068] [Server] CA certificate ca.pem is self signed.
jobportaldb  | 2026-08-26T11:16:19.244694Z 0 [System] [MY-013602] [Server] Channel mysql_main configured to support TLS. Encrypted connections are now supported for this channel.
jobportaldb  | 2026-08-26T11:16:19.244707Z 0 [Warning] [MY-015696] [Server] TLS channel 'mysql_main' is not configured to require post-quantum key exchange algorithms; future TLS sessions may use a non-post-quantum key exchange algorithm because force_pqc is disabled
jobportaldb  | 2026-08-26T11:16:19.252845Z 0 [Warning] [MY-011810] [Server] Insecure configuration for --pid-file: Location '/var/run/mysqld' in the path is accessible to all OS users. Consider choosing a different directory.
jobportaldb  | 2026-08-26T11:16:19.283920Z 0 [Warning] [MY-015696] [Server] Plugin mysqlx reported: 'TLS channel 'mysqlx' is not configured to require post-quantum key exchange algorithms; future TLS sessions may use a non-post-quantum key exchange algorithm because force_pqc is disabled'
jobportaldb  | 2026-08-26T11:16:19.284152Z 0 [System] [MY-011323] [Server] X Plugin ready for connections. Bind-address: '::' port: 33060, socket: /var/run/mysqld/mysqlx.sock
jobportaldb  | 2026-08-26T11:16:19.284218Z 0 [System] [MY-010931] [Server] /usr/sbin/mysqld: ready for connections. Version: '26.7.0'  socket: '/var/run/mysqld/mysqld.sock'  port: 3306  MySQL Community Server - GPL.
jobportaldb  | 2026-08-31 08:05:46+00:00 [Note] [Entrypoint]: Entrypoint script for MySQL Server 26.7.0-1.el9 started.
jobportaldb  | 2026-08-31 08:05:47+00:00 [Note] [Entrypoint]: Switching to dedicated user 'mysql'
jobportaldb  | 2026-08-31 08:05:47+00:00 [Note] [Entrypoint]: Entrypoint script for MySQL Server 26.7.0-1.el9 started.
jobportaldb  | '/var/lib/mysql/mysql.sock' -> '/var/run/mysqld/mysqld.sock'
jobportaldb  | 2026-08-31T08:05:47.343876Z 0 [System] [MY-015015] [Server] MySQL Server - start.
jobportaldb  | 2026-08-31T08:05:47.548382Z 0 [System] [MY-010116] [Server] /usr/sbin/mysqld (mysqld 26.7.0) starting as process 1
jobportaldb  | 2026-08-31T08:05:47.548398Z 0 [System] [MY-015603] [Server] MySQL Server has access to 20 logical CPUs.
jobportaldb  | 2026-08-31T08:05:47.548409Z 0 [System] [MY-015603] [Server] MySQL Server has access to 5978779648 bytes of physical memory.
jobportaldb  | 2026-08-31T08:05:47.560597Z 1 [System] [MY-013576] [InnoDB] InnoDB initialization has started.
jobportaldb  | 2026-08-31T08:05:47.946609Z 1 [System] [MY-013577] [InnoDB] InnoDB initialization has ended.
jobportaldb  | 2026-08-31T08:05:48.025534Z 0 [System] [MY-010229] [Server] Starting XA crash recovery...
jobportaldb  | 2026-08-31T08:05:48.030092Z 0 [System] [MY-010232] [Server] XA crash recovery finished.
jobportaldb  | 2026-08-31T08:05:48.052668Z 0 [Warning] [MY-010068] [Server] CA certificate ca.pem is self signed.
jobportaldb  | 2026-08-31T08:05:48.052699Z 0 [System] [MY-013602] [Server] Channel mysql_main configured to support TLS. Encrypted connections are now supported for this channel.
jobportaldb  | 2026-08-31T08:05:48.052706Z 0 [Warning] [MY-015696] [Server] TLS channel 'mysql_main' is not configured to require post-quantum key exchange algorithms; future TLS sessions may use a non-post-quantum key exchange algorithm because force_pqc is disabled
jobportaldb  | 2026-08-31T08:05:48.056084Z 0 [Warning] [MY-011810] [Server] Insecure configuration for --pid-file: Location '/var/run/mysqld' in the path is accessible to all OS users. Consider choosing a different directory.
jobportaldb  | 2026-08-31T08:05:48.082290Z 0 [Warning] [MY-015696] [Server] Plugin mysqlx reported: 'TLS channel 'mysqlx' is not configured to require post-quantum key exchange algorithms; future TLS sessions may use a non-post-quantum key exchange algorithm because force_pqc is disabled'
jobportaldb  | 2026-08-31T08:05:48.082456Z 0 [System] [MY-011323] [Server] X Plugin ready for connections. Bind-address: '::' port: 33060, socket: /var/run/mysqld/mysqlx.sock
jobportaldb  | 2026-08-31T08:05:48.082502Z 0 [System] [MY-010931] [Server] /usr/sbin/mysqld: ready for connections. Version: '26.7.0'  socket: '/var/run/mysqld/mysqld.sock'  port: 3306  MySQL Community Server - GPL.
jobportaldb  | 2026-08-31T09:47:59.708822Z 0 [System] [MY-013172] [Server] Received SHUTDOWN from user <via user signal>. Shutting down mysqld (Version: 26.7.0).
jobportaldb  | 2026-08-31T09:48:01.710016Z 0 [Warning] [MY-010909] [Server] /usr/sbin/mysqld: Forcing close of thread 21  user: 'root'.
jobportaldb  | 2026-08-31T09:48:01.710787Z 0 [Warning] [MY-010909] [Server] /usr/sbin/mysqld: Forcing close of thread 22  user: 'root'.
jobportaldb  | 2026-08-31T09:48:02.497931Z 0 [System] [MY-010910] [Server] /usr/sbin/mysqld: Shutdown complete (mysqld 26.7.0)  MySQL Community Server - GPL.
jobportaldb  | 2026-08-31T09:48:02.497950Z 0 [System] [MY-015016] [Server] MySQL Server - end.
jobportaldb  | 2026-08-31 11:56:28+00:00 [Note] [Entrypoint]: Entrypoint script for MySQL Server 26.7.0-1.el9 started.
jobportaldb  | 2026-08-31 11:56:28+00:00 [Note] [Entrypoint]: Switching to dedicated user 'mysql'
jobportaldb  | 2026-08-31 11:56:28+00:00 [Note] [Entrypoint]: Entrypoint script for MySQL Server 26.7.0-1.el9 started.
jobportaldb  | '/var/lib/mysql/mysql.sock' -> '/var/run/mysqld/mysqld.sock'
jobportaldb  | 2026-08-31T11:56:29.175322Z 0 [System] [MY-015015] [Server] MySQL Server - start.
jobportaldb  | 2026-08-31T11:56:29.476591Z 0 [System] [MY-010116] [Server] /usr/sbin/mysqld (mysqld 26.7.0) starting as process 1
jobportaldb  | 2026-08-31T11:56:29.476612Z 0 [System] [MY-015603] [Server] MySQL Server has access to 20 logical CPUs.
jobportaldb  | 2026-08-31T11:56:29.476627Z 0 [System] [MY-015603] [Server] MySQL Server has access to 5978779648 bytes of physical memory.
jobportaldb  | 2026-08-31T11:56:29.488883Z 1 [System] [MY-013576] [InnoDB] InnoDB initialization has started.
jobportaldb  | 2026-08-31T11:56:29.806643Z 1 [System] [MY-013577] [InnoDB] InnoDB initialization has ended.
jobportaldb  | 2026-08-31T11:56:30.040969Z 0 [Warning] [MY-010068] [Server] CA certificate ca.pem is self signed.
jobportaldb  | 2026-08-31T11:56:30.041007Z 0 [System] [MY-013602] [Server] Channel mysql_main configured to support TLS. Encrypted connections are now supported for this channel.
jobportaldb  | 2026-08-31T11:56:30.041014Z 0 [Warning] [MY-015696] [Server] TLS channel 'mysql_main' is not configured to require post-quantum key exchange algorithms; future TLS sessions may use a non-post-quantum key exchange algorithm because force_pqc is disabled
jobportaldb  | 2026-08-31T11:56:30.044649Z 0 [Warning] [MY-011810] [Server] Insecure configuration for --pid-file: Location '/var/run/mysqld' in the path is accessible to all OS users. Consider choosing a different directory.
jobportaldb  | 2026-08-31T11:56:30.077409Z 0 [Warning] [MY-015696] [Server] Plugin mysqlx reported: 'TLS channel 'mysqlx' is not configured to require post-quantum key exchange algorithms; future TLS sessions may use a non-post-quantum key exchange algorithm because force_pqc is disabled'
jobportaldb  | 2026-08-31T11:56:30.077612Z 0 [System] [MY-011323] [Server] X Plugin ready for connections. Bind-address: '::' port: 33060, socket: /var/run/mysqld/mysqlx.sock
jobportaldb  | 2026-08-31T11:56:30.077700Z 0 [System] [MY-010931] [Server] /usr/sbin/mysqld: ready for connections. Version: '26.7.0'  socket: '/var/run/mysqld/mysqld.sock'  port: 3306  MySQL Community Server - GPL.
jobportaldb  | 2026-08-31T11:56:34.625093Z 0 [System] [MY-013172] [Server] Received SHUTDOWN from user <via user signal>. Shutting down mysqld (Version: 26.7.0).
jobportaldb  | 2026-08-31T11:56:35.412746Z 0 [System] [MY-010910] [Server] /usr/sbin/mysqld: Shutdown complete (mysqld 26.7.0)  MySQL Community Server - GPL.
jobportaldb  | 2026-08-31T11:56:35.412774Z 0 [System] [MY-015016] [Server] MySQL Server - end.
jobportaldb  | 2026-09-01 07:31:37+00:00 [Note] [Entrypoint]: Entrypoint script for MySQL Server 26.7.0-1.el9 started.
jobportaldb  | 2026-09-01 07:31:37+00:00 [Note] [Entrypoint]: Switching to dedicated user 'mysql'
jobportaldb  | 2026-09-01 07:31:37+00:00 [Note] [Entrypoint]: Entrypoint script for MySQL Server 26.7.0-1.el9 started.
jobportaldb  | '/var/lib/mysql/mysql.sock' -> '/var/run/mysqld/mysqld.sock'
jobportaldb  | 2026-09-01T07:31:37.703153Z 0 [System] [MY-015015] [Server] MySQL Server - start.
jobportaldb  | 2026-09-01T07:31:38.183589Z 0 [System] [MY-010116] [Server] /usr/sbin/mysqld (mysqld 26.7.0) starting as process 1
jobportaldb  | 2026-09-01T07:31:38.183616Z 0 [System] [MY-015603] [Server] MySQL Server has access to 20 logical CPUs.
jobportaldb  | 2026-09-01T07:31:38.183632Z 0 [System] [MY-015603] [Server] MySQL Server has access to 5978775552 bytes of physical memory.
jobportaldb  | 2026-09-01T07:31:38.200827Z 1 [System] [MY-013576] [InnoDB] InnoDB initialization has started.
jobportaldb  | 2026-09-01T07:31:38.461956Z 1 [System] [MY-013577] [InnoDB] InnoDB initialization has ended.
jobportaldb  | 2026-09-01T07:31:38.769596Z 0 [Warning] [MY-010068] [Server] CA certificate ca.pem is self signed.
jobportaldb  | 2026-09-01T07:31:38.769628Z 0 [System] [MY-013602] [Server] Channel mysql_main configured to support TLS. Encrypted connections are now supported for this channel.
jobportaldb  | 2026-09-01T07:31:38.769640Z 0 [Warning] [MY-015696] [Server] TLS channel 'mysql_main' is not configured to require post-quantum key exchange algorithms; future TLS sessions may use a non-post-quantum key exchange algorithm because force_pqc is disabled
jobportaldb  | 2026-09-01T07:31:38.775042Z 0 [Warning] [MY-011810] [Server] Insecure configuration for --pid-file: Location '/var/run/mysqld' in the path is accessible to all OS users. Consider choosing a different directory.
jobportaldb  | 2026-09-01T07:31:38.808967Z 0 [Warning] [MY-015696] [Server] Plugin mysqlx reported: 'TLS channel 'mysqlx' is not configured to require post-quantum key exchange algorithms; future TLS sessions may use a non-post-quantum key exchange algorithm because force_pqc is disabled'
jobportaldb  | 2026-09-01T07:31:38.809181Z 0 [System] [MY-011323] [Server] X Plugin ready for connections. Bind-address: '::' port: 33060, socket: /var/run/mysqld/mysqlx.sock
jobportaldb  | 2026-09-01T07:31:38.809264Z 0 [System] [MY-010931] [Server] /usr/sbin/mysqld: ready for connections. Version: '26.7.0'  socket: '/var/run/mysqld/mysqld.sock'  port: 3306  MySQL Community Server - GPL.
jobportaldb  | 2026-09-01T07:31:43.892405Z 0 [System] [MY-013172] [Server] Received SHUTDOWN from user <via user signal>. Shutting down mysqld (Version: 26.7.0).
jobportaldb  | 2026-09-01T07:31:45.123575Z 0 [System] [MY-010910] [Server] /usr/sbin/mysqld: Shutdown complete (mysqld 26.7.0)  MySQL Community Server - GPL.
jobportaldb  | 2026-09-01T07:31:45.123594Z 0 [System] [MY-015016] [Server] MySQL Server - end.
jobportaldb  | 2026-09-01 07:32:13+00:00 [Note] [Entrypoint]: Entrypoint script for MySQL Server 26.7.0-1.el9 started.
jobportaldb  | 2026-09-01 07:32:13+00:00 [Note] [Entrypoint]: Switching to dedicated user 'mysql'
jobportaldb  | 2026-09-01 07:32:13+00:00 [Note] [Entrypoint]: Entrypoint script for MySQL Server 26.7.0-1.el9 started.
jobportaldb  | '/var/lib/mysql/mysql.sock' -> '/var/run/mysqld/mysqld.sock'
jobportaldb  | 2026-09-01T07:32:13.741990Z 0 [System] [MY-015015] [Server] MySQL Server - start.
jobportaldb  | 2026-09-01T07:32:13.952247Z 0 [System] [MY-010116] [Server] /usr/sbin/mysqld (mysqld 26.7.0) starting as process 1
jobportaldb  | 2026-09-01T07:32:13.952271Z 0 [System] [MY-015603] [Server] MySQL Server has access to 20 logical CPUs.
jobportaldb  | 2026-09-01T07:32:13.952284Z 0 [System] [MY-015603] [Server] MySQL Server has access to 5978775552 bytes of physical memory.
jobportaldb  | 2026-09-01T07:32:13.958173Z 1 [System] [MY-013576] [InnoDB] InnoDB initialization has started.
jobportaldb  | 2026-09-01T07:32:14.147640Z 1 [System] [MY-013577] [InnoDB] InnoDB initialization has ended.
jobportaldb  | 2026-09-01T07:32:14.255917Z 0 [Warning] [MY-010068] [Server] CA certificate ca.pem is self signed.
jobportaldb  | 2026-09-01T07:32:14.255948Z 0 [System] [MY-013602] [Server] Channel mysql_main configured to support TLS. Encrypted connections are now supported for this channel.
jobportaldb  | 2026-09-01T07:32:14.255954Z 0 [Warning] [MY-015696] [Server] TLS channel 'mysql_main' is not configured to require post-quantum key exchange algorithms; future TLS sessions may use a non-post-quantum key exchange algorithm because force_pqc is disabled
jobportaldb  | 2026-09-01T07:32:14.258812Z 0 [Warning] [MY-011810] [Server] Insecure configuration for --pid-file: Location '/var/run/mysqld' in the path is accessible to all OS users. Consider choosing a different directory.
jobportaldb  | 2026-09-01T07:32:14.277674Z 0 [Warning] [MY-015696] [Server] Plugin mysqlx reported: 'TLS channel 'mysqlx' is not configured to require post-quantum key exchange algorithms; future TLS sessions may use a non-post-quantum key exchange algorithm because force_pqc is disabled'
jobportaldb  | 2026-09-01T07:32:14.277811Z 0 [System] [MY-010931] [Server] /usr/sbin/mysqld: ready for connections. Version: '26.7.0'  socket: '/var/run/mysqld/mysqld.sock'  port: 3306  MySQL Community Server - GPL.
jobportaldb  | 2026-09-01T07:32:14.277830Z 0 [System] [MY-011323] [Server] X Plugin ready for connections. Bind-address: '::' port: 33060, socket: /var/run/mysqld/mysqlx.sock
jobportaldb  | 2026-09-01T07:32:18.760303Z 0 [System] [MY-013172] [Server] Received SHUTDOWN from user <via user signal>. Shutting down mysqld (Version: 26.7.0).
jobportaldb  | 2026-09-01T07:32:19.760679Z 0 [System] [MY-010910] [Server] /usr/sbin/mysqld: Shutdown complete (mysqld 26.7.0)  MySQL Community Server - GPL.
jobportaldb  | 2026-09-01T07:32:19.760697Z 0 [System] [MY-015016] [Server] MySQL Server - end.
jobportaldb  | 2026-09-01 07:32:37+00:00 [Note] [Entrypoint]: Entrypoint script for MySQL Server 26.7.0-1.el9 started.
jobportaldb  | 2026-09-01 07:32:37+00:00 [Note] [Entrypoint]: Switching to dedicated user 'mysql'
jobportaldb  | 2026-09-01 07:32:37+00:00 [Note] [Entrypoint]: Entrypoint script for MySQL Server 26.7.0-1.el9 started.
jobportaldb  | '/var/lib/mysql/mysql.sock' -> '/var/run/mysqld/mysqld.sock'
jobportaldb  | 2026-09-01T07:32:37.440361Z 0 [System] [MY-015015] [Server] MySQL Server - start.
jobportaldb  | 2026-09-01T07:32:37.644578Z 0 [System] [MY-010116] [Server] /usr/sbin/mysqld (mysqld 26.7.0) starting as process 1
jobportaldb  | 2026-09-01T07:32:37.644603Z 0 [System] [MY-015603] [Server] MySQL Server has access to 20 logical CPUs.
jobportaldb  | 2026-09-01T07:32:37.644616Z 0 [System] [MY-015603] [Server] MySQL Server has access to 5978775552 bytes of physical memory.
jobportaldb  | 2026-09-01T07:32:37.650517Z 1 [System] [MY-013576] [InnoDB] InnoDB initialization has started.
jobportaldb  | 2026-09-01T07:32:37.893347Z 1 [System] [MY-013577] [InnoDB] InnoDB initialization has ended.
jobportaldb  | 2026-09-01T07:32:38.005034Z 0 [Warning] [MY-010068] [Server] CA certificate ca.pem is self signed.
jobportaldb  | 2026-09-01T07:32:38.005071Z 0 [System] [MY-013602] [Server] Channel mysql_main configured to support TLS. Encrypted connections are now supported for this channel.
jobportaldb  | 2026-09-01T07:32:38.005078Z 0 [Warning] [MY-015696] [Server] TLS channel 'mysql_main' is not configured to require post-quantum key exchange algorithms; future TLS sessions may use a non-post-quantum key exchange algorithm because force_pqc is disabled
jobportaldb  | 2026-09-01T07:32:38.008217Z 0 [Warning] [MY-011810] [Server] Insecure configuration for --pid-file: Location '/var/run/mysqld' in the path is accessible to all OS users. Consider choosing a different directory.
jobportaldb  | 2026-09-01T07:32:38.031852Z 0 [Warning] [MY-015696] [Server] Plugin mysqlx reported: 'TLS channel 'mysqlx' is not configured to require post-quantum key exchange algorithms; future TLS sessions may use a non-post-quantum key exchange algorithm because force_pqc is disabled'
jobportaldb  | 2026-09-01T07:32:38.032086Z 0 [System] [MY-010931] [Server] /usr/sbin/mysqld: ready for connections. Version: '26.7.0'  socket: '/var/run/mysqld/mysqld.sock'  port: 3306  MySQL Community Server - GPL.
jobportaldb  | 2026-09-01T07:32:38.032137Z 0 [System] [MY-011323] [Server] X Plugin ready for connections. Bind-address: '::' port: 33060, socket: /var/run/mysqld/mysqlx.sock
jobportaldb  | 2026-09-01T07:32:42.596935Z 0 [System] [MY-013172] [Server] Received SHUTDOWN from user <via user signal>. Shutting down mysqld (Version: 26.7.0).
jobportaldb  | 2026-09-01T07:32:43.500847Z 0 [System] [MY-010910] [Server] /usr/sbin/mysqld: Shutdown complete (mysqld 26.7.0)  MySQL Community Server - GPL.
jobportaldb  | 2026-09-01T07:32:43.500869Z 0 [System] [MY-015016] [Server] MySQL Server - end.
jobportaldb  | 2026-09-01 09:06:28+00:00 [Note] [Entrypoint]: Entrypoint script for MySQL Server 26.7.0-1.el9 started.
jobportaldb  | 2026-09-01 09:06:28+00:00 [Note] [Entrypoint]: Switching to dedicated user 'mysql'
jobportaldb  | 2026-09-01 09:06:28+00:00 [Note] [Entrypoint]: Entrypoint script for MySQL Server 26.7.0-1.el9 started.
jobportaldb  | '/var/lib/mysql/mysql.sock' -> '/var/run/mysqld/mysqld.sock'
jobportaldb  | 2026-09-01T09:06:29.116937Z 0 [System] [MY-015015] [Server] MySQL Server - start.
jobportaldb  | 2026-09-01T09:06:29.579197Z 0 [System] [MY-010116] [Server] /usr/sbin/mysqld (mysqld 26.7.0) starting as process 1
jobportaldb  | 2026-09-01T09:06:29.579223Z 0 [System] [MY-015603] [Server] MySQL Server has access to 20 logical CPUs.
jobportaldb  | 2026-09-01T09:06:29.579239Z 0 [System] [MY-015603] [Server] MySQL Server has access to 5978771456 bytes of physical memory.
jobportaldb  | 2026-09-01T09:06:29.596102Z 1 [System] [MY-013576] [InnoDB] InnoDB initialization has started.
jobportaldb  | 2026-09-01T09:06:29.997917Z 1 [System] [MY-013577] [InnoDB] InnoDB initialization has ended.
jobportaldb  | 2026-09-01T09:06:30.254861Z 0 [Warning] [MY-010068] [Server] CA certificate ca.pem is self signed.
jobportaldb  | 2026-09-01T09:06:30.254896Z 0 [System] [MY-013602] [Server] Channel mysql_main configured to support TLS. Encrypted connections are now supported for this channel.
jobportaldb  | 2026-09-01T09:06:30.254902Z 0 [Warning] [MY-015696] [Server] TLS channel 'mysql_main' is not configured to require post-quantum key exchange algorithms; future TLS sessions may use a non-post-quantum key exchange algorithm because force_pqc is disabled
jobportaldb  | 2026-09-01T09:06:30.259050Z 0 [Warning] [MY-011810] [Server] Insecure configuration for --pid-file: Location '/var/run/mysqld' in the path is accessible to all OS users. Consider choosing a different directory.
jobportaldb  | 2026-09-01T09:06:30.281419Z 0 [Warning] [MY-015696] [Server] Plugin mysqlx reported: 'TLS channel 'mysqlx' is not configured to require post-quantum key exchange algorithms; future TLS sessions may use a non-post-quantum key exchange algorithm because force_pqc is disabled'
jobportaldb  | 2026-09-01T09:06:30.281537Z 0 [System] [MY-011323] [Server] X Plugin ready for connections. Bind-address: '::' port: 33060, socket: /var/run/mysqld/mysqlx.sock
jobportaldb  | 2026-09-01T09:06:30.281570Z 0 [System] [MY-010931] [Server] /usr/sbin/mysqld: ready for connections. Version: '26.7.0'  socket: '/var/run/mysqld/mysqld.sock'  port: 3306  MySQL Community Server - GPL.
jobportaldb  | 2026-09-01T11:43:51.330866Z 0 [System] [MY-013172] [Server] Received SHUTDOWN from user <via user signal>. Shutting down mysqld (Version: 26.7.0).
jobportaldb  | 2026-09-01T11:43:52.660438Z 0 [System] [MY-010910] [Server] /usr/sbin/mysqld: Shutdown complete (mysqld 26.7.0)  MySQL Community Server - GPL.
jobportaldb  | 2026-09-01T11:43:52.660458Z 0 [System] [MY-015016] [Server] MySQL Server - end.
jobportaldb  | 2026-09-01 11:44:02+00:00 [Note] [Entrypoint]: Entrypoint script for MySQL Server 26.7.0-1.el9 started.
jobportaldb  | 2026-09-01 11:44:02+00:00 [Note] [Entrypoint]: Switching to dedicated user 'mysql'
jobportaldb  | 2026-09-01 11:44:02+00:00 [Note] [Entrypoint]: Entrypoint script for MySQL Server 26.7.0-1.el9 started.
jobportaldb  | '/var/lib/mysql/mysql.sock' -> '/var/run/mysqld/mysqld.sock'
jobportaldb  | 2026-09-01T11:44:02.624059Z 0 [System] [MY-015015] [Server] MySQL Server - start.
jobportaldb  | 2026-09-01T11:44:02.843322Z 0 [System] [MY-010116] [Server] /usr/sbin/mysqld (mysqld 26.7.0) starting as process 1
jobportaldb  | 2026-09-01T11:44:02.843347Z 0 [System] [MY-015603] [Server] MySQL Server has access to 20 logical CPUs.
jobportaldb  | 2026-09-01T11:44:02.843360Z 0 [System] [MY-015603] [Server] MySQL Server has access to 5978771456 bytes of physical memory.
jobportaldb  | 2026-09-01T11:44:02.849426Z 1 [System] [MY-013576] [InnoDB] InnoDB initialization has started.
jobportaldb  | 2026-09-01T11:44:03.136272Z 1 [System] [MY-013577] [InnoDB] InnoDB initialization has ended.
jobportaldb  | 2026-09-01T11:44:03.262999Z 0 [Warning] [MY-010068] [Server] CA certificate ca.pem is self signed.
jobportaldb  | 2026-09-01T11:44:03.263021Z 0 [System] [MY-013602] [Server] Channel mysql_main configured to support TLS. Encrypted connections are now supported for this channel.
jobportaldb  | 2026-09-01T11:44:03.263025Z 0 [Warning] [MY-015696] [Server] TLS channel 'mysql_main' is not configured to require post-quantum key exchange algorithms; future TLS sessions may use a non-post-quantum key exchange algorithm because force_pqc is disabled
jobportaldb  | 2026-09-01T11:44:03.265964Z 0 [Warning] [MY-011810] [Server] Insecure configuration for --pid-file: Location '/var/run/mysqld' in the path is accessible to all OS users. Consider choosing a different directory.
jobportaldb  | 2026-09-01T11:44:03.282428Z 0 [Warning] [MY-015696] [Server] Plugin mysqlx reported: 'TLS channel 'mysqlx' is not configured to require post-quantum key exchange algorithms; future TLS sessions may use a non-post-quantum key exchange algorithm because force_pqc is disabled'
jobportaldb  | 2026-09-01T11:44:03.282547Z 0 [System] [MY-010931] [Server] /usr/sbin/mysqld: ready for connections. Version: '26.7.0'  socket: '/var/run/mysqld/mysqld.sock'  port: 3306  MySQL Community Server - GPL.
jobportaldb  | 2026-09-01T11:44:03.282545Z 0 [System] [MY-011323] [Server] X Plugin ready for connections. Bind-address: '::' port: 33060, socket: /var/run/mysqld/mysqlx.sock
jobportaldb  | 2026-09-02 06:16:55+00:00 [Note] [Entrypoint]: Entrypoint script for MySQL Server 26.7.0-1.el9 started.
jobportaldb  | 2026-09-02 06:16:55+00:00 [Note] [Entrypoint]: Switching to dedicated user 'mysql'
jobportaldb  | 2026-09-02 06:16:55+00:00 [Note] [Entrypoint]: Entrypoint script for MySQL Server 26.7.0-1.el9 started.
jobportaldb  | '/var/lib/mysql/mysql.sock' -> '/var/run/mysqld/mysqld.sock'
jobportaldb  | 2026-09-02T06:16:55.872355Z 0 [System] [MY-015015] [Server] MySQL Server - start.
jobportaldb  | 2026-09-02T06:16:56.175557Z 0 [System] [MY-010116] [Server] /usr/sbin/mysqld (mysqld 26.7.0) starting as process 1
jobportaldb  | 2026-09-02T06:16:56.175573Z 0 [System] [MY-015603] [Server] MySQL Server has access to 20 logical CPUs.
jobportaldb  | 2026-09-02T06:16:56.175583Z 0 [System] [MY-015603] [Server] MySQL Server has access to 5978775552 bytes of physical memory.
jobportaldb  | 2026-09-02T06:16:56.191953Z 1 [System] [MY-013576] [InnoDB] InnoDB initialization has started.
jobportaldb  | 2026-09-02T06:16:56.687667Z 1 [System] [MY-013577] [InnoDB] InnoDB initialization has ended.
jobportaldb  | 2026-09-02T06:16:56.794294Z 0 [System] [MY-010229] [Server] Starting XA crash recovery...
jobportaldb  | 2026-09-02T06:16:56.809525Z 0 [System] [MY-010232] [Server] XA crash recovery finished.
jobportaldb  | 2026-09-02T06:16:56.886506Z 0 [Warning] [MY-010068] [Server] CA certificate ca.pem is self signed.
jobportaldb  | 2026-09-02T06:16:56.886537Z 0 [System] [MY-013602] [Server] Channel mysql_main configured to support TLS. Encrypted connections are now supported for this channel.
jobportaldb  | 2026-09-02T06:16:56.886544Z 0 [Warning] [MY-015696] [Server] TLS channel 'mysql_main' is not configured to require post-quantum key exchange algorithms; future TLS sessions may use a non-post-quantum key exchange algorithm because force_pqc is disabled
jobportaldb  | 2026-09-02T06:16:56.889847Z 0 [Warning] [MY-011810] [Server] Insecure configuration for --pid-file: Location '/var/run/mysqld' in the path is accessible to all OS users. Consider choosing a different directory.
jobportaldb  | 2026-09-02T06:16:56.909018Z 0 [Warning] [MY-015696] [Server] Plugin mysqlx reported: 'TLS channel 'mysqlx' is not configured to require post-quantum key exchange algorithms; future TLS sessions may use a non-post-quantum key exchange algorithm because force_pqc is disabled'
jobportaldb  | 2026-09-02T06:16:56.909229Z 0 [System] [MY-011323] [Server] X Plugin ready for connections. Bind-address: '::' port: 33060, socket: /var/run/mysqld/mysqlx.sock
jobportaldb  | 2026-09-02T06:16:56.909298Z 0 [System] [MY-010931] [Server] /usr/sbin/mysqld: ready for connections. Version: '26.7.0'  socket: '/var/run/mysqld/mysqld.sock'  port: 3306  MySQL Community Server - GPL.
jobportaldb  | 2026-09-02T06:17:16.217407Z 0 [System] [MY-013172] [Server] Received SHUTDOWN from user <via user signal>. Shutting down mysqld (Version: 26.7.0).
jobportaldb  | 2026-09-02T06:17:17.285920Z 0 [System] [MY-010910] [Server] /usr/sbin/mysqld: Shutdown complete (mysqld 26.7.0)  MySQL Community Server - GPL.
jobportaldb  | 2026-09-02T06:17:17.285933Z 0 [System] [MY-015016] [Server] MySQL Server - end.
jobportaldb  | 2026-09-02 06:17:24+00:00 [Note] [Entrypoint]: Entrypoint script for MySQL Server 26.7.0-1.el9 started.
jobportaldb  | 2026-09-02 06:17:25+00:00 [Note] [Entrypoint]: Switching to dedicated user 'mysql'
jobportaldb  | 2026-09-02 06:17:25+00:00 [Note] [Entrypoint]: Entrypoint script for MySQL Server 26.7.0-1.el9 started.
jobportaldb  | '/var/lib/mysql/mysql.sock' -> '/var/run/mysqld/mysqld.sock'
jobportaldb  | 2026-09-02T06:17:25.371500Z 0 [System] [MY-015015] [Server] MySQL Server - start.
jobportaldb  | 2026-09-02T06:17:25.552946Z 0 [System] [MY-010116] [Server] /usr/sbin/mysqld (mysqld 26.7.0) starting as process 1
jobportaldb  | 2026-09-02T06:17:25.552957Z 0 [System] [MY-015603] [Server] MySQL Server has access to 20 logical CPUs.
jobportaldb  | 2026-09-02T06:17:25.552968Z 0 [System] [MY-015603] [Server] MySQL Server has access to 5978775552 bytes of physical memory.
jobportaldb  | 2026-09-02T06:17:25.556722Z 1 [System] [MY-013576] [InnoDB] InnoDB initialization has started.
jobportaldb  | 2026-09-02T06:17:25.693005Z 1 [System] [MY-013577] [InnoDB] InnoDB initialization has ended.
jobportaldb  | 2026-09-02T06:17:25.813569Z 0 [Warning] [MY-010068] [Server] CA certificate ca.pem is self signed.
jobportaldb  | 2026-09-02T06:17:25.813592Z 0 [System] [MY-013602] [Server] Channel mysql_main configured to support TLS. Encrypted connections are now supported for this channel.
jobportaldb  | 2026-09-02T06:17:25.813596Z 0 [Warning] [MY-015696] [Server] TLS channel 'mysql_main' is not configured to require post-quantum key exchange algorithms; future TLS sessions may use a non-post-quantum key exchange algorithm because force_pqc is disabled
jobportaldb  | 2026-09-02T06:17:25.816278Z 0 [Warning] [MY-011810] [Server] Insecure configuration for --pid-file: Location '/var/run/mysqld' in the path is accessible to all OS users. Consider choosing a different directory.
jobportaldb  | 2026-09-02T06:17:25.829392Z 0 [Warning] [MY-015696] [Server] Plugin mysqlx reported: 'TLS channel 'mysqlx' is not configured to require post-quantum key exchange algorithms; future TLS sessions may use a non-post-quantum key exchange algorithm because force_pqc is disabled'
jobportaldb  | 2026-09-02T06:17:25.829496Z 0 [System] [MY-011323] [Server] X Plugin ready for connections. Bind-address: '::' port: 33060, socket: /var/run/mysqld/mysqlx.sock
jobportaldb  | 2026-09-02T06:17:25.829515Z 0 [System] [MY-010931] [Server] /usr/sbin/mysqld: ready for connections. Version: '26.7.0'  socket: '/var/run/mysqld/mysqld.sock'  port: 3306  MySQL Community Server - GPL.
jobportaldb  | 2026-09-02T09:09:59.501726Z 0 [System] [MY-013172] [Server] Received SHUTDOWN from user <via user signal>. Shutting down mysqld (Version: 26.7.0).
jobportaldb  | 2026-09-02T09:10:00.649615Z 0 [System] [MY-010910] [Server] /usr/sbin/mysqld: Shutdown complete (mysqld 26.7.0)  MySQL Community Server - GPL.
jobportaldb  | 2026-09-02T09:10:00.649726Z 0 [System] [MY-015016] [Server] MySQL Server - end.
jobportaldb  | 2026-09-02 09:10:58+00:00 [Note] [Entrypoint]: Entrypoint script for MySQL Server 26.7.0-1.el9 started.
jobportaldb  | 2026-09-02 09:10:59+00:00 [Note] [Entrypoint]: Switching to dedicated user 'mysql'
jobportaldb  | 2026-09-02 09:10:59+00:00 [Note] [Entrypoint]: Entrypoint script for MySQL Server 26.7.0-1.el9 started.
jobportaldb  | '/var/lib/mysql/mysql.sock' -> '/var/run/mysqld/mysqld.sock'
jobportaldb  | 2026-09-02T09:10:59.647364Z 0 [System] [MY-015015] [Server] MySQL Server - start.
jobportaldb  | 2026-09-02T09:11:00.306606Z 0 [System] [MY-010116] [Server] /usr/sbin/mysqld (mysqld 26.7.0) starting as process 1
jobportaldb  | 2026-09-02T09:11:00.306756Z 0 [System] [MY-015603] [Server] MySQL Server has access to 20 logical CPUs.
jobportaldb  | 2026-09-02T09:11:00.306795Z 0 [System] [MY-015603] [Server] MySQL Server has access to 5978775552 bytes of physical memory.
jobportaldb  | 2026-09-02T09:11:00.330496Z 1 [System] [MY-013576] [InnoDB] InnoDB initialization has started.
jobportaldb  | 2026-09-02T09:11:01.065051Z 1 [System] [MY-013577] [InnoDB] InnoDB initialization has ended.
jobportaldb  | 2026-09-02T09:11:01.619962Z 0 [Warning] [MY-010068] [Server] CA certificate ca.pem is self signed.
jobportaldb  | 2026-09-02T09:11:01.620010Z 0 [System] [MY-013602] [Server] Channel mysql_main configured to support TLS. Encrypted connections are now supported for this channel.
jobportaldb  | 2026-09-02T09:11:01.620024Z 0 [Warning] [MY-015696] [Server] TLS channel 'mysql_main' is not configured to require post-quantum key exchange algorithms; future TLS sessions may use a non-post-quantum key exchange algorithm because force_pqc is disabled
jobportaldb  | 2026-09-02T09:11:01.626489Z 0 [Warning] [MY-011810] [Server] Insecure configuration for --pid-file: Location '/var/run/mysqld' in the path is accessible to all OS users. Consider choosing a different directory.
jobportaldb  | 2026-09-02T09:11:01.691329Z 0 [Warning] [MY-015696] [Server] Plugin mysqlx reported: 'TLS channel 'mysqlx' is not configured to require post-quantum key exchange algorithms; future TLS sessions may use a non-post-quantum key exchange algorithm because force_pqc is disabled'
jobportaldb  | 2026-09-02T09:11:01.691626Z 0 [System] [MY-011323] [Server] X Plugin ready for connections. Bind-address: '::' port: 33060, socket: /var/run/mysqld/mysqlx.sock
jobportaldb  | 2026-09-02T09:11:01.691893Z 0 [System] [MY-010931] [Server] /usr/sbin/mysqld: ready for connections. Version: '26.7.0'  socket: '/var/run/mysqld/mysqld.sock'  port: 3306  MySQL Community Server - GPL.
jobportaldb  | 2026-09-02 09:51:03+00:00 [Note] [Entrypoint]: Entrypoint script for MySQL Server 26.7.0-1.el9 started.
jobportaldb  | 2026-09-02 09:51:03+00:00 [Note] [Entrypoint]: Switching to dedicated user 'mysql'
jobportaldb  | 2026-09-02 09:51:03+00:00 [Note] [Entrypoint]: Entrypoint script for MySQL Server 26.7.0-1.el9 started.
jobportaldb  | '/var/lib/mysql/mysql.sock' -> '/var/run/mysqld/mysqld.sock'
jobportaldb  | 2026-09-02T09:51:03.664888Z 0 [System] [MY-015015] [Server] MySQL Server - start.
jobportaldb  | 2026-09-02T09:51:03.956286Z 0 [System] [MY-010116] [Server] /usr/sbin/mysqld (mysqld 26.7.0) starting as process 1
jobportaldb  | 2026-09-02T09:51:03.956298Z 0 [System] [MY-015603] [Server] MySQL Server has access to 20 logical CPUs.
jobportaldb  | 2026-09-02T09:51:03.956307Z 0 [System] [MY-015603] [Server] MySQL Server has access to 5978779648 bytes of physical memory.
jobportaldb  | 2026-09-02T09:51:03.968116Z 1 [System] [MY-013576] [InnoDB] InnoDB initialization has started.
jobportaldb  | 2026-09-02T09:51:04.338984Z 1 [System] [MY-013577] [InnoDB] InnoDB initialization has ended.
jobportaldb  | 2026-09-02T09:51:04.476298Z 0 [System] [MY-010229] [Server] Starting XA crash recovery...
jobportaldb  | 2026-09-02T09:51:04.494314Z 0 [System] [MY-010232] [Server] XA crash recovery finished.
jobportaldb  | 2026-09-02T09:51:04.572611Z 0 [Warning] [MY-010068] [Server] CA certificate ca.pem is self signed.
jobportaldb  | 2026-09-02T09:51:04.572636Z 0 [System] [MY-013602] [Server] Channel mysql_main configured to support TLS. Encrypted connections are now supported for this channel.
jobportaldb  | 2026-09-02T09:51:04.572640Z 0 [Warning] [MY-015696] [Server] TLS channel 'mysql_main' is not configured to require post-quantum key exchange algorithms; future TLS sessions may use a non-post-quantum key exchange algorithm because force_pqc is disabled
jobportaldb  | 2026-09-02T09:51:04.575151Z 0 [Warning] [MY-011810] [Server] Insecure configuration for --pid-file: Location '/var/run/mysqld' in the path is accessible to all OS users. Consider choosing a different directory.
jobportaldb  | 2026-09-02T09:51:04.593294Z 0 [Warning] [MY-015696] [Server] Plugin mysqlx reported: 'TLS channel 'mysqlx' is not configured to require post-quantum key exchange algorithms; future TLS sessions may use a non-post-quantum key exchange algorithm because force_pqc is disabled'
jobportaldb  | 2026-09-02T09:51:04.593420Z 0 [System] [MY-010931] [Server] /usr/sbin/mysqld: ready for connections. Version: '26.7.0'  socket: '/var/run/mysqld/mysqld.sock'  port: 3306  MySQL Community Server - GPL.
jobportaldb  | 2026-09-02T09:51:04.593466Z 0 [System] [MY-011323] [Server] X Plugin ready for connections. Bind-address: '::' port: 33060, socket: /var/run/mysqld/mysqlx.sock
jobportaldb  | 2026-09-02T09:57:28.554509Z 0 [System] [MY-013172] [Server] Received SHUTDOWN from user <via user signal>. Shutting down mysqld (Version: 26.7.0).
jobportaldb  | 2026-09-02T09:57:30.080200Z 0 [System] [MY-010910] [Server] /usr/sbin/mysqld: Shutdown complete (mysqld 26.7.0)  MySQL Community Server - GPL.
jobportaldb  | 2026-09-02T09:57:30.080214Z 0 [System] [MY-015016] [Server] MySQL Server - end.
jobportaldb  | 2026-09-02 09:57:39+00:00 [Note] [Entrypoint]: Entrypoint script for MySQL Server 26.7.0-1.el9 started.
jobportaldb  | 2026-09-02 09:57:40+00:00 [Note] [Entrypoint]: Switching to dedicated user 'mysql'
jobportaldb  | 2026-09-02 09:57:40+00:00 [Note] [Entrypoint]: Entrypoint script for MySQL Server 26.7.0-1.el9 started.
jobportaldb  | '/var/lib/mysql/mysql.sock' -> '/var/run/mysqld/mysqld.sock'
jobportaldb  | 2026-09-02T09:57:40.381164Z 0 [System] [MY-015015] [Server] MySQL Server - start.
jobportaldb  | 2026-09-02T09:57:40.591153Z 0 [System] [MY-010116] [Server] /usr/sbin/mysqld (mysqld 26.7.0) starting as process 1
jobportaldb  | 2026-09-02T09:57:40.591180Z 0 [System] [MY-015603] [Server] MySQL Server has access to 20 logical CPUs.
jobportaldb  | 2026-09-02T09:57:40.591192Z 0 [System] [MY-015603] [Server] MySQL Server has access to 5978779648 bytes of physical memory.
jobportaldb  | 2026-09-02T09:57:40.597088Z 1 [System] [MY-013576] [InnoDB] InnoDB initialization has started.
jobportaldb  | 2026-09-02T09:57:40.735534Z 1 [System] [MY-013577] [InnoDB] InnoDB initialization has ended.
jobportaldb  | 2026-09-02T09:57:40.891591Z 0 [Warning] [MY-010068] [Server] CA certificate ca.pem is self signed.
jobportaldb  | 2026-09-02T09:57:40.891625Z 0 [System] [MY-013602] [Server] Channel mysql_main configured to support TLS. Encrypted connections are now supported for this channel.
jobportaldb  | 2026-09-02T09:57:40.891631Z 0 [Warning] [MY-015696] [Server] TLS channel 'mysql_main' is not configured to require post-quantum key exchange algorithms; future TLS sessions may use a non-post-quantum key exchange algorithm because force_pqc is disabled
jobportaldb  | 2026-09-02T09:57:40.895007Z 0 [Warning] [MY-011810] [Server] Insecure configuration for --pid-file: Location '/var/run/mysqld' in the path is accessible to all OS users. Consider choosing a different directory.
jobportaldb  | 2026-09-02T09:57:40.911810Z 0 [Warning] [MY-015696] [Server] Plugin mysqlx reported: 'TLS channel 'mysqlx' is not configured to require post-quantum key exchange algorithms; future TLS sessions may use a non-post-quantum key exchange algorithm because force_pqc is disabled'
jobportaldb  | 2026-09-02T09:57:40.911910Z 0 [System] [MY-011323] [Server] X Plugin ready for connections. Bind-address: '::' port: 33060, socket: /var/run/mysqld/mysqlx.sock
jobportaldb  | 2026-09-02T09:57:40.911941Z 0 [System] [MY-010931] [Server] /usr/sbin/mysqld: ready for connections. Version: '26.7.0'  socket: '/var/run/mysqld/mysqld.sock'  port: 3306  MySQL Community Server - GPL.
jobportaldb  | 2026-09-02T10:09:38.832179Z 0 [System] [MY-013172] [Server] Received SHUTDOWN from user <via user signal>. Shutting down mysqld (Version: 26.7.0).
jobportaldb  | 2026-09-02T10:09:39.567684Z 0 [System] [MY-010910] [Server] /usr/sbin/mysqld: Shutdown complete (mysqld 26.7.0)  MySQL Community Server - GPL.
jobportaldb  | 2026-09-02T10:09:39.567701Z 0 [System] [MY-015016] [Server] MySQL Server - end.
jobportaldb  | 2026-09-02 10:09:44+00:00 [Note] [Entrypoint]: Entrypoint script for MySQL Server 26.7.0-1.el9 started.
jobportaldb  | 2026-09-02 10:09:44+00:00 [Note] [Entrypoint]: Switching to dedicated user 'mysql'
jobportaldb  | 2026-09-02 10:09:44+00:00 [Note] [Entrypoint]: Entrypoint script for MySQL Server 26.7.0-1.el9 started.
jobportaldb  | '/var/lib/mysql/mysql.sock' -> '/var/run/mysqld/mysqld.sock'
jobportaldb  | 2026-09-02T10:09:44.826203Z 0 [System] [MY-015015] [Server] MySQL Server - start.
jobportaldb  | 2026-09-02T10:09:45.039306Z 0 [System] [MY-010116] [Server] /usr/sbin/mysqld (mysqld 26.7.0) starting as process 1
jobportaldb  | 2026-09-02T10:09:45.039330Z 0 [System] [MY-015603] [Server] MySQL Server has access to 20 logical CPUs.
jobportaldb  | 2026-09-02T10:09:45.039343Z 0 [System] [MY-015603] [Server] MySQL Server has access to 5978779648 bytes of physical memory.
jobportaldb  | 2026-09-02T10:09:45.045437Z 1 [System] [MY-013576] [InnoDB] InnoDB initialization has started.
jobportaldb  | 2026-09-02T10:09:45.247839Z 1 [System] [MY-013577] [InnoDB] InnoDB initialization has ended.
jobportaldb  | 2026-09-02T10:09:45.454429Z 0 [Warning] [MY-010068] [Server] CA certificate ca.pem is self signed.
jobportaldb  | 2026-09-02T10:09:45.454464Z 0 [System] [MY-013602] [Server] Channel mysql_main configured to support TLS. Encrypted connections are now supported for this channel.
jobportaldb  | 2026-09-02T10:09:45.454471Z 0 [Warning] [MY-015696] [Server] TLS channel 'mysql_main' is not configured to require post-quantum key exchange algorithms; future TLS sessions may use a non-post-quantum key exchange algorithm because force_pqc is disabled
jobportaldb  | 2026-09-02T10:09:45.457679Z 0 [Warning] [MY-011810] [Server] Insecure configuration for --pid-file: Location '/var/run/mysqld' in the path is accessible to all OS users. Consider choosing a different directory.
jobportaldb  | 2026-09-02T10:09:45.487189Z 0 [Warning] [MY-015696] [Server] Plugin mysqlx reported: 'TLS channel 'mysqlx' is not configured to require post-quantum key exchange algorithms; future TLS sessions may use a non-post-quantum key exchange algorithm because force_pqc is disabled'
jobportaldb  | 2026-09-02T10:09:45.487324Z 0 [System] [MY-011323] [Server] X Plugin ready for connections. Bind-address: '::' port: 33060, socket: /var/run/mysqld/mysqlx.sock
jobportaldb  | 2026-09-02T10:09:45.487410Z 0 [System] [MY-010931] [Server] /usr/sbin/mysqld: ready for connections. Version: '26.7.0'  socket: '/var/run/mysqld/mysqld.sock'  port: 3306  MySQL Community Server - GPL.
jobportaldb  | 2026-09-07 10:54:51+00:00 [Note] [Entrypoint]: Entrypoint script for MySQL Server 26.7.0-1.el9 started.
jobportaldb  | 2026-09-07 10:54:51+00:00 [Note] [Entrypoint]: Switching to dedicated user 'mysql'
jobportaldb  | 2026-09-07 10:54:51+00:00 [Note] [Entrypoint]: Entrypoint script for MySQL Server 26.7.0-1.el9 started.
jobportaldb  | '/var/lib/mysql/mysql.sock' -> '/var/run/mysqld/mysqld.sock'
jobportaldb  | 2026-09-07T10:54:51.721216Z 0 [System] [MY-015015] [Server] MySQL Server - start.
jobportaldb  | 2026-09-07T10:54:52.065372Z 0 [System] [MY-010116] [Server] /usr/sbin/mysqld (mysqld 26.7.0) starting as process 1
jobportaldb  | 2026-09-07T10:54:52.065396Z 0 [System] [MY-015603] [Server] MySQL Server has access to 20 logical CPUs.
jobportaldb  | 2026-09-07T10:54:52.065413Z 0 [System] [MY-015603] [Server] MySQL Server has access to 5978771456 bytes of physical memory.
jobportaldb  | 2026-09-07T10:54:52.086571Z 1 [System] [MY-013576] [InnoDB] InnoDB initialization has started.
jobportaldb  | 2026-09-07T10:54:52.503055Z 1 [System] [MY-013577] [InnoDB] InnoDB initialization has ended.
jobportaldb  | 2026-09-07T10:54:52.608894Z 0 [System] [MY-010229] [Server] Starting XA crash recovery...
jobportaldb  | 2026-09-07T10:54:52.623747Z 0 [System] [MY-010232] [Server] XA crash recovery finished.
jobportaldb  | 2026-09-07T10:54:52.710836Z 0 [Warning] [MY-010068] [Server] CA certificate ca.pem is self signed.
jobportaldb  | 2026-09-07T10:54:52.710906Z 0 [System] [MY-013602] [Server] Channel mysql_main configured to support TLS. Encrypted connections are now supported for this channel.
jobportaldb  | 2026-09-07T10:54:52.710933Z 0 [Warning] [MY-015696] [Server] TLS channel 'mysql_main' is not configured to require post-quantum key exchange algorithms; future TLS sessions may use a non-post-quantum key exchange algorithm because force_pqc is disabled
jobportaldb  | 2026-09-07T10:54:52.717222Z 0 [Warning] [MY-011810] [Server] Insecure configuration for --pid-file: Location '/var/run/mysqld' in the path is accessible to all OS users. Consider choosing a different directory.
jobportaldb  | 2026-09-07T10:54:52.755218Z 0 [Warning] [MY-015696] [Server] Plugin mysqlx reported: 'TLS channel 'mysqlx' is not configured to require post-quantum key exchange algorithms; future TLS sessions may use a non-post-quantum key exchange algorithm because force_pqc is disabled'
jobportaldb  | 2026-09-07T10:54:52.755445Z 0 [System] [MY-011323] [Server] X Plugin ready for connections. Bind-address: '::' port: 33060, socket: /var/run/mysqld/mysqlx.sock
jobportaldb  | 2026-09-07T10:54:52.755523Z 0 [System] [MY-010931] [Server] /usr/sbin/mysqld: ready for connections. Version: '26.7.0'  socket: '/var/run/mysqld/mysqld.sock'  port: 3306  MySQL Community Server - GPL.
jobportaldb  | 2026-09-07T11:10:50.072178Z 0 [System] [MY-013172] [Server] Received SHUTDOWN from user <via user signal>. Shutting down mysqld (Version: 26.7.0).
jobportaldb  | 2026-09-07T11:10:51.491861Z 0 [System] [MY-010910] [Server] /usr/sbin/mysqld: Shutdown complete (mysqld 26.7.0)  MySQL Community Server - GPL.
jobportaldb  | 2026-09-07T11:10:51.491876Z 0 [System] [MY-015016] [Server] MySQL Server - end.
jobportaldb  | 2026-09-07 11:10:58+00:00 [Note] [Entrypoint]: Entrypoint script for MySQL Server 26.7.0-1.el9 started.
jobportaldb  | 2026-09-07 11:10:59+00:00 [Note] [Entrypoint]: Switching to dedicated user 'mysql'
jobportaldb  | 2026-09-07 11:10:59+00:00 [Note] [Entrypoint]: Entrypoint script for MySQL Server 26.7.0-1.el9 started.
jobportaldb  | '/var/lib/mysql/mysql.sock' -> '/var/run/mysqld/mysqld.sock'
jobportaldb  | 2026-09-07T11:10:59.227008Z 0 [System] [MY-015015] [Server] MySQL Server - start.
jobportaldb  | 2026-09-07T11:10:59.422218Z 0 [System] [MY-010116] [Server] /usr/sbin/mysqld (mysqld 26.7.0) starting as process 1
jobportaldb  | 2026-09-07T11:10:59.422227Z 0 [System] [MY-015603] [Server] MySQL Server has access to 20 logical CPUs.
jobportaldb  | 2026-09-07T11:10:59.422237Z 0 [System] [MY-015603] [Server] MySQL Server has access to 5978771456 bytes of physical memory.
jobportaldb  | 2026-09-07T11:10:59.426120Z 1 [System] [MY-013576] [InnoDB] InnoDB initialization has started.
jobportaldb  | 2026-09-07T11:10:59.642419Z 1 [System] [MY-013577] [InnoDB] InnoDB initialization has ended.
jobportaldb  | 2026-09-07T11:10:59.804705Z 0 [Warning] [MY-010068] [Server] CA certificate ca.pem is self signed.
jobportaldb  | 2026-09-07T11:10:59.804735Z 0 [System] [MY-013602] [Server] Channel mysql_main configured to support TLS. Encrypted connections are now supported for this channel.
jobportaldb  | 2026-09-07T11:10:59.804751Z 0 [Warning] [MY-015696] [Server] TLS channel 'mysql_main' is not configured to require post-quantum key exchange algorithms; future TLS sessions may use a non-post-quantum key exchange algorithm because force_pqc is disabled
jobportaldb  | 2026-09-07T11:10:59.808142Z 0 [Warning] [MY-011810] [Server] Insecure configuration for --pid-file: Location '/var/run/mysqld' in the path is accessible to all OS users. Consider choosing a different directory.
jobportaldb  | 2026-09-07T11:10:59.828731Z 0 [Warning] [MY-015696] [Server] Plugin mysqlx reported: 'TLS channel 'mysqlx' is not configured to require post-quantum key exchange algorithms; future TLS sessions may use a non-post-quantum key exchange algorithm because force_pqc is disabled'
jobportaldb  | 2026-09-07T11:10:59.828869Z 0 [System] [MY-010931] [Server] /usr/sbin/mysqld: ready for connections. Version: '26.7.0'  socket: '/var/run/mysqld/mysqld.sock'  port: 3306  MySQL Community Server - GPL.
jobportaldb  | 2026-09-07T11:10:59.828900Z 0 [System] [MY-011323] [Server] X Plugin ready for connections. Bind-address: '::' port: 33060, socket: /var/run/mysqld/mysqlx.sock
jobportaldb  | 2026-09-07T11:11:04.347335Z 0 [System] [MY-013172] [Server] Received SHUTDOWN from user <via user signal>. Shutting down mysqld (Version: 26.7.0).
jobportaldb  | 2026-09-07T11:11:05.252537Z 0 [System] [MY-010910] [Server] /usr/sbin/mysqld: Shutdown complete (mysqld 26.7.0)  MySQL Community Server - GPL.
jobportaldb  | 2026-09-07T11:11:05.252552Z 0 [System] [MY-015016] [Server] MySQL Server - end.
jobportaldb  | 2026-09-07 11:13:14+00:00 [Note] [Entrypoint]: Entrypoint script for MySQL Server 26.7.0-1.el9 started.
jobportaldb  | 2026-09-07 11:13:15+00:00 [Note] [Entrypoint]: Switching to dedicated user 'mysql'
jobportaldb  | 2026-09-07 11:13:15+00:00 [Note] [Entrypoint]: Entrypoint script for MySQL Server 26.7.0-1.el9 started.
jobportaldb  | '/var/lib/mysql/mysql.sock' -> '/var/run/mysqld/mysqld.sock'
jobportaldb  | 2026-09-07T11:13:15.401662Z 0 [System] [MY-015015] [Server] MySQL Server - start.
jobportaldb  | 2026-09-07T11:13:15.577255Z 0 [System] [MY-010116] [Server] /usr/sbin/mysqld (mysqld 26.7.0) starting as process 1
jobportaldb  | 2026-09-07T11:13:15.577267Z 0 [System] [MY-015603] [Server] MySQL Server has access to 20 logical CPUs.
jobportaldb  | 2026-09-07T11:13:15.577276Z 0 [System] [MY-015603] [Server] MySQL Server has access to 5978771456 bytes of physical memory.
jobportaldb  | 2026-09-07T11:13:15.581033Z 1 [System] [MY-013576] [InnoDB] InnoDB initialization has started.
jobportaldb  | 2026-09-07T11:13:15.768815Z 1 [System] [MY-013577] [InnoDB] InnoDB initialization has ended.
jobportaldb  | 2026-09-07T11:13:15.940279Z 0 [Warning] [MY-010068] [Server] CA certificate ca.pem is self signed.
jobportaldb  | 2026-09-07T11:13:15.940328Z 0 [System] [MY-013602] [Server] Channel mysql_main configured to support TLS. Encrypted connections are now supported for this channel.
jobportaldb  | 2026-09-07T11:13:15.940335Z 0 [Warning] [MY-015696] [Server] TLS channel 'mysql_main' is not configured to require post-quantum key exchange algorithms; future TLS sessions may use a non-post-quantum key exchange algorithm because force_pqc is disabled
jobportaldb  | 2026-09-07T11:13:15.943202Z 0 [Warning] [MY-011810] [Server] Insecure configuration for --pid-file: Location '/var/run/mysqld' in the path is accessible to all OS users. Consider choosing a different directory.
jobportaldb  | 2026-09-07T11:13:15.958629Z 0 [Warning] [MY-015696] [Server] Plugin mysqlx reported: 'TLS channel 'mysqlx' is not configured to require post-quantum key exchange algorithms; future TLS sessions may use a non-post-quantum key exchange algorithm because force_pqc is disabled'
jobportaldb  | 2026-09-07T11:13:15.958740Z 0 [System] [MY-011323] [Server] X Plugin ready for connections. Bind-address: '::' port: 33060, socket: /var/run/mysqld/mysqlx.sock
jobportaldb  | 2026-09-07T11:13:15.958791Z 0 [System] [MY-010931] [Server] /usr/sbin/mysqld: ready for connections. Version: '26.7.0'  socket: '/var/run/mysqld/mysqld.sock'  port: 3306  MySQL Community Server - GPL.
jobportaldb  | 2026-09-07T11:13:19.750471Z 0 [System] [MY-013172] [Server] Received SHUTDOWN from user <via user signal>. Shutting down mysqld (Version: 26.7.0).
jobportaldb  | 2026-09-07T11:13:20.384892Z 0 [System] [MY-010910] [Server] /usr/sbin/mysqld: Shutdown complete (mysqld 26.7.0)  MySQL Community Server - GPL.
jobportaldb  | 2026-09-07T11:13:20.384908Z 0 [System] [MY-015016] [Server] MySQL Server - end.
jobportaldb  | 2026-09-07 11:20:28+00:00 [Note] [Entrypoint]: Entrypoint script for MySQL Server 26.7.0-1.el9 started.
jobportaldb  | 2026-09-07 11:20:29+00:00 [Note] [Entrypoint]: Switching to dedicated user 'mysql'
jobportaldb  | 2026-09-07 11:20:29+00:00 [Note] [Entrypoint]: Entrypoint script for MySQL Server 26.7.0-1.el9 started.
jobportaldb  | '/var/lib/mysql/mysql.sock' -> '/var/run/mysqld/mysqld.sock'
jobportaldb  | 2026-09-07T11:20:29.570119Z 0 [System] [MY-015015] [Server] MySQL Server - start.
jobportaldb  | 2026-09-07T11:20:30.046913Z 0 [System] [MY-010116] [Server] /usr/sbin/mysqld (mysqld 26.7.0) starting as process 1
jobportaldb  | 2026-09-07T11:20:30.046942Z 0 [System] [MY-015603] [Server] MySQL Server has access to 20 logical CPUs.
jobportaldb  | 2026-09-07T11:20:30.046960Z 0 [System] [MY-015603] [Server] MySQL Server has access to 5978759168 bytes of physical memory.
jobportaldb  | 2026-09-07T11:20:30.069633Z 1 [System] [MY-013576] [InnoDB] InnoDB initialization has started.
jobportaldb  | 2026-09-07T11:20:30.349929Z 1 [System] [MY-013577] [InnoDB] InnoDB initialization has ended.
jobportaldb  | 2026-09-07T11:20:30.565919Z 0 [Warning] [MY-010068] [Server] CA certificate ca.pem is self signed.
jobportaldb  | 2026-09-07T11:20:30.565954Z 0 [System] [MY-013602] [Server] Channel mysql_main configured to support TLS. Encrypted connections are now supported for this channel.
jobportaldb  | 2026-09-07T11:20:30.565961Z 0 [Warning] [MY-015696] [Server] TLS channel 'mysql_main' is not configured to require post-quantum key exchange algorithms; future TLS sessions may use a non-post-quantum key exchange algorithm because force_pqc is disabled
jobportaldb  | 2026-09-07T11:20:30.569610Z 0 [Warning] [MY-011810] [Server] Insecure configuration for --pid-file: Location '/var/run/mysqld' in the path is accessible to all OS users. Consider choosing a different directory.
jobportaldb  | 2026-09-07T11:20:30.591079Z 0 [Warning] [MY-015696] [Server] Plugin mysqlx reported: 'TLS channel 'mysqlx' is not configured to require post-quantum key exchange algorithms; future TLS sessions may use a non-post-quantum key exchange algorithm because force_pqc is disabled'
jobportaldb  | 2026-09-07T11:20:30.591307Z 0 [System] [MY-011323] [Server] X Plugin ready for connections. Bind-address: '::' port: 33060, socket: /var/run/mysqld/mysqlx.sock
jobportaldb  | 2026-09-07T11:20:30.591412Z 0 [System] [MY-010931] [Server] /usr/sbin/mysqld: ready for connections. Version: '26.7.0'  socket: '/var/run/mysqld/mysqld.sock'  port: 3306  MySQL Community Server - GPL.
jobportaldb  | 2026-09-07T11:20:35.458474Z 0 [System] [MY-013172] [Server] Received SHUTDOWN from user <via user signal>. Shutting down mysqld (Version: 26.7.0).
jobportaldb  | 2026-09-07T11:20:36.949023Z 0 [System] [MY-010910] [Server] /usr/sbin/mysqld: Shutdown complete (mysqld 26.7.0)  MySQL Community Server - GPL.
jobportaldb  | 2026-09-07T11:20:36.949043Z 0 [System] [MY-015016] [Server] MySQL Server - end.
jobportaldb  | 2026-09-07 11:22:14+00:00 [Note] [Entrypoint]: Entrypoint script for MySQL Server 26.7.0-1.el9 started.
jobportaldb  | 2026-09-07 11:22:15+00:00 [Note] [Entrypoint]: Switching to dedicated user 'mysql'
jobportaldb  | 2026-09-07 11:22:15+00:00 [Note] [Entrypoint]: Entrypoint script for MySQL Server 26.7.0-1.el9 started.
jobportaldb  | '/var/lib/mysql/mysql.sock' -> '/var/run/mysqld/mysqld.sock'
jobportaldb  | 2026-09-07T11:22:15.263098Z 0 [System] [MY-015015] [Server] MySQL Server - start.
jobportaldb  | 2026-09-07T11:22:15.478837Z 0 [System] [MY-010116] [Server] /usr/sbin/mysqld (mysqld 26.7.0) starting as process 1
jobportaldb  | 2026-09-07T11:22:15.478855Z 0 [System] [MY-015603] [Server] MySQL Server has access to 20 logical CPUs.
jobportaldb  | 2026-09-07T11:22:15.478869Z 0 [System] [MY-015603] [Server] MySQL Server has access to 5978759168 bytes of physical memory.
jobportaldb  | 2026-09-07T11:22:15.485208Z 1 [System] [MY-013576] [InnoDB] InnoDB initialization has started.
jobportaldb  | 2026-09-07T11:22:15.703116Z 1 [System] [MY-013577] [InnoDB] InnoDB initialization has ended.
jobportaldb  | 2026-09-07T11:22:15.905524Z 0 [Warning] [MY-010068] [Server] CA certificate ca.pem is self signed.
jobportaldb  | 2026-09-07T11:22:15.905549Z 0 [System] [MY-013602] [Server] Channel mysql_main configured to support TLS. Encrypted connections are now supported for this channel.
jobportaldb  | 2026-09-07T11:22:15.905553Z 0 [Warning] [MY-015696] [Server] TLS channel 'mysql_main' is not configured to require post-quantum key exchange algorithms; future TLS sessions may use a non-post-quantum key exchange algorithm because force_pqc is disabled
jobportaldb  | 2026-09-07T11:22:15.908280Z 0 [Warning] [MY-011810] [Server] Insecure configuration for --pid-file: Location '/var/run/mysqld' in the path is accessible to all OS users. Consider choosing a different directory.
jobportaldb  | 2026-09-07T11:22:15.924050Z 0 [Warning] [MY-015696] [Server] Plugin mysqlx reported: 'TLS channel 'mysqlx' is not configured to require post-quantum key exchange algorithms; future TLS sessions may use a non-post-quantum key exchange algorithm because force_pqc is disabled'
jobportaldb  | 2026-09-07T11:22:15.924172Z 0 [System] [MY-010931] [Server] /usr/sbin/mysqld: ready for connections. Version: '26.7.0'  socket: '/var/run/mysqld/mysqld.sock'  port: 3306  MySQL Community Server - GPL.
jobportaldb  | 2026-09-07T11:22:15.924185Z 0 [System] [MY-011323] [Server] X Plugin ready for connections. Bind-address: '::' port: 33060, socket: /var/run/mysqld/mysqlx.sock
jobportaldb  | 2026-09-07T11:22:20.002357Z 0 [System] [MY-013172] [Server] Received SHUTDOWN from user <via user signal>. Shutting down mysqld (Version: 26.7.0).
jobportaldb  | 2026-09-07T11:22:21.330667Z 0 [System] [MY-010910] [Server] /usr/sbin/mysqld: Shutdown complete (mysqld 26.7.0)  MySQL Community Server - GPL.
jobportaldb  | 2026-09-07T11:22:21.330688Z 0 [System] [MY-015016] [Server] MySQL Server - end.
jobportaldb  | 2026-09-07 11:23:45+00:00 [Note] [Entrypoint]: Entrypoint script for MySQL Server 26.7.0-1.el9 started.
jobportaldb  | 2026-09-07 11:23:45+00:00 [Note] [Entrypoint]: Switching to dedicated user 'mysql'
jobportaldb  | 2026-09-07 11:23:45+00:00 [Note] [Entrypoint]: Entrypoint script for MySQL Server 26.7.0-1.el9 started.
jobportaldb  | '/var/lib/mysql/mysql.sock' -> '/var/run/mysqld/mysqld.sock'
jobportaldb  | 2026-09-07T11:23:45.489398Z 0 [System] [MY-015015] [Server] MySQL Server - start.
jobportaldb  | 2026-09-07T11:23:45.677585Z 0 [System] [MY-010116] [Server] /usr/sbin/mysqld (mysqld 26.7.0) starting as process 1
jobportaldb  | 2026-09-07T11:23:45.677594Z 0 [System] [MY-015603] [Server] MySQL Server has access to 20 logical CPUs.
jobportaldb  | 2026-09-07T11:23:45.677604Z 0 [System] [MY-015603] [Server] MySQL Server has access to 5978759168 bytes of physical memory.
jobportaldb  | 2026-09-07T11:23:45.681394Z 1 [System] [MY-013576] [InnoDB] InnoDB initialization has started.
jobportaldb  | 2026-09-07T11:23:45.892056Z 1 [System] [MY-013577] [InnoDB] InnoDB initialization has ended.
jobportaldb  | 2026-09-07T11:23:46.075990Z 0 [Warning] [MY-010068] [Server] CA certificate ca.pem is self signed.
jobportaldb  | 2026-09-07T11:23:46.076014Z 0 [System] [MY-013602] [Server] Channel mysql_main configured to support TLS. Encrypted connections are now supported for this channel.
jobportaldb  | 2026-09-07T11:23:46.076019Z 0 [Warning] [MY-015696] [Server] TLS channel 'mysql_main' is not configured to require post-quantum key exchange algorithms; future TLS sessions may use a non-post-quantum key exchange algorithm because force_pqc is disabled
jobportaldb  | 2026-09-07T11:23:46.079793Z 0 [Warning] [MY-011810] [Server] Insecure configuration for --pid-file: Location '/var/run/mysqld' in the path is accessible to all OS users. Consider choosing a different directory.
jobportaldb  | 2026-09-07T11:23:46.094692Z 0 [Warning] [MY-015696] [Server] Plugin mysqlx reported: 'TLS channel 'mysqlx' is not configured to require post-quantum key exchange algorithms; future TLS sessions may use a non-post-quantum key exchange algorithm because force_pqc is disabled'
jobportaldb  | 2026-09-07T11:23:46.094810Z 0 [System] [MY-011323] [Server] X Plugin ready for connections. Bind-address: '::' port: 33060, socket: /var/run/mysqld/mysqlx.sock
jobportaldb  | 2026-09-07T11:23:46.094871Z 0 [System] [MY-010931] [Server] /usr/sbin/mysqld: ready for connections. Version: '26.7.0'  socket: '/var/run/mysqld/mysqld.sock'  port: 3306  MySQL Community Server - GPL.
jobportaldb  | 2026-09-07T11:23:50.122249Z 0 [System] [MY-013172] [Server] Received SHUTDOWN from user <via user signal>. Shutting down mysqld (Version: 26.7.0).
jobportaldb  | 2026-09-07T11:23:51.508851Z 0 [System] [MY-010910] [Server] /usr/sbin/mysqld: Shutdown complete (mysqld 26.7.0)  MySQL Community Server - GPL.
jobportaldb  | 2026-09-07T11:23:51.508871Z 0 [System] [MY-015016] [Server] MySQL Server - end.
jobportaldb  | 2026-09-07 11:23:55+00:00 [Note] [Entrypoint]: Entrypoint script for MySQL Server 26.7.0-1.el9 started.
jobportaldb  | 2026-09-07 11:23:55+00:00 [Note] [Entrypoint]: Switching to dedicated user 'mysql'
jobportaldb  | 2026-09-07 11:23:55+00:00 [Note] [Entrypoint]: Entrypoint script for MySQL Server 26.7.0-1.el9 started.
jobportaldb  | '/var/lib/mysql/mysql.sock' -> '/var/run/mysqld/mysqld.sock'
jobportaldb  | 2026-09-07T11:23:55.603667Z 0 [System] [MY-015015] [Server] MySQL Server - start.
jobportaldb  | 2026-09-07T11:23:55.783814Z 0 [System] [MY-010116] [Server] /usr/sbin/mysqld (mysqld 26.7.0) starting as process 1
jobportaldb  | 2026-09-07T11:23:55.783823Z 0 [System] [MY-015603] [Server] MySQL Server has access to 20 logical CPUs.
jobportaldb  | 2026-09-07T11:23:55.783832Z 0 [System] [MY-015603] [Server] MySQL Server has access to 5978759168 bytes of physical memory.
jobportaldb  | 2026-09-07T11:23:55.787506Z 1 [System] [MY-013576] [InnoDB] InnoDB initialization has started.
jobportaldb  | 2026-09-07T11:23:55.986133Z 1 [System] [MY-013577] [InnoDB] InnoDB initialization has ended.
jobportaldb  | 2026-09-07T11:23:56.119617Z 0 [Warning] [MY-010068] [Server] CA certificate ca.pem is self signed.
jobportaldb  | 2026-09-07T11:23:56.119651Z 0 [System] [MY-013602] [Server] Channel mysql_main configured to support TLS. Encrypted connections are now supported for this channel.
jobportaldb  | 2026-09-07T11:23:56.119659Z 0 [Warning] [MY-015696] [Server] TLS channel 'mysql_main' is not configured to require post-quantum key exchange algorithms; future TLS sessions may use a non-post-quantum key exchange algorithm because force_pqc is disabled
jobportaldb  | 2026-09-07T11:23:56.122570Z 0 [Warning] [MY-011810] [Server] Insecure configuration for --pid-file: Location '/var/run/mysqld' in the path is accessible to all OS users. Consider choosing a different directory.
jobportaldb  | 2026-09-07T11:23:56.143092Z 0 [Warning] [MY-015696] [Server] Plugin mysqlx reported: 'TLS channel 'mysqlx' is not configured to require post-quantum key exchange algorithms; future TLS sessions may use a non-post-quantum key exchange algorithm because force_pqc is disabled'
jobportaldb  | 2026-09-07T11:23:56.143276Z 0 [System] [MY-011323] [Server] X Plugin ready for connections. Bind-address: '::' port: 33060, socket: /var/run/mysqld/mysqlx.sock
jobportaldb  | 2026-09-07T11:23:56.143333Z 0 [System] [MY-010931] [Server] /usr/sbin/mysqld: ready for connections. Version: '26.7.0'  socket: '/var/run/mysqld/mysqld.sock'  port: 3306  MySQL Community Server - GPL.
jobportaldb  | 2026-09-07T11:24:00.238883Z 0 [System] [MY-013172] [Server] Received SHUTDOWN from user <via user signal>. Shutting down mysqld (Version: 26.7.0).
jobportaldb  | 2026-09-07T11:24:01.596708Z 0 [System] [MY-010910] [Server] /usr/sbin/mysqld: Shutdown complete (mysqld 26.7.0)  MySQL Community Server - GPL.
jobportaldb  | 2026-09-07T11:24:01.596731Z 0 [System] [MY-015016] [Server] MySQL Server - end.
jobportaldb  | 2026-09-07 11:24:07+00:00 [Note] [Entrypoint]: Entrypoint script for MySQL Server 26.7.0-1.el9 started.
jobportaldb  | 2026-09-07 11:24:07+00:00 [Note] [Entrypoint]: Switching to dedicated user 'mysql'
jobportaldb  | 2026-09-07 11:24:07+00:00 [Note] [Entrypoint]: Entrypoint script for MySQL Server 26.7.0-1.el9 started.
jobportaldb  | '/var/lib/mysql/mysql.sock' -> '/var/run/mysqld/mysqld.sock'
jobportaldb  | 2026-09-07T11:24:07.483321Z 0 [System] [MY-015015] [Server] MySQL Server - start.
jobportaldb  | 2026-09-07T11:24:07.692171Z 0 [System] [MY-010116] [Server] /usr/sbin/mysqld (mysqld 26.7.0) starting as process 1
jobportaldb  | 2026-09-07T11:24:07.692187Z 0 [System] [MY-015603] [Server] MySQL Server has access to 20 logical CPUs.
jobportaldb  | 2026-09-07T11:24:07.692199Z 0 [System] [MY-015603] [Server] MySQL Server has access to 5978759168 bytes of physical memory.
jobportaldb  | 2026-09-07T11:24:07.698440Z 1 [System] [MY-013576] [InnoDB] InnoDB initialization has started.
jobportaldb  | 2026-09-07T11:24:07.944924Z 1 [System] [MY-013577] [InnoDB] InnoDB initialization has ended.
jobportaldb  | 2026-09-07T11:24:08.073695Z 0 [Warning] [MY-010068] [Server] CA certificate ca.pem is self signed.
jobportaldb  | 2026-09-07T11:24:08.073722Z 0 [System] [MY-013602] [Server] Channel mysql_main configured to support TLS. Encrypted connections are now supported for this channel.
jobportaldb  | 2026-09-07T11:24:08.073727Z 0 [Warning] [MY-015696] [Server] TLS channel 'mysql_main' is not configured to require post-quantum key exchange algorithms; future TLS sessions may use a non-post-quantum key exchange algorithm because force_pqc is disabled
jobportaldb  | 2026-09-07T11:24:08.076970Z 0 [Warning] [MY-011810] [Server] Insecure configuration for --pid-file: Location '/var/run/mysqld' in the path is accessible to all OS users. Consider choosing a different directory.
jobportaldb  | 2026-09-07T11:24:08.091094Z 0 [Warning] [MY-015696] [Server] Plugin mysqlx reported: 'TLS channel 'mysqlx' is not configured to require post-quantum key exchange algorithms; future TLS sessions may use a non-post-quantum key exchange algorithm because force_pqc is disabled'
jobportaldb  | 2026-09-07T11:24:08.091258Z 0 [System] [MY-010931] [Server] /usr/sbin/mysqld: ready for connections. Version: '26.7.0'  socket: '/var/run/mysqld/mysqld.sock'  port: 3306  MySQL Community Server - GPL.
jobportaldb  | 2026-09-07T11:24:08.091262Z 0 [System] [MY-011323] [Server] X Plugin ready for connections. Bind-address: '::' port: 33060, socket: /var/run/mysqld/mysqlx.sock
jobportaldb  | 2026-09-07T11:24:11.918606Z 0 [System] [MY-013172] [Server] Received SHUTDOWN from user <via user signal>. Shutting down mysqld (Version: 26.7.0).
jobportaldb  | 2026-09-07T11:24:12.568070Z 0 [System] [MY-010910] [Server] /usr/sbin/mysqld: Shutdown complete (mysqld 26.7.0)  MySQL Community Server - GPL.
jobportaldb  | 2026-09-07T11:24:12.568088Z 0 [System] [MY-015016] [Server] MySQL Server - end.
jobportaldb  | 2026-09-07 11:25:59+00:00 [Note] [Entrypoint]: Entrypoint script for MySQL Server 26.7.0-1.el9 started.
jobportaldb  | 2026-09-07 11:25:59+00:00 [Note] [Entrypoint]: Switching to dedicated user 'mysql'
jobportaldb  | 2026-09-07 11:25:59+00:00 [Note] [Entrypoint]: Entrypoint script for MySQL Server 26.7.0-1.el9 started.
jobportaldb  | '/var/lib/mysql/mysql.sock' -> '/var/run/mysqld/mysqld.sock'
jobportaldb  | 2026-09-07T11:25:59.858410Z 0 [System] [MY-015015] [Server] MySQL Server - start.
jobportaldb  | 2026-09-07T11:26:00.040316Z 0 [System] [MY-010116] [Server] /usr/sbin/mysqld (mysqld 26.7.0) starting as process 1
jobportaldb  | 2026-09-07T11:26:00.040327Z 0 [System] [MY-015603] [Server] MySQL Server has access to 20 logical CPUs.
jobportaldb  | 2026-09-07T11:26:00.040336Z 0 [System] [MY-015603] [Server] MySQL Server has access to 5978759168 bytes of physical memory.
jobportaldb  | 2026-09-07T11:26:00.044084Z 1 [System] [MY-013576] [InnoDB] InnoDB initialization has started.
jobportaldb  | 2026-09-07T11:26:00.241405Z 1 [System] [MY-013577] [InnoDB] InnoDB initialization has ended.
jobportaldb  | 2026-09-07T11:26:00.421234Z 0 [Warning] [MY-010068] [Server] CA certificate ca.pem is self signed.
jobportaldb  | 2026-09-07T11:26:00.421272Z 0 [System] [MY-013602] [Server] Channel mysql_main configured to support TLS. Encrypted connections are now supported for this channel.
jobportaldb  | 2026-09-07T11:26:00.421280Z 0 [Warning] [MY-015696] [Server] TLS channel 'mysql_main' is not configured to require post-quantum key exchange algorithms; future TLS sessions may use a non-post-quantum key exchange algorithm because force_pqc is disabled
jobportaldb  | 2026-09-07T11:26:00.424499Z 0 [Warning] [MY-011810] [Server] Insecure configuration for --pid-file: Location '/var/run/mysqld' in the path is accessible to all OS users. Consider choosing a different directory.
jobportaldb  | 2026-09-07T11:26:00.446383Z 0 [Warning] [MY-015696] [Server] Plugin mysqlx reported: 'TLS channel 'mysqlx' is not configured to require post-quantum key exchange algorithms; future TLS sessions may use a non-post-quantum key exchange algorithm because force_pqc is disabled'
jobportaldb  | 2026-09-07T11:26:00.446567Z 0 [System] [MY-011323] [Server] X Plugin ready for connections. Bind-address: '::' port: 33060, socket: /var/run/mysqld/mysqlx.sock
jobportaldb  | 2026-09-07T11:26:00.446670Z 0 [System] [MY-010931] [Server] /usr/sbin/mysqld: ready for connections. Version: '26.7.0'  socket: '/var/run/mysqld/mysqld.sock'  port: 3306  MySQL Community Server - GPL.
jobportaldb  | 2026-09-07T11:26:04.145589Z 0 [System] [MY-013172] [Server] Received SHUTDOWN from user <via user signal>. Shutting down mysqld (Version: 26.7.0).
jobportaldb  | 2026-09-07T11:26:04.843346Z 0 [System] [MY-010910] [Server] /usr/sbin/mysqld: Shutdown complete (mysqld 26.7.0)  MySQL Community Server - GPL.
jobportaldb  | 2026-09-07T11:26:04.843360Z 0 [System] [MY-015016] [Server] MySQL Server - end.
jobportaldb  | 2026-09-07 11:26:24+00:00 [Note] [Entrypoint]: Entrypoint script for MySQL Server 26.7.0-1.el9 started.
jobportaldb  | 2026-09-07 11:26:24+00:00 [Note] [Entrypoint]: Switching to dedicated user 'mysql'
jobportaldb  | 2026-09-07 11:26:24+00:00 [Note] [Entrypoint]: Entrypoint script for MySQL Server 26.7.0-1.el9 started.
jobportaldb  | '/var/lib/mysql/mysql.sock' -> '/var/run/mysqld/mysqld.sock'
jobportaldb  | 2026-09-07T11:26:24.686631Z 0 [System] [MY-015015] [Server] MySQL Server - start.
jobportaldb  | 2026-09-07T11:26:24.867089Z 0 [System] [MY-010116] [Server] /usr/sbin/mysqld (mysqld 26.7.0) starting as process 1
jobportaldb  | 2026-09-07T11:26:24.867099Z 0 [System] [MY-015603] [Server] MySQL Server has access to 20 logical CPUs.
jobportaldb  | 2026-09-07T11:26:24.867109Z 0 [System] [MY-015603] [Server] MySQL Server has access to 5978759168 bytes of physical memory.
jobportaldb  | 2026-09-07T11:26:24.871135Z 1 [System] [MY-013576] [InnoDB] InnoDB initialization has started.
jobportaldb  | 2026-09-07T11:26:25.051305Z 1 [System] [MY-013577] [InnoDB] InnoDB initialization has ended.
jobportaldb  | 2026-09-07T11:26:25.241980Z 0 [Warning] [MY-010068] [Server] CA certificate ca.pem is self signed.
jobportaldb  | 2026-09-07T11:26:25.242008Z 0 [System] [MY-013602] [Server] Channel mysql_main configured to support TLS. Encrypted connections are now supported for this channel.
jobportaldb  | 2026-09-07T11:26:25.242012Z 0 [Warning] [MY-015696] [Server] TLS channel 'mysql_main' is not configured to require post-quantum key exchange algorithms; future TLS sessions may use a non-post-quantum key exchange algorithm because force_pqc is disabled
jobportaldb  | 2026-09-07T11:26:25.244824Z 0 [Warning] [MY-011810] [Server] Insecure configuration for --pid-file: Location '/var/run/mysqld' in the path is accessible to all OS users. Consider choosing a different directory.
jobportaldb  | 2026-09-07T11:26:25.259448Z 0 [Warning] [MY-015696] [Server] Plugin mysqlx reported: 'TLS channel 'mysqlx' is not configured to require post-quantum key exchange algorithms; future TLS sessions may use a non-post-quantum key exchange algorithm because force_pqc is disabled'
jobportaldb  | 2026-09-07T11:26:25.259585Z 0 [System] [MY-011323] [Server] X Plugin ready for connections. Bind-address: '::' port: 33060, socket: /var/run/mysqld/mysqlx.sock
jobportaldb  | 2026-09-07T11:26:25.259614Z 0 [System] [MY-010931] [Server] /usr/sbin/mysqld: ready for connections. Version: '26.7.0'  socket: '/var/run/mysqld/mysqld.sock'  port: 3306  MySQL Community Server - GPL.
jobportaldb  | 2026-09-07T11:26:29.221918Z 0 [System] [MY-013172] [Server] Received SHUTDOWN from user <via user signal>. Shutting down mysqld (Version: 26.7.0).
jobportaldb  | 2026-09-07T11:26:30.672284Z 0 [System] [MY-010910] [Server] /usr/sbin/mysqld: Shutdown complete (mysqld 26.7.0)  MySQL Community Server - GPL.
jobportaldb  | 2026-09-07T11:26:30.672299Z 0 [System] [MY-015016] [Server] MySQL Server - end.
jobportaldb  | 2026-09-07 11:27:23+00:00 [Note] [Entrypoint]: Entrypoint script for MySQL Server 26.7.0-1.el9 started.
jobportaldb  | 2026-09-07 11:27:23+00:00 [Note] [Entrypoint]: Switching to dedicated user 'mysql'
jobportaldb  | 2026-09-07 11:27:23+00:00 [Note] [Entrypoint]: Entrypoint script for MySQL Server 26.7.0-1.el9 started.
jobportaldb  | '/var/lib/mysql/mysql.sock' -> '/var/run/mysqld/mysqld.sock'
jobportaldb  | 2026-09-07T11:27:23.614720Z 0 [System] [MY-015015] [Server] MySQL Server - start.
jobportaldb  | 2026-09-07T11:27:23.832814Z 0 [System] [MY-010116] [Server] /usr/sbin/mysqld (mysqld 26.7.0) starting as process 1
jobportaldb  | 2026-09-07T11:27:23.832840Z 0 [System] [MY-015603] [Server] MySQL Server has access to 20 logical CPUs.
jobportaldb  | 2026-09-07T11:27:23.832854Z 0 [System] [MY-015603] [Server] MySQL Server has access to 5978759168 bytes of physical memory.
jobportaldb  | 2026-09-07T11:27:23.839095Z 1 [System] [MY-013576] [InnoDB] InnoDB initialization has started.
jobportaldb  | 2026-09-07T11:27:24.052495Z 1 [System] [MY-013577] [InnoDB] InnoDB initialization has ended.
jobportaldb  | 2026-09-07T11:27:24.232552Z 0 [Warning] [MY-010068] [Server] CA certificate ca.pem is self signed.
jobportaldb  | 2026-09-07T11:27:24.232587Z 0 [System] [MY-013602] [Server] Channel mysql_main configured to support TLS. Encrypted connections are now supported for this channel.
jobportaldb  | 2026-09-07T11:27:24.232595Z 0 [Warning] [MY-015696] [Server] TLS channel 'mysql_main' is not configured to require post-quantum key exchange algorithms; future TLS sessions may use a non-post-quantum key exchange algorithm because force_pqc is disabled
jobportaldb  | 2026-09-07T11:27:24.235529Z 0 [Warning] [MY-011810] [Server] Insecure configuration for --pid-file: Location '/var/run/mysqld' in the path is accessible to all OS users. Consider choosing a different directory.
jobportaldb  | 2026-09-07T11:27:24.255614Z 0 [Warning] [MY-015696] [Server] Plugin mysqlx reported: 'TLS channel 'mysqlx' is not configured to require post-quantum key exchange algorithms; future TLS sessions may use a non-post-quantum key exchange algorithm because force_pqc is disabled'
jobportaldb  | 2026-09-07T11:27:24.255781Z 0 [System] [MY-011323] [Server] X Plugin ready for connections. Bind-address: '::' port: 33060, socket: /var/run/mysqld/mysqlx.sock
jobportaldb  | 2026-09-07T11:27:24.255915Z 0 [System] [MY-010931] [Server] /usr/sbin/mysqld: ready for connections. Version: '26.7.0'  socket: '/var/run/mysqld/mysqld.sock'  port: 3306  MySQL Community Server - GPL.
jobportaldb  | 2026-09-07T11:27:28.060883Z 0 [System] [MY-013172] [Server] Received SHUTDOWN from user <via user signal>. Shutting down mysqld (Version: 26.7.0).
jobportaldb  | 2026-09-07T11:27:28.667505Z 0 [System] [MY-010910] [Server] /usr/sbin/mysqld: Shutdown complete (mysqld 26.7.0)  MySQL Community Server - GPL.
jobportaldb  | 2026-09-07T11:27:28.667518Z 0 [System] [MY-015016] [Server] MySQL Server - end.
jobportaldb  | 2026-09-07 11:28:04+00:00 [Note] [Entrypoint]: Entrypoint script for MySQL Server 26.7.0-1.el9 started.
jobportaldb  | 2026-09-07 11:28:05+00:00 [Note] [Entrypoint]: Switching to dedicated user 'mysql'
jobportaldb  | 2026-09-07 11:28:05+00:00 [Note] [Entrypoint]: Entrypoint script for MySQL Server 26.7.0-1.el9 started.
jobportaldb  | '/var/lib/mysql/mysql.sock' -> '/var/run/mysqld/mysqld.sock'
jobportaldb  | 2026-09-07T11:28:05.339953Z 0 [System] [MY-015015] [Server] MySQL Server - start.
jobportaldb  | 2026-09-07T11:28:05.543693Z 0 [System] [MY-010116] [Server] /usr/sbin/mysqld (mysqld 26.7.0) starting as process 1
jobportaldb  | 2026-09-07T11:28:05.543711Z 0 [System] [MY-015603] [Server] MySQL Server has access to 20 logical CPUs.
jobportaldb  | 2026-09-07T11:28:05.543724Z 0 [System] [MY-015603] [Server] MySQL Server has access to 5978759168 bytes of physical memory.
jobportaldb  | 2026-09-07T11:28:05.549806Z 1 [System] [MY-013576] [InnoDB] InnoDB initialization has started.
jobportaldb  | 2026-09-07T11:28:05.741637Z 1 [System] [MY-013577] [InnoDB] InnoDB initialization has ended.
jobportaldb  | 2026-09-07T11:28:05.889375Z 0 [Warning] [MY-010068] [Server] CA certificate ca.pem is self signed.
jobportaldb  | 2026-09-07T11:28:05.889416Z 0 [System] [MY-013602] [Server] Channel mysql_main configured to support TLS. Encrypted connections are now supported for this channel.
jobportaldb  | 2026-09-07T11:28:05.889424Z 0 [Warning] [MY-015696] [Server] TLS channel 'mysql_main' is not configured to require post-quantum key exchange algorithms; future TLS sessions may use a non-post-quantum key exchange algorithm because force_pqc is disabled
jobportaldb  | 2026-09-07T11:28:05.892389Z 0 [Warning] [MY-011810] [Server] Insecure configuration for --pid-file: Location '/var/run/mysqld' in the path is accessible to all OS users. Consider choosing a different directory.
jobportaldb  | 2026-09-07T11:28:05.913512Z 0 [Warning] [MY-015696] [Server] Plugin mysqlx reported: 'TLS channel 'mysqlx' is not configured to require post-quantum key exchange algorithms; future TLS sessions may use a non-post-quantum key exchange algorithm because force_pqc is disabled'
jobportaldb  | 2026-09-07T11:28:05.913712Z 0 [System] [MY-011323] [Server] X Plugin ready for connections. Bind-address: '::' port: 33060, socket: /var/run/mysqld/mysqlx.sock
jobportaldb  | 2026-09-07T11:28:05.913765Z 0 [System] [MY-010931] [Server] /usr/sbin/mysqld: ready for connections. Version: '26.7.0'  socket: '/var/run/mysqld/mysqld.sock'  port: 3306  MySQL Community Server - GPL.
jobportaldb  | 2026-09-07T11:28:09.988445Z 0 [System] [MY-013172] [Server] Received SHUTDOWN from user <via user signal>. Shutting down mysqld (Version: 26.7.0).
jobportaldb  | 2026-09-07T11:28:11.328073Z 0 [System] [MY-010910] [Server] /usr/sbin/mysqld: Shutdown complete (mysqld 26.7.0)  MySQL Community Server - GPL.
jobportaldb  | 2026-09-07T11:28:11.328090Z 0 [System] [MY-015016] [Server] MySQL Server - end.
jobportaldb  | 2026-09-07 11:31:26+00:00 [Note] [Entrypoint]: Entrypoint script for MySQL Server 26.7.0-1.el9 started.
jobportaldb  | 2026-09-07 11:31:26+00:00 [Note] [Entrypoint]: Switching to dedicated user 'mysql'
jobportaldb  | 2026-09-07 11:31:26+00:00 [Note] [Entrypoint]: Entrypoint script for MySQL Server 26.7.0-1.el9 started.
jobportaldb  | '/var/lib/mysql/mysql.sock' -> '/var/run/mysqld/mysqld.sock'
jobportaldb  | 2026-09-07T11:31:26.443950Z 0 [System] [MY-015015] [Server] MySQL Server - start.
jobportaldb  | 2026-09-07T11:31:26.653970Z 0 [System] [MY-010116] [Server] /usr/sbin/mysqld (mysqld 26.7.0) starting as process 1
jobportaldb  | 2026-09-07T11:31:26.653996Z 0 [System] [MY-015603] [Server] MySQL Server has access to 20 logical CPUs.
jobportaldb  | 2026-09-07T11:31:26.654015Z 0 [System] [MY-015603] [Server] MySQL Server has access to 5978759168 bytes of physical memory.
jobportaldb  | 2026-09-07T11:31:26.660267Z 1 [System] [MY-013576] [InnoDB] InnoDB initialization has started.
jobportaldb  | 2026-09-07T11:31:26.874570Z 1 [System] [MY-013577] [InnoDB] InnoDB initialization has ended.
jobportaldb  | 2026-09-07T11:31:27.062396Z 0 [Warning] [MY-010068] [Server] CA certificate ca.pem is self signed.
jobportaldb  | 2026-09-07T11:31:27.062431Z 0 [System] [MY-013602] [Server] Channel mysql_main configured to support TLS. Encrypted connections are now supported for this channel.
jobportaldb  | 2026-09-07T11:31:27.062438Z 0 [Warning] [MY-015696] [Server] TLS channel 'mysql_main' is not configured to require post-quantum key exchange algorithms; future TLS sessions may use a non-post-quantum key exchange algorithm because force_pqc is disabled
jobportaldb  | 2026-09-07T11:31:27.066266Z 0 [Warning] [MY-011810] [Server] Insecure configuration for --pid-file: Location '/var/run/mysqld' in the path is accessible to all OS users. Consider choosing a different directory.
jobportaldb  | 2026-09-07T11:31:27.089698Z 0 [Warning] [MY-015696] [Server] Plugin mysqlx reported: 'TLS channel 'mysqlx' is not configured to require post-quantum key exchange algorithms; future TLS sessions may use a non-post-quantum key exchange algorithm because force_pqc is disabled'
jobportaldb  | 2026-09-07T11:31:27.089918Z 0 [System] [MY-011323] [Server] X Plugin ready for connections. Bind-address: '::' port: 33060, socket: /var/run/mysqld/mysqlx.sock
jobportaldb  | 2026-09-07T11:31:27.089941Z 0 [System] [MY-010931] [Server] /usr/sbin/mysqld: ready for connections. Version: '26.7.0'  socket: '/var/run/mysqld/mysqld.sock'  port: 3306  MySQL Community Server - GPL.
jobportaldb  | 2026-09-08 04:55:20+00:00 [Note] [Entrypoint]: Entrypoint script for MySQL Server 26.7.0-1.el9 started.
jobportaldb  | 2026-09-08 04:55:21+00:00 [Note] [Entrypoint]: Switching to dedicated user 'mysql'
jobportaldb  | 2026-09-08 04:55:21+00:00 [Note] [Entrypoint]: Entrypoint script for MySQL Server 26.7.0-1.el9 started.
jobportaldb  | '/var/lib/mysql/mysql.sock' -> '/var/run/mysqld/mysqld.sock'
jobportaldb  | 2026-09-08T04:55:21.289009Z 0 [System] [MY-015015] [Server] MySQL Server - start.
jobportaldb  | 2026-09-08T04:55:21.724821Z 0 [System] [MY-010116] [Server] /usr/sbin/mysqld (mysqld 26.7.0) starting as process 1
jobportaldb  | 2026-09-08T04:55:21.724848Z 0 [System] [MY-015603] [Server] MySQL Server has access to 20 logical CPUs.
jobportaldb  | 2026-09-08T04:55:21.724879Z 0 [System] [MY-015603] [Server] MySQL Server has access to 5978783744 bytes of physical memory.
jobportaldb  | 2026-09-08T04:55:21.753020Z 1 [System] [MY-013576] [InnoDB] InnoDB initialization has started.
jobportaldb  | 2026-09-08T04:55:22.267365Z 1 [System] [MY-013577] [InnoDB] InnoDB initialization has ended.
jobportaldb  | 2026-09-08T04:55:22.429936Z 0 [System] [MY-010229] [Server] Starting XA crash recovery...
jobportaldb  | 2026-09-08T04:55:22.449974Z 0 [System] [MY-010232] [Server] XA crash recovery finished.
jobportaldb  | 2026-09-08T04:55:22.557168Z 0 [Warning] [MY-010068] [Server] CA certificate ca.pem is self signed.
jobportaldb  | 2026-09-08T04:55:22.557198Z 0 [System] [MY-013602] [Server] Channel mysql_main configured to support TLS. Encrypted connections are now supported for this channel.
jobportaldb  | 2026-09-08T04:55:22.557204Z 0 [Warning] [MY-015696] [Server] TLS channel 'mysql_main' is not configured to require post-quantum key exchange algorithms; future TLS sessions may use a non-post-quantum key exchange algorithm because force_pqc is disabled
jobportaldb  | 2026-09-08T04:55:22.561945Z 0 [Warning] [MY-011810] [Server] Insecure configuration for --pid-file: Location '/var/run/mysqld' in the path is accessible to all OS users. Consider choosing a different directory.
jobportaldb  | 2026-09-08T04:55:22.587225Z 0 [Warning] [MY-015696] [Server] Plugin mysqlx reported: 'TLS channel 'mysqlx' is not configured to require post-quantum key exchange algorithms; future TLS sessions may use a non-post-quantum key exchange algorithm because force_pqc is disabled'
jobportaldb  | 2026-09-08T04:55:22.587348Z 0 [System] [MY-010931] [Server] /usr/sbin/mysqld: ready for connections. Version: '26.7.0'  socket: '/var/run/mysqld/mysqld.sock'  port: 3306  MySQL Community Server - GPL.
jobportaldb  | 2026-09-08T04:55:22.587394Z 0 [System] [MY-011323] [Server] X Plugin ready for connections. Bind-address: '::' port: 33060, socket: /var/run/mysqld/mysqlx.sock
jobportaldb  | 2026-09-08T08:58:09.789054Z 0 [System] [MY-013172] [Server] Received SHUTDOWN from user <via user signal>. Shutting down mysqld (Version: 26.7.0).
jobportaldb  | 2026-09-08T08:58:10.790468Z 0 [System] [MY-010910] [Server] /usr/sbin/mysqld: Shutdown complete (mysqld 26.7.0)  MySQL Community Server - GPL.
jobportaldb  | 2026-09-08T08:58:10.790486Z 0 [System] [MY-015016] [Server] MySQL Server - end.
jobportaldb  | 2026-09-08 08:58:16+00:00 [Note] [Entrypoint]: Entrypoint script for MySQL Server 26.7.0-1.el9 started.
jobportaldb  | 2026-09-08 08:58:17+00:00 [Note] [Entrypoint]: Switching to dedicated user 'mysql'
jobportaldb  | 2026-09-08 08:58:17+00:00 [Note] [Entrypoint]: Entrypoint script for MySQL Server 26.7.0-1.el9 started.
jobportaldb  | '/var/lib/mysql/mysql.sock' -> '/var/run/mysqld/mysqld.sock'
jobportaldb  | 2026-09-08T08:58:17.246379Z 0 [System] [MY-015015] [Server] MySQL Server - start.
jobportaldb  | 2026-09-08T08:58:17.451537Z 0 [System] [MY-010116] [Server] /usr/sbin/mysqld (mysqld 26.7.0) starting as process 1
jobportaldb  | 2026-09-08T08:58:17.451547Z 0 [System] [MY-015603] [Server] MySQL Server has access to 20 logical CPUs.
jobportaldb  | 2026-09-08T08:58:17.451557Z 0 [System] [MY-015603] [Server] MySQL Server has access to 5978783744 bytes of physical memory.
jobportaldb  | 2026-09-08T08:58:17.455454Z 1 [System] [MY-013576] [InnoDB] InnoDB initialization has started.
jobportaldb  | 2026-09-08T08:58:17.665037Z 1 [System] [MY-013577] [InnoDB] InnoDB initialization has ended.
jobportaldb  | 2026-09-08T08:58:17.786807Z 0 [Warning] [MY-010068] [Server] CA certificate ca.pem is self signed.
jobportaldb  | 2026-09-08T08:58:17.786834Z 0 [System] [MY-013602] [Server] Channel mysql_main configured to support TLS. Encrypted connections are now supported for this channel.
jobportaldb  | 2026-09-08T08:58:17.786841Z 0 [Warning] [MY-015696] [Server] TLS channel 'mysql_main' is not configured to require post-quantum key exchange algorithms; future TLS sessions may use a non-post-quantum key exchange algorithm because force_pqc is disabled
jobportaldb  | 2026-09-08T08:58:17.789643Z 0 [Warning] [MY-011810] [Server] Insecure configuration for --pid-file: Location '/var/run/mysqld' in the path is accessible to all OS users. Consider choosing a different directory.
jobportaldb  | 2026-09-08T08:58:17.807910Z 0 [Warning] [MY-015696] [Server] Plugin mysqlx reported: 'TLS channel 'mysqlx' is not configured to require post-quantum key exchange algorithms; future TLS sessions may use a non-post-quantum key exchange algorithm because force_pqc is disabled'
jobportaldb  | 2026-09-08T08:58:17.808031Z 0 [System] [MY-011323] [Server] X Plugin ready for connections. Bind-address: '::' port: 33060, socket: /var/run/mysqld/mysqlx.sock
jobportaldb  | 2026-09-08T08:58:17.808047Z 0 [System] [MY-010931] [Server] /usr/sbin/mysqld: ready for connections. Version: '26.7.0'  socket: '/var/run/mysqld/mysqld.sock'  port: 3306  MySQL Community Server - GPL.
jobportaldb  | 2026-09-10 05:15:55+00:00 [Note] [Entrypoint]: Entrypoint script for MySQL Server 26.7.0-1.el9 started.
jobportaldb  | 2026-09-10 05:15:55+00:00 [Note] [Entrypoint]: Switching to dedicated user 'mysql'
jobportaldb  | 2026-09-10 05:15:55+00:00 [Note] [Entrypoint]: Entrypoint script for MySQL Server 26.7.0-1.el9 started.
jobportaldb  | '/var/lib/mysql/mysql.sock' -> '/var/run/mysqld/mysqld.sock'
jobportaldb  | 2026-09-10T05:15:56.157645Z 0 [System] [MY-015015] [Server] MySQL Server - start.
jobportaldb  | 2026-09-10T05:15:56.630278Z 0 [System] [MY-010116] [Server] /usr/sbin/mysqld (mysqld 26.7.0) starting as process 1
jobportaldb  | 2026-09-10T05:15:56.630305Z 0 [System] [MY-015603] [Server] MySQL Server has access to 20 logical CPUs.
jobportaldb  | 2026-09-10T05:15:56.630321Z 0 [System] [MY-015603] [Server] MySQL Server has access to 5978779648 bytes of physical memory.
jobportaldb  | 2026-09-10T05:15:56.647790Z 1 [System] [MY-013576] [InnoDB] InnoDB initialization has started.
jobportaldb  | 2026-09-10T05:15:57.140523Z 1 [System] [MY-013577] [InnoDB] InnoDB initialization has ended.
jobportaldb  | 2026-09-10T05:15:57.290362Z 0 [System] [MY-010229] [Server] Starting XA crash recovery...
jobportaldb  | 2026-09-10T05:15:57.317130Z 0 [System] [MY-010232] [Server] XA crash recovery finished.
jobportaldb  | 2026-09-10T05:15:57.420843Z 0 [Warning] [MY-010068] [Server] CA certificate ca.pem is self signed.
jobportaldb  | 2026-09-10T05:15:57.420906Z 0 [System] [MY-013602] [Server] Channel mysql_main configured to support TLS. Encrypted connections are now supported for this channel.
jobportaldb  | 2026-09-10T05:15:57.420919Z 0 [Warning] [MY-015696] [Server] TLS channel 'mysql_main' is not configured to require post-quantum key exchange algorithms; future TLS sessions may use a non-post-quantum key exchange algorithm because force_pqc is disabled
jobportaldb  | 2026-09-10T05:15:57.425752Z 0 [Warning] [MY-011810] [Server] Insecure configuration for --pid-file: Location '/var/run/mysqld' in the path is accessible to all OS users. Consider choosing a different directory.
jobportaldb  | 2026-09-10T05:15:57.451043Z 0 [Warning] [MY-015696] [Server] Plugin mysqlx reported: 'TLS channel 'mysqlx' is not configured to require post-quantum key exchange algorithms; future TLS sessions may use a non-post-quantum key exchange algorithm because force_pqc is disabled'
jobportaldb  | 2026-09-10T05:15:57.451208Z 0 [System] [MY-011323] [Server] X Plugin ready for connections. Bind-address: '::' port: 33060, socket: /var/run/mysqld/mysqlx.sock
jobportaldb  | 2026-09-10T05:15:57.451290Z 0 [System] [MY-010931] [Server] /usr/sbin/mysqld: ready for connections. Version: '26.7.0'  socket: '/var/run/mysqld/mysqld.sock'  port: 3306  MySQL Community Server - GPL.
jobportaldb  | 2026-09-10T05:34:29.460517Z 0 [System] [MY-013172] [Server] Received SHUTDOWN from user <via user signal>. Shutting down mysqld (Version: 26.7.0).
jobportaldb  | 2026-09-10T05:34:30.128475Z 0 [System] [MY-010910] [Server] /usr/sbin/mysqld: Shutdown complete (mysqld 26.7.0)  MySQL Community Server - GPL.
jobportaldb  | 2026-09-10T05:34:30.128492Z 0 [System] [MY-015016] [Server] MySQL Server - end.
jobportaldb  | 2026-09-10 05:34:37+00:00 [Note] [Entrypoint]: Entrypoint script for MySQL Server 26.7.0-1.el9 started.
jobportaldb  | 2026-09-10 05:34:37+00:00 [Note] [Entrypoint]: Switching to dedicated user 'mysql'
jobportaldb  | 2026-09-10 05:34:37+00:00 [Note] [Entrypoint]: Entrypoint script for MySQL Server 26.7.0-1.el9 started.
jobportaldb  | '/var/lib/mysql/mysql.sock' -> '/var/run/mysqld/mysqld.sock'
jobportaldb  | 2026-09-10T05:34:37.575953Z 0 [System] [MY-015015] [Server] MySQL Server - start.
jobportaldb  | 2026-09-10T05:34:37.787805Z 0 [System] [MY-010116] [Server] /usr/sbin/mysqld (mysqld 26.7.0) starting as process 1
jobportaldb  | 2026-09-10T05:34:37.787829Z 0 [System] [MY-015603] [Server] MySQL Server has access to 20 logical CPUs.
jobportaldb  | 2026-09-10T05:34:37.787841Z 0 [System] [MY-015603] [Server] MySQL Server has access to 5978779648 bytes of physical memory.
jobportaldb  | 2026-09-10T05:34:37.793675Z 1 [System] [MY-013576] [InnoDB] InnoDB initialization has started.
jobportaldb  | 2026-09-10T05:34:37.985561Z 1 [System] [MY-013577] [InnoDB] InnoDB initialization has ended.
jobportaldb  | 2026-09-10T05:34:38.198041Z 0 [Warning] [MY-010068] [Server] CA certificate ca.pem is self signed.
jobportaldb  | 2026-09-10T05:34:38.198080Z 0 [System] [MY-013602] [Server] Channel mysql_main configured to support TLS. Encrypted connections are now supported for this channel.
jobportaldb  | 2026-09-10T05:34:38.198088Z 0 [Warning] [MY-015696] [Server] TLS channel 'mysql_main' is not configured to require post-quantum key exchange algorithms; future TLS sessions may use a non-post-quantum key exchange algorithm because force_pqc is disabled
jobportaldb  | 2026-09-10T05:34:38.201796Z 0 [Warning] [MY-011810] [Server] Insecure configuration for --pid-file: Location '/var/run/mysqld' in the path is accessible to all OS users. Consider choosing a different directory.
jobportaldb  | 2026-09-10T05:34:38.224779Z 0 [Warning] [MY-015696] [Server] Plugin mysqlx reported: 'TLS channel 'mysqlx' is not configured to require post-quantum key exchange algorithms; future TLS sessions may use a non-post-quantum key exchange algorithm because force_pqc is disabled'
jobportaldb  | 2026-09-10T05:34:38.225042Z 0 [System] [MY-010931] [Server] /usr/sbin/mysqld: ready for connections. Version: '26.7.0'  socket: '/var/run/mysqld/mysqld.sock'  port: 3306  MySQL Community Server - GPL.
jobportaldb  | 2026-09-10T05:34:38.225075Z 0 [System] [MY-011323] [Server] X Plugin ready for connections. Bind-address: '::' port: 33060, socket: /var/run/mysqld/mysqlx.sock
jobportaldb  | 2026-09-10T09:10:25.562482Z 0 [System] [MY-013172] [Server] Received SHUTDOWN from user <via user signal>. Shutting down mysqld (Version: 26.7.0).
jobportaldb  | 2026-09-10T09:10:26.921310Z 0 [System] [MY-010910] [Server] /usr/sbin/mysqld: Shutdown complete (mysqld 26.7.0)  MySQL Community Server - GPL.
jobportaldb  | 2026-09-10T09:10:26.921330Z 0 [System] [MY-015016] [Server] MySQL Server - end.
jobportaldb  | 2026-09-10 09:10:34+00:00 [Note] [Entrypoint]: Entrypoint script for MySQL Server 26.7.0-1.el9 started.
jobportaldb  | 2026-09-10 09:10:34+00:00 [Note] [Entrypoint]: Switching to dedicated user 'mysql'
jobportaldb  | 2026-09-10 09:10:34+00:00 [Note] [Entrypoint]: Entrypoint script for MySQL Server 26.7.0-1.el9 started.
jobportaldb  | '/var/lib/mysql/mysql.sock' -> '/var/run/mysqld/mysqld.sock'
jobportaldb  | 2026-09-10T09:10:34.736284Z 0 [System] [MY-015015] [Server] MySQL Server - start.
jobportaldb  | 2026-09-10T09:10:34.951329Z 0 [System] [MY-010116] [Server] /usr/sbin/mysqld (mysqld 26.7.0) starting as process 1
jobportaldb  | 2026-09-10T09:10:34.951345Z 0 [System] [MY-015603] [Server] MySQL Server has access to 20 logical CPUs.
jobportaldb  | 2026-09-10T09:10:34.951357Z 0 [System] [MY-015603] [Server] MySQL Server has access to 5978779648 bytes of physical memory.
jobportaldb  | 2026-09-10T09:10:34.957638Z 1 [System] [MY-013576] [InnoDB] InnoDB initialization has started.
jobportaldb  | 2026-09-10T09:10:35.155851Z 1 [System] [MY-013577] [InnoDB] InnoDB initialization has ended.
jobportaldb  | 2026-09-10T09:10:35.338931Z 0 [Warning] [MY-010068] [Server] CA certificate ca.pem is self signed.
jobportaldb  | 2026-09-10T09:10:35.338968Z 0 [System] [MY-013602] [Server] Channel mysql_main configured to support TLS. Encrypted connections are now supported for this channel.
jobportaldb  | 2026-09-10T09:10:35.338977Z 0 [Warning] [MY-015696] [Server] TLS channel 'mysql_main' is not configured to require post-quantum key exchange algorithms; future TLS sessions may use a non-post-quantum key exchange algorithm because force_pqc is disabled
jobportaldb  | 2026-09-10T09:10:35.342326Z 0 [Warning] [MY-011810] [Server] Insecure configuration for --pid-file: Location '/var/run/mysqld' in the path is accessible to all OS users. Consider choosing a different directory.
jobportaldb  | 2026-09-10T09:10:35.368184Z 0 [Warning] [MY-015696] [Server] Plugin mysqlx reported: 'TLS channel 'mysqlx' is not configured to require post-quantum key exchange algorithms; future TLS sessions may use a non-post-quantum key exchange algorithm because force_pqc is disabled'
jobportaldb  | 2026-09-10T09:10:35.368601Z 0 [System] [MY-011323] [Server] X Plugin ready for connections. Bind-address: '::' port: 33060, socket: /var/run/mysqld/mysqlx.sock
jobportaldb  | 2026-09-10T09:10:35.369098Z 0 [System] [MY-010931] [Server] /usr/sbin/mysqld: ready for connections. Version: '26.7.0'  socket: '/var/run/mysqld/mysqld.sock'  port: 3306  MySQL Community Server - GPL.
jobportaldb  | 2026-09-10T09:20:33.529795Z 0 [System] [MY-013172] [Server] Received SHUTDOWN from user <via user signal>. Shutting down mysqld (Version: 26.7.0).
jobportaldb  | 2026-09-10T09:20:34.947703Z 0 [System] [MY-010910] [Server] /usr/sbin/mysqld: Shutdown complete (mysqld 26.7.0)  MySQL Community Server - GPL.
jobportaldb  | 2026-09-10T09:20:34.947722Z 0 [System] [MY-015016] [Server] MySQL Server - end.
jobportaldb  | 2026-09-10 09:20:44+00:00 [Note] [Entrypoint]: Entrypoint script for MySQL Server 26.7.0-1.el9 started.
jobportaldb  | 2026-09-10 09:20:44+00:00 [Note] [Entrypoint]: Switching to dedicated user 'mysql'
jobportaldb  | 2026-09-10 09:20:44+00:00 [Note] [Entrypoint]: Entrypoint script for MySQL Server 26.7.0-1.el9 started.
jobportaldb  | '/var/lib/mysql/mysql.sock' -> '/var/run/mysqld/mysqld.sock'
jobportaldb  | 2026-09-10T09:20:44.460171Z 0 [System] [MY-015015] [Server] MySQL Server - start.
jobportaldb  | 2026-09-10T09:20:44.671700Z 0 [System] [MY-010116] [Server] /usr/sbin/mysqld (mysqld 26.7.0) starting as process 1
jobportaldb  | 2026-09-10T09:20:44.671716Z 0 [System] [MY-015603] [Server] MySQL Server has access to 20 logical CPUs.
jobportaldb  | 2026-09-10T09:20:44.671727Z 0 [System] [MY-015603] [Server] MySQL Server has access to 5978779648 bytes of physical memory.
jobportaldb  | 2026-09-10T09:20:44.677273Z 1 [System] [MY-013576] [InnoDB] InnoDB initialization has started.
jobportaldb  | 2026-09-10T09:20:44.864041Z 1 [System] [MY-013577] [InnoDB] InnoDB initialization has ended.
jobportaldb  | 2026-09-10T09:20:45.058768Z 0 [Warning] [MY-010068] [Server] CA certificate ca.pem is self signed.
jobportaldb  | 2026-09-10T09:20:45.058801Z 0 [System] [MY-013602] [Server] Channel mysql_main configured to support TLS. Encrypted connections are now supported for this channel.
jobportaldb  | 2026-09-10T09:20:45.058808Z 0 [Warning] [MY-015696] [Server] TLS channel 'mysql_main' is not configured to require post-quantum key exchange algorithms; future TLS sessions may use a non-post-quantum key exchange algorithm because force_pqc is disabled
jobportaldb  | 2026-09-10T09:20:45.063209Z 0 [Warning] [MY-011810] [Server] Insecure configuration for --pid-file: Location '/var/run/mysqld' in the path is accessible to all OS users. Consider choosing a different directory.
jobportaldb  | 2026-09-10T09:20:45.087993Z 0 [Warning] [MY-015696] [Server] Plugin mysqlx reported: 'TLS channel 'mysqlx' is not configured to require post-quantum key exchange algorithms; future TLS sessions may use a non-post-quantum key exchange algorithm because force_pqc is disabled'
jobportaldb  | 2026-09-10T09:20:45.088151Z 0 [System] [MY-011323] [Server] X Plugin ready for connections. Bind-address: '::' port: 33060, socket: /var/run/mysqld/mysqlx.sock
jobportaldb  | 2026-09-10T09:20:45.088199Z 0 [System] [MY-010931] [Server] /usr/sbin/mysqld: ready for connections. Version: '26.7.0'  socket: '/var/run/mysqld/mysqld.sock'  port: 3306  MySQL Community Server - GPL.
jobportaldb  | 2026-09-10T09:26:43.752188Z 0 [System] [MY-013172] [Server] Received SHUTDOWN from user <via user signal>. Shutting down mysqld (Version: 26.7.0).
jobportaldb  | 2026-09-10T09:26:45.753855Z 0 [Warning] [MY-010909] [Server] /usr/sbin/mysqld: Forcing close of thread 32  user: 'root'.
jobportaldb  | 2026-09-10T09:26:45.754227Z 0 [Warning] [MY-010909] [Server] /usr/sbin/mysqld: Forcing close of thread 31  user: 'root'.
jobportaldb  | 2026-09-10T09:26:46.617615Z 0 [System] [MY-010910] [Server] /usr/sbin/mysqld: Shutdown complete (mysqld 26.7.0)  MySQL Community Server - GPL.
jobportaldb  | 2026-09-10T09:26:46.617633Z 0 [System] [MY-015016] [Server] MySQL Server - end.
jobportaldb  | 2026-09-10 09:26:55+00:00 [Note] [Entrypoint]: Entrypoint script for MySQL Server 26.7.0-1.el9 started.
jobportaldb  | 2026-09-10 09:26:55+00:00 [Note] [Entrypoint]: Switching to dedicated user 'mysql'
jobportaldb  | 2026-09-10 09:26:55+00:00 [Note] [Entrypoint]: Entrypoint script for MySQL Server 26.7.0-1.el9 started.
jobportaldb  | '/var/lib/mysql/mysql.sock' -> '/var/run/mysqld/mysqld.sock'
jobportaldb  | 2026-09-10T09:26:56.077299Z 0 [System] [MY-015015] [Server] MySQL Server - start.
jobportaldb  | 2026-09-10T09:26:56.279407Z 0 [System] [MY-010116] [Server] /usr/sbin/mysqld (mysqld 26.7.0) starting as process 1
jobportaldb  | 2026-09-10T09:26:56.279434Z 0 [System] [MY-015603] [Server] MySQL Server has access to 20 logical CPUs.
jobportaldb  | 2026-09-10T09:26:56.279447Z 0 [System] [MY-015603] [Server] MySQL Server has access to 5978779648 bytes of physical memory.
jobportaldb  | 2026-09-10T09:26:56.285291Z 1 [System] [MY-013576] [InnoDB] InnoDB initialization has started.
jobportaldb  | 2026-09-10T09:26:56.430790Z 1 [System] [MY-013577] [InnoDB] InnoDB initialization has ended.
jobportaldb  | 2026-09-10T09:26:56.587626Z 0 [Warning] [MY-010068] [Server] CA certificate ca.pem is self signed.
jobportaldb  | 2026-09-10T09:26:56.587654Z 0 [System] [MY-013602] [Server] Channel mysql_main configured to support TLS. Encrypted connections are now supported for this channel.
jobportaldb  | 2026-09-10T09:26:56.587660Z 0 [Warning] [MY-015696] [Server] TLS channel 'mysql_main' is not configured to require post-quantum key exchange algorithms; future TLS sessions may use a non-post-quantum key exchange algorithm because force_pqc is disabled
jobportaldb  | 2026-09-10T09:26:56.590877Z 0 [Warning] [MY-011810] [Server] Insecure configuration for --pid-file: Location '/var/run/mysqld' in the path is accessible to all OS users. Consider choosing a different directory.
jobportaldb  | 2026-09-10T09:26:56.609122Z 0 [Warning] [MY-015696] [Server] Plugin mysqlx reported: 'TLS channel 'mysqlx' is not configured to require post-quantum key exchange algorithms; future TLS sessions may use a non-post-quantum key exchange algorithm because force_pqc is disabled'
jobportaldb  | 2026-09-10T09:26:56.609226Z 0 [System] [MY-010931] [Server] /usr/sbin/mysqld: ready for connections. Version: '26.7.0'  socket: '/var/run/mysqld/mysqld.sock'  port: 3306  MySQL Community Server - GPL.
jobportaldb  | 2026-09-10T09:26:56.609250Z 0 [System] [MY-011323] [Server] X Plugin ready for connections. Bind-address: '::' port: 33060, socket: /var/run/mysqld/mysqlx.sock
jobportaldb  | 2026-09-10T09:32:13.229462Z 0 [System] [MY-013172] [Server] Received SHUTDOWN from user <via user signal>. Shutting down mysqld (Version: 26.7.0).
jobportaldb  | 2026-09-10T09:32:14.131066Z 0 [System] [MY-010910] [Server] /usr/sbin/mysqld: Shutdown complete (mysqld 26.7.0)  MySQL Community Server - GPL.
jobportaldb  | 2026-09-10T09:32:14.131085Z 0 [System] [MY-015016] [Server] MySQL Server - end.
jobportaldb  | 2026-09-10 09:32:22+00:00 [Note] [Entrypoint]: Entrypoint script for MySQL Server 26.7.0-1.el9 started.
jobportaldb  | 2026-09-10 09:32:22+00:00 [Note] [Entrypoint]: Switching to dedicated user 'mysql'
jobportaldb  | 2026-09-10 09:32:22+00:00 [Note] [Entrypoint]: Entrypoint script for MySQL Server 26.7.0-1.el9 started.
jobportaldb  | '/var/lib/mysql/mysql.sock' -> '/var/run/mysqld/mysqld.sock'
jobportaldb  | 2026-09-10T09:32:22.608262Z 0 [System] [MY-015015] [Server] MySQL Server - start.
jobportaldb  | 2026-09-10T09:32:22.810110Z 0 [System] [MY-010116] [Server] /usr/sbin/mysqld (mysqld 26.7.0) starting as process 1
jobportaldb  | 2026-09-10T09:32:22.810136Z 0 [System] [MY-015603] [Server] MySQL Server has access to 20 logical CPUs.
jobportaldb  | 2026-09-10T09:32:22.810149Z 0 [System] [MY-015603] [Server] MySQL Server has access to 5978779648 bytes of physical memory.
jobportaldb  | 2026-09-10T09:32:22.815841Z 1 [System] [MY-013576] [InnoDB] InnoDB initialization has started.
jobportaldb  | 2026-09-10T09:32:22.962067Z 1 [System] [MY-013577] [InnoDB] InnoDB initialization has ended.
jobportaldb  | 2026-09-10T09:32:23.090517Z 0 [Warning] [MY-010068] [Server] CA certificate ca.pem is self signed.
jobportaldb  | 2026-09-10T09:32:23.090538Z 0 [System] [MY-013602] [Server] Channel mysql_main configured to support TLS. Encrypted connections are now supported for this channel.
jobportaldb  | 2026-09-10T09:32:23.090542Z 0 [Warning] [MY-015696] [Server] TLS channel 'mysql_main' is not configured to require post-quantum key exchange algorithms; future TLS sessions may use a non-post-quantum key exchange algorithm because force_pqc is disabled
jobportaldb  | 2026-09-10T09:32:23.093669Z 0 [Warning] [MY-011810] [Server] Insecure configuration for --pid-file: Location '/var/run/mysqld' in the path is accessible to all OS users. Consider choosing a different directory.
jobportaldb  | 2026-09-10T09:32:23.106514Z 0 [Warning] [MY-015696] [Server] Plugin mysqlx reported: 'TLS channel 'mysqlx' is not configured to require post-quantum key exchange algorithms; future TLS sessions may use a non-post-quantum key exchange algorithm because force_pqc is disabled'
jobportaldb  | 2026-09-10T09:32:23.106622Z 0 [System] [MY-010931] [Server] /usr/sbin/mysqld: ready for connections. Version: '26.7.0'  socket: '/var/run/mysqld/mysqld.sock'  port: 3306  MySQL Community Server - GPL.
jobportaldb  | 2026-09-10T09:32:23.106678Z 0 [System] [MY-011323] [Server] X Plugin ready for connections. Bind-address: '::' port: 33060, socket: /var/run/mysqld/mysqlx.sock
jobportaldb  | 2026-09-10T09:33:54.788329Z 0 [System] [MY-013172] [Server] Received SHUTDOWN from user <via user signal>. Shutting down mysqld (Version: 26.7.0).
jobportaldb  | 2026-09-10T09:33:55.602873Z 0 [System] [MY-010910] [Server] /usr/sbin/mysqld: Shutdown complete (mysqld 26.7.0)  MySQL Community Server - GPL.
jobportaldb  | 2026-09-10T09:33:55.602885Z 0 [System] [MY-015016] [Server] MySQL Server - end.
jobportaldb  | 2026-09-10 09:34:02+00:00 [Note] [Entrypoint]: Entrypoint script for MySQL Server 26.7.0-1.el9 started.
jobportaldb  | 2026-09-10 09:34:02+00:00 [Note] [Entrypoint]: Switching to dedicated user 'mysql'
jobportaldb  | 2026-09-10 09:34:02+00:00 [Note] [Entrypoint]: Entrypoint script for MySQL Server 26.7.0-1.el9 started.
jobportaldb  | '/var/lib/mysql/mysql.sock' -> '/var/run/mysqld/mysqld.sock'
jobportaldb  | 2026-09-10T09:34:02.748159Z 0 [System] [MY-015015] [Server] MySQL Server - start.
jobportaldb  | 2026-09-10T09:34:02.954853Z 0 [System] [MY-010116] [Server] /usr/sbin/mysqld (mysqld 26.7.0) starting as process 1
jobportaldb  | 2026-09-10T09:34:02.954885Z 0 [System] [MY-015603] [Server] MySQL Server has access to 20 logical CPUs.
jobportaldb  | 2026-09-10T09:34:02.954903Z 0 [System] [MY-015603] [Server] MySQL Server has access to 5978779648 bytes of physical memory.
jobportaldb  | 2026-09-10T09:34:02.960442Z 1 [System] [MY-013576] [InnoDB] InnoDB initialization has started.
jobportaldb  | 2026-09-10T09:34:03.092200Z 1 [System] [MY-013577] [InnoDB] InnoDB initialization has ended.
jobportaldb  | 2026-09-10T09:34:03.188025Z 0 [Warning] [MY-010068] [Server] CA certificate ca.pem is self signed.
jobportaldb  | 2026-09-10T09:34:03.188058Z 0 [System] [MY-013602] [Server] Channel mysql_main configured to support TLS. Encrypted connections are now supported for this channel.
jobportaldb  | 2026-09-10T09:34:03.188065Z 0 [Warning] [MY-015696] [Server] TLS channel 'mysql_main' is not configured to require post-quantum key exchange algorithms; future TLS sessions may use a non-post-quantum key exchange algorithm because force_pqc is disabled
jobportaldb  | 2026-09-10T09:34:03.191056Z 0 [Warning] [MY-011810] [Server] Insecure configuration for --pid-file: Location '/var/run/mysqld' in the path is accessible to all OS users. Consider choosing a different directory.
jobportaldb  | 2026-09-10T09:34:03.211267Z 0 [Warning] [MY-015696] [Server] Plugin mysqlx reported: 'TLS channel 'mysqlx' is not configured to require post-quantum key exchange algorithms; future TLS sessions may use a non-post-quantum key exchange algorithm because force_pqc is disabled'
jobportaldb  | 2026-09-10T09:34:03.211454Z 0 [System] [MY-011323] [Server] X Plugin ready for connections. Bind-address: '::' port: 33060, socket: /var/run/mysqld/mysqlx.sock
jobportaldb  | 2026-09-10T09:34:03.211489Z 0 [System] [MY-010931] [Server] /usr/sbin/mysqld: ready for connections. Version: '26.7.0'  socket: '/var/run/mysqld/mysqld.sock'  port: 3306  MySQL Community Server - GPL.
jobportaldb  | 2026-09-11 02:59:16+00:00 [Note] [Entrypoint]: Entrypoint script for MySQL Server 26.7.0-1.el9 started.
jobportaldb  | 2026-09-11 02:59:16+00:00 [Note] [Entrypoint]: Switching to dedicated user 'mysql'
jobportaldb  | 2026-09-11 02:59:16+00:00 [Note] [Entrypoint]: Entrypoint script for MySQL Server 26.7.0-1.el9 started.
jobportaldb  | '/var/lib/mysql/mysql.sock' -> '/var/run/mysqld/mysqld.sock'
jobportaldb  | 2026-09-11T02:59:17.098912Z 0 [System] [MY-015015] [Server] MySQL Server - start.
jobportaldb  | 2026-09-11T02:59:17.428553Z 0 [System] [MY-010116] [Server] /usr/sbin/mysqld (mysqld 26.7.0) starting as process 1
jobportaldb  | 2026-09-11T02:59:17.428567Z 0 [System] [MY-015603] [Server] MySQL Server has access to 20 logical CPUs.
jobportaldb  | 2026-09-11T02:59:17.428581Z 0 [System] [MY-015603] [Server] MySQL Server has access to 5978759168 bytes of physical memory.
jobportaldb  | 2026-09-11T02:59:17.441720Z 1 [System] [MY-013576] [InnoDB] InnoDB initialization has started.
jobportaldb  | 2026-09-11T02:59:18.091846Z 1 [System] [MY-013577] [InnoDB] InnoDB initialization has ended.
jobportaldb  | 2026-09-11T02:59:18.343151Z 0 [System] [MY-010229] [Server] Starting XA crash recovery...
jobportaldb  | 2026-09-11T02:59:18.378918Z 0 [System] [MY-010232] [Server] XA crash recovery finished.
jobportaldb  | 2026-09-11T02:59:18.467456Z 0 [Warning] [MY-010068] [Server] CA certificate ca.pem is self signed.
jobportaldb  | 2026-09-11T02:59:18.467597Z 0 [System] [MY-013602] [Server] Channel mysql_main configured to support TLS. Encrypted connections are now supported for this channel.
jobportaldb  | 2026-09-11T02:59:18.467612Z 0 [Warning] [MY-015696] [Server] TLS channel 'mysql_main' is not configured to require post-quantum key exchange algorithms; future TLS sessions may use a non-post-quantum key exchange algorithm because force_pqc is disabled
jobportaldb  | 2026-09-11T02:59:18.472705Z 0 [Warning] [MY-011810] [Server] Insecure configuration for --pid-file: Location '/var/run/mysqld' in the path is accessible to all OS users. Consider choosing a different directory.
jobportaldb  | 2026-09-11T02:59:18.501923Z 0 [Warning] [MY-015696] [Server] Plugin mysqlx reported: 'TLS channel 'mysqlx' is not configured to require post-quantum key exchange algorithms; future TLS sessions may use a non-post-quantum key exchange algorithm because force_pqc is disabled'
jobportaldb  | 2026-09-11T02:59:18.502314Z 0 [System] [MY-011323] [Server] X Plugin ready for connections. Bind-address: '::' port: 33060, socket: /var/run/mysqld/mysqlx.sock
jobportaldb  | 2026-09-11T02:59:18.502388Z 0 [System] [MY-010931] [Server] /usr/sbin/mysqld: ready for connections. Version: '26.7.0'  socket: '/var/run/mysqld/mysqld.sock'  port: 3306  MySQL Community Server - GPL.
jobportaldb  | 2026-09-11T02:59:58.754585Z 0 [System] [MY-013172] [Server] Received SHUTDOWN from user <via user signal>. Shutting down mysqld (Version: 26.7.0).
jobportaldb  | 2026-09-11T02:59:59.853405Z 0 [System] [MY-010910] [Server] /usr/sbin/mysqld: Shutdown complete (mysqld 26.7.0)  MySQL Community Server - GPL.
jobportaldb  | 2026-09-11T02:59:59.853419Z 0 [System] [MY-015016] [Server] MySQL Server - end.
jobportaldb  | 2026-09-11 03:01:01+00:00 [Note] [Entrypoint]: Entrypoint script for MySQL Server 26.7.0-1.el9 started.
jobportaldb  | 2026-09-11 03:01:01+00:00 [Note] [Entrypoint]: Switching to dedicated user 'mysql'
jobportaldb  | 2026-09-11 03:01:01+00:00 [Note] [Entrypoint]: Entrypoint script for MySQL Server 26.7.0-1.el9 started.
jobportaldb  | '/var/lib/mysql/mysql.sock' -> '/var/run/mysqld/mysqld.sock'
jobportaldb  | 2026-09-11T03:01:01.711790Z 0 [System] [MY-015015] [Server] MySQL Server - start.
jobportaldb  | 2026-09-11T03:01:01.929204Z 0 [System] [MY-010116] [Server] /usr/sbin/mysqld (mysqld 26.7.0) starting as process 1
jobportaldb  | 2026-09-11T03:01:01.929212Z 0 [System] [MY-015603] [Server] MySQL Server has access to 20 logical CPUs.
jobportaldb  | 2026-09-11T03:01:01.929221Z 0 [System] [MY-015603] [Server] MySQL Server has access to 5978759168 bytes of physical memory.
jobportaldb  | 2026-09-11T03:01:01.932813Z 1 [System] [MY-013576] [InnoDB] InnoDB initialization has started.
jobportaldb  | 2026-09-11T03:01:02.070058Z 1 [System] [MY-013577] [InnoDB] InnoDB initialization has ended.
jobportaldb  | 2026-09-11T03:01:02.261416Z 0 [Warning] [MY-010068] [Server] CA certificate ca.pem is self signed.
jobportaldb  | 2026-09-11T03:01:02.261446Z 0 [System] [MY-013602] [Server] Channel mysql_main configured to support TLS. Encrypted connections are now supported for this channel.
jobportaldb  | 2026-09-11T03:01:02.261452Z 0 [Warning] [MY-015696] [Server] TLS channel 'mysql_main' is not configured to require post-quantum key exchange algorithms; future TLS sessions may use a non-post-quantum key exchange algorithm because force_pqc is disabled
jobportaldb  | 2026-09-11T03:01:02.263950Z 0 [Warning] [MY-011810] [Server] Insecure configuration for --pid-file: Location '/var/run/mysqld' in the path is accessible to all OS users. Consider choosing a different directory.
jobportaldb  | 2026-09-11T03:01:02.289205Z 0 [Warning] [MY-015696] [Server] Plugin mysqlx reported: 'TLS channel 'mysqlx' is not configured to require post-quantum key exchange algorithms; future TLS sessions may use a non-post-quantum key exchange algorithm because force_pqc is disabled'
jobportaldb  | 2026-09-11T03:01:02.289390Z 0 [System] [MY-011323] [Server] X Plugin ready for connections. Bind-address: '::' port: 33060, socket: /var/run/mysqld/mysqlx.sock
jobportaldb  | 2026-09-11T03:01:02.289423Z 0 [System] [MY-010931] [Server] /usr/sbin/mysqld: ready for connections. Version: '26.7.0'  socket: '/var/run/mysqld/mysqld.sock'  port: 3306  MySQL Community Server - GPL.
jobportaldb  | 2026-09-11T03:17:18.390286Z 0 [System] [MY-013172] [Server] Received SHUTDOWN from user <via user signal>. Shutting down mysqld (Version: 26.7.0).
jobportaldb  | 2026-09-11T03:17:18.998067Z 0 [System] [MY-010910] [Server] /usr/sbin/mysqld: Shutdown complete (mysqld 26.7.0)  MySQL Community Server - GPL.
jobportaldb  | 2026-09-11T03:17:18.998084Z 0 [System] [MY-015016] [Server] MySQL Server - end.
jobportaldb  | 2026-09-11 03:17:21+00:00 [Note] [Entrypoint]: Entrypoint script for MySQL Server 26.7.0-1.el9 started.
jobportaldb  | 2026-09-11 03:17:21+00:00 [Note] [Entrypoint]: Switching to dedicated user 'mysql'
jobportaldb  | 2026-09-11 03:17:21+00:00 [Note] [Entrypoint]: Entrypoint script for MySQL Server 26.7.0-1.el9 started.
jobportaldb  | '/var/lib/mysql/mysql.sock' -> '/var/run/mysqld/mysqld.sock'
jobportaldb  | 2026-09-11T03:17:21.558898Z 0 [System] [MY-015015] [Server] MySQL Server - start.
jobportaldb  | 2026-09-11T03:17:21.762839Z 0 [System] [MY-010116] [Server] /usr/sbin/mysqld (mysqld 26.7.0) starting as process 1
jobportaldb  | 2026-09-11T03:17:21.762866Z 0 [System] [MY-015603] [Server] MySQL Server has access to 20 logical CPUs.
jobportaldb  | 2026-09-11T03:17:21.762879Z 0 [System] [MY-015603] [Server] MySQL Server has access to 5978759168 bytes of physical memory.
jobportaldb  | 2026-09-11T03:17:21.768995Z 1 [System] [MY-013576] [InnoDB] InnoDB initialization has started.
jobportaldb  | 2026-09-11T03:17:21.953628Z 1 [System] [MY-013577] [InnoDB] InnoDB initialization has ended.
jobportaldb  | 2026-09-11T03:17:22.075107Z 0 [Warning] [MY-010068] [Server] CA certificate ca.pem is self signed.
jobportaldb  | 2026-09-11T03:17:22.075136Z 0 [System] [MY-013602] [Server] Channel mysql_main configured to support TLS. Encrypted connections are now supported for this channel.
jobportaldb  | 2026-09-11T03:17:22.075142Z 0 [Warning] [MY-015696] [Server] TLS channel 'mysql_main' is not configured to require post-quantum key exchange algorithms; future TLS sessions may use a non-post-quantum key exchange algorithm because force_pqc is disabled
jobportaldb  | 2026-09-11T03:17:22.077697Z 0 [Warning] [MY-011810] [Server] Insecure configuration for --pid-file: Location '/var/run/mysqld' in the path is accessible to all OS users. Consider choosing a different directory.
jobportaldb  | 2026-09-11T03:17:22.104546Z 0 [Warning] [MY-015696] [Server] Plugin mysqlx reported: 'TLS channel 'mysqlx' is not configured to require post-quantum key exchange algorithms; future TLS sessions may use a non-post-quantum key exchange algorithm because force_pqc is disabled'
jobportaldb  | 2026-09-11T03:17:22.104738Z 0 [System] [MY-010931] [Server] /usr/sbin/mysqld: ready for connections. Version: '26.7.0'  socket: '/var/run/mysqld/mysqld.sock'  port: 3306  MySQL Community Server - GPL.
jobportaldb  | 2026-09-11T03:17:22.104750Z 0 [System] [MY-011323] [Server] X Plugin ready for connections. Bind-address: '::' port: 33060, socket: /var/run/mysqld/mysqlx.sock
jobportaldb  | 2026-09-11T08:59:02.001176Z 0 [System] [MY-013172] [Server] Received SHUTDOWN from user <via user signal>. Shutting down mysqld (Version: 26.7.0).
jobportaldb  | 2026-09-11T08:59:03.509960Z 0 [System] [MY-010910] [Server] /usr/sbin/mysqld: Shutdown complete (mysqld 26.7.0)  MySQL Community Server - GPL.
jobportaldb  | 2026-09-11T08:59:03.509973Z 0 [System] [MY-015016] [Server] MySQL Server - end.
jobportaldb  | 2026-09-11 08:59:08+00:00 [Note] [Entrypoint]: Entrypoint script for MySQL Server 26.7.0-1.el9 started.
jobportaldb  | 2026-09-11 08:59:09+00:00 [Note] [Entrypoint]: Switching to dedicated user 'mysql'
jobportaldb  | 2026-09-11 08:59:09+00:00 [Note] [Entrypoint]: Entrypoint script for MySQL Server 26.7.0-1.el9 started.
jobportaldb  | '/var/lib/mysql/mysql.sock' -> '/var/run/mysqld/mysqld.sock'
jobportaldb  | 2026-09-11T08:59:09.371537Z 0 [System] [MY-015015] [Server] MySQL Server - start.
jobportaldb  | 2026-09-11T08:59:09.580846Z 0 [System] [MY-010116] [Server] /usr/sbin/mysqld (mysqld 26.7.0) starting as process 1
jobportaldb  | 2026-09-11T08:59:09.580865Z 0 [System] [MY-015603] [Server] MySQL Server has access to 20 logical CPUs.
jobportaldb  | 2026-09-11T08:59:09.580879Z 0 [System] [MY-015603] [Server] MySQL Server has access to 5978759168 bytes of physical memory.
jobportaldb  | 2026-09-11T08:59:09.586776Z 1 [System] [MY-013576] [InnoDB] InnoDB initialization has started.
jobportaldb  | 2026-09-11T08:59:09.820062Z 1 [System] [MY-013577] [InnoDB] InnoDB initialization has ended.
jobportaldb  | 2026-09-11T08:59:10.028316Z 0 [Warning] [MY-010068] [Server] CA certificate ca.pem is self signed.
jobportaldb  | 2026-09-11T08:59:10.028355Z 0 [System] [MY-013602] [Server] Channel mysql_main configured to support TLS. Encrypted connections are now supported for this channel.
jobportaldb  | 2026-09-11T08:59:10.028362Z 0 [Warning] [MY-015696] [Server] TLS channel 'mysql_main' is not configured to require post-quantum key exchange algorithms; future TLS sessions may use a non-post-quantum key exchange algorithm because force_pqc is disabled
jobportaldb  | 2026-09-11T08:59:10.032378Z 0 [Warning] [MY-011810] [Server] Insecure configuration for --pid-file: Location '/var/run/mysqld' in the path is accessible to all OS users. Consider choosing a different directory.
jobportaldb  | 2026-09-11T08:59:10.060888Z 0 [Warning] [MY-015696] [Server] Plugin mysqlx reported: 'TLS channel 'mysqlx' is not configured to require post-quantum key exchange algorithms; future TLS sessions may use a non-post-quantum key exchange algorithm because force_pqc is disabled'
jobportaldb  | 2026-09-11T08:59:10.061093Z 0 [System] [MY-011323] [Server] X Plugin ready for connections. Bind-address: '::' port: 33060, socket: /var/run/mysqld/mysqlx.sock
jobportaldb  | 2026-09-11T08:59:10.061151Z 0 [System] [MY-010931] [Server] /usr/sbin/mysqld: ready for connections. Version: '26.7.0'  socket: '/var/run/mysqld/mysqld.sock'  port: 3306  MySQL Community Server - GPL.
jobportaldb  | 2026-09-11T09:03:02.773226Z 0 [System] [MY-013172] [Server] Received SHUTDOWN from user <via user signal>. Shutting down mysqld (Version: 26.7.0).
jobportaldb  | 2026-09-11T09:03:03.521592Z 0 [System] [MY-010910] [Server] /usr/sbin/mysqld: Shutdown complete (mysqld 26.7.0)  MySQL Community Server - GPL.
jobportaldb  | 2026-09-11T09:03:03.521611Z 0 [System] [MY-015016] [Server] MySQL Server - end.
jobportaldb  | 2026-09-11 09:03:11+00:00 [Note] [Entrypoint]: Entrypoint script for MySQL Server 26.7.0-1.el9 started.
jobportaldb  | 2026-09-11 09:03:11+00:00 [Note] [Entrypoint]: Switching to dedicated user 'mysql'
jobportaldb  | 2026-09-11 09:03:11+00:00 [Note] [Entrypoint]: Entrypoint script for MySQL Server 26.7.0-1.el9 started.
jobportaldb  | '/var/lib/mysql/mysql.sock' -> '/var/run/mysqld/mysqld.sock'
jobportaldb  | 2026-09-11T09:03:12.103525Z 0 [System] [MY-015015] [Server] MySQL Server - start.
jobportaldb  | 2026-09-11T09:03:12.304221Z 0 [System] [MY-010116] [Server] /usr/sbin/mysqld (mysqld 26.7.0) starting as process 1
jobportaldb  | 2026-09-11T09:03:12.304247Z 0 [System] [MY-015603] [Server] MySQL Server has access to 20 logical CPUs.
jobportaldb  | 2026-09-11T09:03:12.304260Z 0 [System] [MY-015603] [Server] MySQL Server has access to 5978759168 bytes of physical memory.
jobportaldb  | 2026-09-11T09:03:12.310155Z 1 [System] [MY-013576] [InnoDB] InnoDB initialization has started.
jobportaldb  | 2026-09-11T09:03:12.481453Z 1 [System] [MY-013577] [InnoDB] InnoDB initialization has ended.
jobportaldb  | 2026-09-11T09:03:12.674215Z 0 [Warning] [MY-010068] [Server] CA certificate ca.pem is self signed.
jobportaldb  | 2026-09-11T09:03:12.674254Z 0 [System] [MY-013602] [Server] Channel mysql_main configured to support TLS. Encrypted connections are now supported for this channel.
jobportaldb  | 2026-09-11T09:03:12.674261Z 0 [Warning] [MY-015696] [Server] TLS channel 'mysql_main' is not configured to require post-quantum key exchange algorithms; future TLS sessions may use a non-post-quantum key exchange algorithm because force_pqc is disabled
jobportaldb  | 2026-09-11T09:03:12.676556Z 0 [Warning] [MY-011810] [Server] Insecure configuration for --pid-file: Location '/var/run/mysqld' in the path is accessible to all OS users. Consider choosing a different directory.
jobportaldb  | 2026-09-11T09:03:12.694782Z 0 [Warning] [MY-015696] [Server] Plugin mysqlx reported: 'TLS channel 'mysqlx' is not configured to require post-quantum key exchange algorithms; future TLS sessions may use a non-post-quantum key exchange algorithm because force_pqc is disabled'
jobportaldb  | 2026-09-11T09:03:12.694916Z 0 [System] [MY-011323] [Server] X Plugin ready for connections. Bind-address: '::' port: 33060, socket: /var/run/mysqld/mysqlx.sock
jobportaldb  | 2026-09-11T09:03:12.694956Z 0 [System] [MY-010931] [Server] /usr/sbin/mysqld: ready for connections. Version: '26.7.0'  socket: '/var/run/mysqld/mysqld.sock'  port: 3306  MySQL Community Server - GPL.
jobportaldb  | 2026-09-11T09:11:36.496556Z 0 [System] [MY-013172] [Server] Received SHUTDOWN from user <via user signal>. Shutting down mysqld (Version: 26.7.0).
jobportaldb  | 2026-09-11T09:11:37.274371Z 0 [System] [MY-010910] [Server] /usr/sbin/mysqld: Shutdown complete (mysqld 26.7.0)  MySQL Community Server - GPL.
jobportaldb  | 2026-09-11T09:11:37.274386Z 0 [System] [MY-015016] [Server] MySQL Server - end.
jobportaldb  | 2026-09-11 09:11:47+00:00 [Note] [Entrypoint]: Entrypoint script for MySQL Server 26.7.0-1.el9 started.
jobportaldb  | 2026-09-11 09:11:48+00:00 [Note] [Entrypoint]: Switching to dedicated user 'mysql'
jobportaldb  | 2026-09-11 09:11:48+00:00 [Note] [Entrypoint]: Entrypoint script for MySQL Server 26.7.0-1.el9 started.
jobportaldb  | '/var/lib/mysql/mysql.sock' -> '/var/run/mysqld/mysqld.sock'
jobportaldb  | 2026-09-11T09:11:48.382174Z 0 [System] [MY-015015] [Server] MySQL Server - start.
jobportaldb  | 2026-09-11T09:11:48.578172Z 0 [System] [MY-010116] [Server] /usr/sbin/mysqld (mysqld 26.7.0) starting as process 1
jobportaldb  | 2026-09-11T09:11:48.578182Z 0 [System] [MY-015603] [Server] MySQL Server has access to 20 logical CPUs.
jobportaldb  | 2026-09-11T09:11:48.578191Z 0 [System] [MY-015603] [Server] MySQL Server has access to 5978759168 bytes of physical memory.
jobportaldb  | 2026-09-11T09:11:48.581738Z 1 [System] [MY-013576] [InnoDB] InnoDB initialization has started.
jobportaldb  | 2026-09-11T09:11:48.775336Z 1 [System] [MY-013577] [InnoDB] InnoDB initialization has ended.
jobportaldb  | 2026-09-11T09:11:48.908567Z 0 [Warning] [MY-010068] [Server] CA certificate ca.pem is self signed.
jobportaldb  | 2026-09-11T09:11:48.908586Z 0 [System] [MY-013602] [Server] Channel mysql_main configured to support TLS. Encrypted connections are now supported for this channel.
jobportaldb  | 2026-09-11T09:11:48.908590Z 0 [Warning] [MY-015696] [Server] TLS channel 'mysql_main' is not configured to require post-quantum key exchange algorithms; future TLS sessions may use a non-post-quantum key exchange algorithm because force_pqc is disabled
jobportaldb  | 2026-09-11T09:11:48.910902Z 0 [Warning] [MY-011810] [Server] Insecure configuration for --pid-file: Location '/var/run/mysqld' in the path is accessible to all OS users. Consider choosing a different directory.
jobportaldb  | 2026-09-11T09:11:48.925818Z 0 [Warning] [MY-015696] [Server] Plugin mysqlx reported: 'TLS channel 'mysqlx' is not configured to require post-quantum key exchange algorithms; future TLS sessions may use a non-post-quantum key exchange algorithm because force_pqc is disabled'
jobportaldb  | 2026-09-11T09:11:48.925965Z 0 [System] [MY-010931] [Server] /usr/sbin/mysqld: ready for connections. Version: '26.7.0'  socket: '/var/run/mysqld/mysqld.sock'  port: 3306  MySQL Community Server - GPL.
jobportaldb  | 2026-09-11T09:11:48.925962Z 0 [System] [MY-011323] [Server] X Plugin ready for connections. Bind-address: '::' port: 33060, socket: /var/run/mysqld/mysqlx.sock
jobportaldb  | 2026-09-11T09:14:44.825539Z 0 [System] [MY-013172] [Server] Received SHUTDOWN from user <via user signal>. Shutting down mysqld (Version: 26.7.0).
jobportaldb  | 2026-09-11T09:14:45.436232Z 0 [System] [MY-010910] [Server] /usr/sbin/mysqld: Shutdown complete (mysqld 26.7.0)  MySQL Community Server - GPL.
jobportaldb  | 2026-09-11T09:14:45.436245Z 0 [System] [MY-015016] [Server] MySQL Server - end.
jobportaldb  | 2026-09-11 09:14:48+00:00 [Note] [Entrypoint]: Entrypoint script for MySQL Server 26.7.0-1.el9 started.
jobportaldb  | 2026-09-11 09:14:48+00:00 [Note] [Entrypoint]: Switching to dedicated user 'mysql'
jobportaldb  | 2026-09-11 09:14:48+00:00 [Note] [Entrypoint]: Entrypoint script for MySQL Server 26.7.0-1.el9 started.
jobportaldb  | '/var/lib/mysql/mysql.sock' -> '/var/run/mysqld/mysqld.sock'
jobportaldb  | 2026-09-11T09:14:48.869679Z 0 [System] [MY-015015] [Server] MySQL Server - start.
jobportaldb  | 2026-09-11T09:14:49.070304Z 0 [System] [MY-010116] [Server] /usr/sbin/mysqld (mysqld 26.7.0) starting as process 1
jobportaldb  | 2026-09-11T09:14:49.070329Z 0 [System] [MY-015603] [Server] MySQL Server has access to 20 logical CPUs.
jobportaldb  | 2026-09-11T09:14:49.070346Z 0 [System] [MY-015603] [Server] MySQL Server has access to 5978759168 bytes of physical memory.
jobportaldb  | 2026-09-11T09:14:49.076069Z 1 [System] [MY-013576] [InnoDB] InnoDB initialization has started.
jobportaldb  | 2026-09-11T09:14:49.253916Z 1 [System] [MY-013577] [InnoDB] InnoDB initialization has ended.
jobportaldb  | 2026-09-11T09:14:49.449234Z 0 [Warning] [MY-010068] [Server] CA certificate ca.pem is self signed.
jobportaldb  | 2026-09-11T09:14:49.449266Z 0 [System] [MY-013602] [Server] Channel mysql_main configured to support TLS. Encrypted connections are now supported for this channel.
jobportaldb  | 2026-09-11T09:14:49.449273Z 0 [Warning] [MY-015696] [Server] TLS channel 'mysql_main' is not configured to require post-quantum key exchange algorithms; future TLS sessions may use a non-post-quantum key exchange algorithm because force_pqc is disabled
jobportaldb  | 2026-09-11T09:14:49.451971Z 0 [Warning] [MY-011810] [Server] Insecure configuration for --pid-file: Location '/var/run/mysqld' in the path is accessible to all OS users. Consider choosing a different directory.
jobportaldb  | 2026-09-11T09:14:49.472362Z 0 [Warning] [MY-015696] [Server] Plugin mysqlx reported: 'TLS channel 'mysqlx' is not configured to require post-quantum key exchange algorithms; future TLS sessions may use a non-post-quantum key exchange algorithm because force_pqc is disabled'
jobportaldb  | 2026-09-11T09:14:49.472583Z 0 [System] [MY-010931] [Server] /usr/sbin/mysqld: ready for connections. Version: '26.7.0'  socket: '/var/run/mysqld/mysqld.sock'  port: 3306  MySQL Community Server - GPL.
jobportaldb  | 2026-09-11T09:14:49.472658Z 0 [System] [MY-011323] [Server] X Plugin ready for connections. Bind-address: '::' port: 33060, socket: /var/run/mysqld/mysqlx.sock
jobportaldb  | 2026-09-11T15:14:25.744215Z 0 [System] [MY-013172] [Server] Received SHUTDOWN from user <via user signal>. Shutting down mysqld (Version: 26.7.0).
jobportaldb  | 2026-09-11T15:14:27.750615Z 0 [Warning] [MY-010909] [Server] /usr/sbin/mysqld: Forcing close of thread 197  user: 'root'.
jobportaldb  | 2026-09-11T15:14:27.751152Z 0 [Warning] [MY-010909] [Server] /usr/sbin/mysqld: Forcing close of thread 198  user: 'root'.
jobportaldb  | 2026-09-11T15:14:29.282789Z 0 [System] [MY-010910] [Server] /usr/sbin/mysqld: Shutdown complete (mysqld 26.7.0)  MySQL Community Server - GPL.
jobportaldb  | 2026-09-11T15:14:29.282812Z 0 [System] [MY-015016] [Server] MySQL Server - end.
jobportaldb  | 2026-09-11 15:14:33+00:00 [Note] [Entrypoint]: Entrypoint script for MySQL Server 26.7.0-1.el9 started.
jobportaldb  | 2026-09-11 15:14:34+00:00 [Note] [Entrypoint]: Switching to dedicated user 'mysql'
jobportaldb  | 2026-09-11 15:14:34+00:00 [Note] [Entrypoint]: Entrypoint script for MySQL Server 26.7.0-1.el9 started.
jobportaldb  | '/var/lib/mysql/mysql.sock' -> '/var/run/mysqld/mysqld.sock'
jobportaldb  | 2026-09-11T15:14:34.481410Z 0 [System] [MY-015015] [Server] MySQL Server - start.
jobportaldb  | 2026-09-11T15:14:34.690776Z 0 [System] [MY-010116] [Server] /usr/sbin/mysqld (mysqld 26.7.0) starting as process 1
jobportaldb  | 2026-09-11T15:14:34.690794Z 0 [System] [MY-015603] [Server] MySQL Server has access to 20 logical CPUs.
jobportaldb  | 2026-09-11T15:14:34.690808Z 0 [System] [MY-015603] [Server] MySQL Server has access to 5978759168 bytes of physical memory.
jobportaldb  | 2026-09-11T15:14:34.697170Z 1 [System] [MY-013576] [InnoDB] InnoDB initialization has started.
jobportaldb  | 2026-09-11T15:14:35.060064Z 1 [System] [MY-013577] [InnoDB] InnoDB initialization has ended.
jobportaldb  | 2026-09-11T15:14:35.383346Z 0 [Warning] [MY-010068] [Server] CA certificate ca.pem is self signed.
jobportaldb  | 2026-09-11T15:14:35.383412Z 0 [System] [MY-013602] [Server] Channel mysql_main configured to support TLS. Encrypted connections are now supported for this channel.
jobportaldb  | 2026-09-11T15:14:35.383450Z 0 [Warning] [MY-015696] [Server] TLS channel 'mysql_main' is not configured to require post-quantum key exchange algorithms; future TLS sessions may use a non-post-quantum key exchange algorithm because force_pqc is disabled
jobportaldb  | 2026-09-11T15:14:35.389062Z 0 [Warning] [MY-011810] [Server] Insecure configuration for --pid-file: Location '/var/run/mysqld' in the path is accessible to all OS users. Consider choosing a different directory.
jobportaldb  | 2026-09-11T15:14:35.451809Z 0 [Warning] [MY-015696] [Server] Plugin mysqlx reported: 'TLS channel 'mysqlx' is not configured to require post-quantum key exchange algorithms; future TLS sessions may use a non-post-quantum key exchange algorithm because force_pqc is disabled'
jobportaldb  | 2026-09-11T15:14:35.452109Z 0 [System] [MY-011323] [Server] X Plugin ready for connections. Bind-address: '::' port: 33060, socket: /var/run/mysqld/mysqlx.sock
jobportaldb  | 2026-09-11T15:14:35.452180Z 0 [System] [MY-010931] [Server] /usr/sbin/mysqld: ready for connections. Version: '26.7.0'  socket: '/var/run/mysqld/mysqld.sock'  port: 3306  MySQL Community Server - GPL.
jobportaldb  | 2026-09-12 03:28:27+00:00 [Note] [Entrypoint]: Entrypoint script for MySQL Server 26.7.0-1.el9 started.
jobportaldb  | 2026-09-12 03:28:28+00:00 [Note] [Entrypoint]: Switching to dedicated user 'mysql'
jobportaldb  | 2026-09-12 03:28:28+00:00 [Note] [Entrypoint]: Entrypoint script for MySQL Server 26.7.0-1.el9 started.
jobportaldb  | '/var/lib/mysql/mysql.sock' -> '/var/run/mysqld/mysqld.sock'
jobportaldb  | 2026-09-12T03:28:28.419387Z 0 [System] [MY-015015] [Server] MySQL Server - start.
jobportaldb  | 2026-09-12T03:28:28.873542Z 0 [System] [MY-010116] [Server] /usr/sbin/mysqld (mysqld 26.7.0) starting as process 1
jobportaldb  | 2026-09-12T03:28:28.873554Z 0 [System] [MY-015603] [Server] MySQL Server has access to 20 logical CPUs.
jobportaldb  | 2026-09-12T03:28:28.873566Z 0 [System] [MY-015603] [Server] MySQL Server has access to 5978779648 bytes of physical memory.
jobportaldb  | 2026-09-12T03:28:28.885562Z 1 [System] [MY-013576] [InnoDB] InnoDB initialization has started.
jobportaldb  | 2026-09-12T03:28:29.296461Z 1 [System] [MY-013577] [InnoDB] InnoDB initialization has ended.
jobportaldb  | 2026-09-12T03:28:29.428549Z 0 [System] [MY-010229] [Server] Starting XA crash recovery...
jobportaldb  | 2026-09-12T03:28:29.447296Z 0 [System] [MY-010232] [Server] XA crash recovery finished.
jobportaldb  | 2026-09-12T03:28:29.537241Z 0 [Warning] [MY-010068] [Server] CA certificate ca.pem is self signed.
jobportaldb  | 2026-09-12T03:28:29.537265Z 0 [System] [MY-013602] [Server] Channel mysql_main configured to support TLS. Encrypted connections are now supported for this channel.
jobportaldb  | 2026-09-12T03:28:29.537269Z 0 [Warning] [MY-015696] [Server] TLS channel 'mysql_main' is not configured to require post-quantum key exchange algorithms; future TLS sessions may use a non-post-quantum key exchange algorithm because force_pqc is disabled
jobportaldb  | 2026-09-12T03:28:29.540261Z 0 [Warning] [MY-011810] [Server] Insecure configuration for --pid-file: Location '/var/run/mysqld' in the path is accessible to all OS users. Consider choosing a different directory.
jobportaldb  | 2026-09-12T03:28:29.565214Z 0 [Warning] [MY-015696] [Server] Plugin mysqlx reported: 'TLS channel 'mysqlx' is not configured to require post-quantum key exchange algorithms; future TLS sessions may use a non-post-quantum key exchange algorithm because force_pqc is disabled'
jobportaldb  | 2026-09-12T03:28:29.565405Z 0 [System] [MY-011323] [Server] X Plugin ready for connections. Bind-address: '::' port: 33060, socket: /var/run/mysqld/mysqlx.sock
jobportaldb  | 2026-09-12T03:28:29.565482Z 0 [System] [MY-010931] [Server] /usr/sbin/mysqld: ready for connections. Version: '26.7.0'  socket: '/var/run/mysqld/mysqld.sock'  port: 3306  MySQL Community Server - GPL.
jobportaldb  | 2026-09-12T09:03:46.403202Z 0 [System] [MY-013172] [Server] Received SHUTDOWN from user <via user signal>. Shutting down mysqld (Version: 26.7.0).
jobportaldb  | 2026-09-12T09:03:48.409202Z 0 [Warning] [MY-010909] [Server] /usr/sbin/mysqld: Forcing close of thread 32  user: 'root'.
jobportaldb  | 2026-09-12T09:03:48.409664Z 0 [Warning] [MY-010909] [Server] /usr/sbin/mysqld: Forcing close of thread 33  user: 'root'.
jobportaldb  | 2026-09-12T09:03:48.409951Z 0 [Warning] [MY-010909] [Server] /usr/sbin/mysqld: Forcing close of thread 34  user: 'root'.
jobportaldb  | 2026-09-12T09:03:48.410405Z 0 [Warning] [MY-010909] [Server] /usr/sbin/mysqld: Forcing close of thread 35  user: 'root'.
jobportaldb  | 2026-09-12T09:03:48.410874Z 0 [Warning] [MY-010909] [Server] /usr/sbin/mysqld: Forcing close of thread 36  user: 'root'.
jobportaldb  | 2026-09-12T09:03:48.411324Z 0 [Warning] [MY-010909] [Server] /usr/sbin/mysqld: Forcing close of thread 21  user: 'root'.
jobportaldb  | 2026-09-12T09:03:48.411612Z 0 [Warning] [MY-010909] [Server] /usr/sbin/mysqld: Forcing close of thread 22  user: 'root'.
jobportaldb  | 2026-09-12T09:03:48.411862Z 0 [Warning] [MY-010909] [Server] /usr/sbin/mysqld: Forcing close of thread 30  user: 'root'.
jobportaldb  | 2026-09-12T09:03:48.412300Z 0 [Warning] [MY-010909] [Server] /usr/sbin/mysqld: Forcing close of thread 31  user: 'root'.
jobportaldb  | 2026-09-12T09:03:49.720282Z 0 [System] [MY-010910] [Server] /usr/sbin/mysqld: Shutdown complete (mysqld 26.7.0)  MySQL Community Server - GPL.
jobportaldb  | 2026-09-12T09:03:49.720313Z 0 [System] [MY-015016] [Server] MySQL Server - end.
jobportaldb  | 2026-09-13 04:22:04+00:00 [Note] [Entrypoint]: Entrypoint script for MySQL Server 26.7.0-1.el9 started.
jobportaldb  | 2026-09-13 04:22:05+00:00 [Note] [Entrypoint]: Switching to dedicated user 'mysql'
jobportaldb  | 2026-09-13 04:22:05+00:00 [Note] [Entrypoint]: Entrypoint script for MySQL Server 26.7.0-1.el9 started.
jobportaldb  | '/var/lib/mysql/mysql.sock' -> '/var/run/mysqld/mysqld.sock'
jobportaldb  | 2026-09-13T04:22:05.232085Z 0 [System] [MY-015015] [Server] MySQL Server - start.
jobportaldb  | 2026-09-13T04:22:05.514221Z 0 [System] [MY-010116] [Server] /usr/sbin/mysqld (mysqld 26.7.0) starting as process 1
jobportaldb  | 2026-09-13T04:22:05.514234Z 0 [System] [MY-015603] [Server] MySQL Server has access to 20 logical CPUs.
jobportaldb  | 2026-09-13T04:22:05.514245Z 0 [System] [MY-015603] [Server] MySQL Server has access to 5978767360 bytes of physical memory.
jobportaldb  | 2026-09-13T04:22:05.530064Z 1 [System] [MY-013576] [InnoDB] InnoDB initialization has started.
jobportaldb  | 2026-09-13T04:22:05.868426Z 1 [System] [MY-013577] [InnoDB] InnoDB initialization has ended.
jobportaldb  | 2026-09-13T04:22:06.133768Z 0 [Warning] [MY-010068] [Server] CA certificate ca.pem is self signed.
jobportaldb  | 2026-09-13T04:22:06.133795Z 0 [System] [MY-013602] [Server] Channel mysql_main configured to support TLS. Encrypted connections are now supported for this channel.
jobportaldb  | 2026-09-13T04:22:06.133800Z 0 [Warning] [MY-015696] [Server] TLS channel 'mysql_main' is not configured to require post-quantum key exchange algorithms; future TLS sessions may use a non-post-quantum key exchange algorithm because force_pqc is disabled
jobportaldb  | 2026-09-13T04:22:06.136332Z 0 [Warning] [MY-011810] [Server] Insecure configuration for --pid-file: Location '/var/run/mysqld' in the path is accessible to all OS users. Consider choosing a different directory.
jobportaldb  | 2026-09-13T04:22:06.162334Z 0 [Warning] [MY-015696] [Server] Plugin mysqlx reported: 'TLS channel 'mysqlx' is not configured to require post-quantum key exchange algorithms; future TLS sessions may use a non-post-quantum key exchange algorithm because force_pqc is disabled'
jobportaldb  | 2026-09-13T04:22:06.162515Z 0 [System] [MY-010931] [Server] /usr/sbin/mysqld: ready for connections. Version: '26.7.0'  socket: '/var/run/mysqld/mysqld.sock'  port: 3306  MySQL Community Server - GPL.
jobportaldb  | 2026-09-13T04:22:06.162507Z 0 [System] [MY-011323] [Server] X Plugin ready for connections. Bind-address: '::' port: 33060, socket: /var/run/mysqld/mysqlx.sock
jobportaldb  | 2026-09-13T04:22:11.230680Z 0 [System] [MY-013172] [Server] Received SHUTDOWN from user <via user signal>. Shutting down mysqld (Version: 26.7.0).
jobportaldb  | 2026-09-13T04:22:12.523339Z 0 [System] [MY-010910] [Server] /usr/sbin/mysqld: Shutdown complete (mysqld 26.7.0)  MySQL Community Server - GPL.
jobportaldb  | 2026-09-13T04:22:12.523359Z 0 [System] [MY-015016] [Server] MySQL Server - end.
jobportaldb  | 2026-09-13 04:22:33+00:00 [Note] [Entrypoint]: Entrypoint script for MySQL Server 26.7.0-1.el9 started.
jobportaldb  | 2026-09-13 04:22:34+00:00 [Note] [Entrypoint]: Switching to dedicated user 'mysql'
jobportaldb  | 2026-09-13 04:22:34+00:00 [Note] [Entrypoint]: Entrypoint script for MySQL Server 26.7.0-1.el9 started.
jobportaldb  | '/var/lib/mysql/mysql.sock' -> '/var/run/mysqld/mysqld.sock'
jobportaldb  | 2026-09-13T04:22:34.408037Z 0 [System] [MY-015015] [Server] MySQL Server - start.
jobportaldb  | 2026-09-13T04:22:34.622429Z 0 [System] [MY-010116] [Server] /usr/sbin/mysqld (mysqld 26.7.0) starting as process 1
jobportaldb  | 2026-09-13T04:22:34.622452Z 0 [System] [MY-015603] [Server] MySQL Server has access to 20 logical CPUs.
jobportaldb  | 2026-09-13T04:22:34.622464Z 0 [System] [MY-015603] [Server] MySQL Server has access to 5978767360 bytes of physical memory.
jobportaldb  | 2026-09-13T04:22:34.628084Z 1 [System] [MY-013576] [InnoDB] InnoDB initialization has started.
jobportaldb  | 2026-09-13T04:22:34.774744Z 1 [System] [MY-013577] [InnoDB] InnoDB initialization has ended.
jobportaldb  | 2026-09-13T04:22:34.911509Z 0 [Warning] [MY-010068] [Server] CA certificate ca.pem is self signed.
jobportaldb  | 2026-09-13T04:22:34.911548Z 0 [System] [MY-013602] [Server] Channel mysql_main configured to support TLS. Encrypted connections are now supported for this channel.
jobportaldb  | 2026-09-13T04:22:34.911552Z 0 [Warning] [MY-015696] [Server] TLS channel 'mysql_main' is not configured to require post-quantum key exchange algorithms; future TLS sessions may use a non-post-quantum key exchange algorithm because force_pqc is disabled
jobportaldb  | 2026-09-13T04:22:34.913478Z 0 [Warning] [MY-011810] [Server] Insecure configuration for --pid-file: Location '/var/run/mysqld' in the path is accessible to all OS users. Consider choosing a different directory.
jobportaldb  | 2026-09-13T04:22:34.927112Z 0 [Warning] [MY-015696] [Server] Plugin mysqlx reported: 'TLS channel 'mysqlx' is not configured to require post-quantum key exchange algorithms; future TLS sessions may use a non-post-quantum key exchange algorithm because force_pqc is disabled'
jobportaldb  | 2026-09-13T04:22:34.927292Z 0 [System] [MY-011323] [Server] X Plugin ready for connections. Bind-address: '::' port: 33060, socket: /var/run/mysqld/mysqlx.sock
jobportaldb  | 2026-09-13T04:22:34.927324Z 0 [System] [MY-010931] [Server] /usr/sbin/mysqld: ready for connections. Version: '26.7.0'  socket: '/var/run/mysqld/mysqld.sock'  port: 3306  MySQL Community Server - GPL.
jobportaldb  | 2026-09-13T04:22:39.864209Z 0 [System] [MY-013172] [Server] Received SHUTDOWN from user <via user signal>. Shutting down mysqld (Version: 26.7.0).
jobportaldb  | 2026-09-13T04:22:41.353480Z 0 [System] [MY-010910] [Server] /usr/sbin/mysqld: Shutdown complete (mysqld 26.7.0)  MySQL Community Server - GPL.
jobportaldb  | 2026-09-13T04:22:41.353499Z 0 [System] [MY-015016] [Server] MySQL Server - end.
jobportaldb  | 2026-09-13 04:24:20+00:00 [Note] [Entrypoint]: Entrypoint script for MySQL Server 26.7.0-1.el9 started.
jobportaldb  | 2026-09-13 04:24:20+00:00 [Note] [Entrypoint]: Switching to dedicated user 'mysql'
jobportaldb  | 2026-09-13 04:24:20+00:00 [Note] [Entrypoint]: Entrypoint script for MySQL Server 26.7.0-1.el9 started.
jobportaldb  | '/var/lib/mysql/mysql.sock' -> '/var/run/mysqld/mysqld.sock'
jobportaldb  | 2026-09-13T04:24:20.849458Z 0 [System] [MY-015015] [Server] MySQL Server - start.
jobportaldb  | 2026-09-13T04:24:21.052447Z 0 [System] [MY-010116] [Server] /usr/sbin/mysqld (mysqld 26.7.0) starting as process 1
jobportaldb  | 2026-09-13T04:24:21.052465Z 0 [System] [MY-015603] [Server] MySQL Server has access to 20 logical CPUs.
jobportaldb  | 2026-09-13T04:24:21.052478Z 0 [System] [MY-015603] [Server] MySQL Server has access to 5978767360 bytes of physical memory.
jobportaldb  | 2026-09-13T04:24:21.058515Z 1 [System] [MY-013576] [InnoDB] InnoDB initialization has started.
jobportaldb  | 2026-09-13T04:24:21.201477Z 1 [System] [MY-013577] [InnoDB] InnoDB initialization has ended.
jobportaldb  | 2026-09-13T04:24:21.330817Z 0 [Warning] [MY-010068] [Server] CA certificate ca.pem is self signed.
jobportaldb  | 2026-09-13T04:24:21.330846Z 0 [System] [MY-013602] [Server] Channel mysql_main configured to support TLS. Encrypted connections are now supported for this channel.
jobportaldb  | 2026-09-13T04:24:21.330852Z 0 [Warning] [MY-015696] [Server] TLS channel 'mysql_main' is not configured to require post-quantum key exchange algorithms; future TLS sessions may use a non-post-quantum key exchange algorithm because force_pqc is disabled
jobportaldb  | 2026-09-13T04:24:21.333119Z 0 [Warning] [MY-011810] [Server] Insecure configuration for --pid-file: Location '/var/run/mysqld' in the path is accessible to all OS users. Consider choosing a different directory.
jobportaldb  | 2026-09-13T04:24:21.355343Z 0 [Warning] [MY-015696] [Server] Plugin mysqlx reported: 'TLS channel 'mysqlx' is not configured to require post-quantum key exchange algorithms; future TLS sessions may use a non-post-quantum key exchange algorithm because force_pqc is disabled'
jobportaldb  | 2026-09-13T04:24:21.355546Z 0 [System] [MY-011323] [Server] X Plugin ready for connections. Bind-address: '::' port: 33060, socket: /var/run/mysqld/mysqlx.sock
jobportaldb  | 2026-09-13T04:24:21.355626Z 0 [System] [MY-010931] [Server] /usr/sbin/mysqld: ready for connections. Version: '26.7.0'  socket: '/var/run/mysqld/mysqld.sock'  port: 3306  MySQL Community Server - GPL.
jobportaldb  | 2026-09-13T04:24:26.510861Z 0 [System] [MY-013172] [Server] Received SHUTDOWN from user <via user signal>. Shutting down mysqld (Version: 26.7.0).
jobportaldb  | 2026-09-13T04:24:27.826383Z 0 [System] [MY-010910] [Server] /usr/sbin/mysqld: Shutdown complete (mysqld 26.7.0)  MySQL Community Server - GPL.
jobportaldb  | 2026-09-13T04:24:27.826405Z 0 [System] [MY-015016] [Server] MySQL Server - end.
jobportaldb  | 2026-09-13 07:32:51+00:00 [Note] [Entrypoint]: Entrypoint script for MySQL Server 26.7.0-1.el9 started.
jobportaldb  | 2026-09-13 07:32:52+00:00 [Note] [Entrypoint]: Switching to dedicated user 'mysql'
jobportaldb  | 2026-09-13 07:32:52+00:00 [Note] [Entrypoint]: Entrypoint script for MySQL Server 26.7.0-1.el9 started.
jobportaldb  | '/var/lib/mysql/mysql.sock' -> '/var/run/mysqld/mysqld.sock'
jobportaldb  | 2026-09-13T07:32:52.544023Z 0 [System] [MY-015015] [Server] MySQL Server - start.
jobportaldb  | 2026-09-13T07:32:52.963348Z 0 [System] [MY-010116] [Server] /usr/sbin/mysqld (mysqld 26.7.0) starting as process 1
jobportaldb  | 2026-09-13T07:32:52.963403Z 0 [System] [MY-015603] [Server] MySQL Server has access to 20 logical CPUs.
jobportaldb  | 2026-09-13T07:32:52.963435Z 0 [System] [MY-015603] [Server] MySQL Server has access to 5978775552 bytes of physical memory.
jobportaldb  | 2026-09-13T07:32:52.986965Z 1 [System] [MY-013576] [InnoDB] InnoDB initialization has started.
jobportaldb  | 2026-09-13T07:32:53.359558Z 1 [System] [MY-013577] [InnoDB] InnoDB initialization has ended.
jobportaldb  | 2026-09-13T07:32:53.634663Z 0 [Warning] [MY-010068] [Server] CA certificate ca.pem is self signed.
jobportaldb  | 2026-09-13T07:32:53.634690Z 0 [System] [MY-013602] [Server] Channel mysql_main configured to support TLS. Encrypted connections are now supported for this channel.
jobportaldb  | 2026-09-13T07:32:53.634696Z 0 [Warning] [MY-015696] [Server] TLS channel 'mysql_main' is not configured to require post-quantum key exchange algorithms; future TLS sessions may use a non-post-quantum key exchange algorithm because force_pqc is disabled
jobportaldb  | 2026-09-13T07:32:53.638392Z 0 [Warning] [MY-011810] [Server] Insecure configuration for --pid-file: Location '/var/run/mysqld' in the path is accessible to all OS users. Consider choosing a different directory.
jobportaldb  | 2026-09-13T07:32:53.660629Z 0 [Warning] [MY-015696] [Server] Plugin mysqlx reported: 'TLS channel 'mysqlx' is not configured to require post-quantum key exchange algorithms; future TLS sessions may use a non-post-quantum key exchange algorithm because force_pqc is disabled'
jobportaldb  | 2026-09-13T07:32:53.660771Z 0 [System] [MY-010931] [Server] /usr/sbin/mysqld: ready for connections. Version: '26.7.0'  socket: '/var/run/mysqld/mysqld.sock'  port: 3306  MySQL Community Server - GPL.
jobportaldb  | 2026-09-13T07:32:53.660806Z 0 [System] [MY-011323] [Server] X Plugin ready for connections. Bind-address: '::' port: 33060, socket: /var/run/mysqld/mysqlx.sock
jobportaldb  | 2026-09-13T10:27:34.321121Z 0 [System] [MY-013172] [Server] Received SHUTDOWN from user <via user signal>. Shutting down mysqld (Version: 26.7.0).
jobportaldb  | 2026-09-13T10:27:35.630567Z 0 [System] [MY-010910] [Server] /usr/sbin/mysqld: Shutdown complete (mysqld 26.7.0)  MySQL Community Server - GPL.
jobportaldb  | 2026-09-13T10:27:35.630590Z 0 [System] [MY-015016] [Server] MySQL Server - end.
jobportaldb  | 2026-09-13 10:56:43+00:00 [Note] [Entrypoint]: Entrypoint script for MySQL Server 26.7.0-1.el9 started.
jobportaldb  | 2026-09-13 10:56:43+00:00 [Note] [Entrypoint]: Switching to dedicated user 'mysql'
jobportaldb  | 2026-09-13 10:56:43+00:00 [Note] [Entrypoint]: Entrypoint script for MySQL Server 26.7.0-1.el9 started.
jobportaldb  | '/var/lib/mysql/mysql.sock' -> '/var/run/mysqld/mysqld.sock'
jobportaldb  | 2026-09-13T10:56:44.114014Z 0 [System] [MY-015015] [Server] MySQL Server - start.
jobportaldb  | 2026-09-13T10:56:44.416011Z 0 [System] [MY-010116] [Server] /usr/sbin/mysqld (mysqld 26.7.0) starting as process 1
jobportaldb  | 2026-09-13T10:56:44.416032Z 0 [System] [MY-015603] [Server] MySQL Server has access to 20 logical CPUs.
jobportaldb  | 2026-09-13T10:56:44.416045Z 0 [System] [MY-015603] [Server] MySQL Server has access to 5978763264 bytes of physical memory.
jobportaldb  | 2026-09-13T10:56:44.428805Z 1 [System] [MY-013576] [InnoDB] InnoDB initialization has started.
jobportaldb  | 2026-09-13T10:56:44.725789Z 1 [System] [MY-013577] [InnoDB] InnoDB initialization has ended.
jobportaldb  | 2026-09-13T10:56:45.005341Z 0 [Warning] [MY-010068] [Server] CA certificate ca.pem is self signed.
jobportaldb  | 2026-09-13T10:56:45.005379Z 0 [System] [MY-013602] [Server] Channel mysql_main configured to support TLS. Encrypted connections are now supported for this channel.
jobportaldb  | 2026-09-13T10:56:45.005386Z 0 [Warning] [MY-015696] [Server] TLS channel 'mysql_main' is not configured to require post-quantum key exchange algorithms; future TLS sessions may use a non-post-quantum key exchange algorithm because force_pqc is disabled
jobportaldb  | 2026-09-13T10:56:45.008579Z 0 [Warning] [MY-011810] [Server] Insecure configuration for --pid-file: Location '/var/run/mysqld' in the path is accessible to all OS users. Consider choosing a different directory.
jobportaldb  | 2026-09-13T10:56:45.039185Z 0 [Warning] [MY-015696] [Server] Plugin mysqlx reported: 'TLS channel 'mysqlx' is not configured to require post-quantum key exchange algorithms; future TLS sessions may use a non-post-quantum key exchange algorithm because force_pqc is disabled'
jobportaldb  | 2026-09-13T10:56:45.039374Z 0 [System] [MY-011323] [Server] X Plugin ready for connections. Bind-address: '::' port: 33060, socket: /var/run/mysqld/mysqlx.sock
jobportaldb  | 2026-09-13T10:56:45.039504Z 0 [System] [MY-010931] [Server] /usr/sbin/mysqld: ready for connections. Version: '26.7.0'  socket: '/var/run/mysqld/mysqld.sock'  port: 3306  MySQL Community Server - GPL.
jobportaldb  | 2026-09-13T15:40:22.635512Z 0 [System] [MY-013172] [Server] Received SHUTDOWN from user <via user signal>. Shutting down mysqld (Version: 26.7.0).
jobportaldb  | 2026-09-13T15:40:24.125767Z 0 [System] [MY-010910] [Server] /usr/sbin/mysqld: Shutdown complete (mysqld 26.7.0)  MySQL Community Server - GPL.
jobportaldb  | 2026-09-13T15:40:24.125876Z 0 [System] [MY-015016] [Server] MySQL Server - end.
jobportaldb  | 2026-09-15 14:07:46+00:00 [Note] [Entrypoint]: Entrypoint script for MySQL Server 26.7.0-1.el9 started.
jobportaldb  | 2026-09-15 14:07:46+00:00 [Note] [Entrypoint]: Switching to dedicated user 'mysql'
jobportaldb  | 2026-09-15 14:07:46+00:00 [Note] [Entrypoint]: Entrypoint script for MySQL Server 26.7.0-1.el9 started.
jobportaldb  | '/var/lib/mysql/mysql.sock' -> '/var/run/mysqld/mysqld.sock'
jobportaldb  | 2026-09-15T14:07:46.936837Z 0 [System] [MY-015015] [Server] MySQL Server - start.
jobportaldb  | 2026-09-15T14:07:47.358780Z 0 [System] [MY-010116] [Server] /usr/sbin/mysqld (mysqld 26.7.0) starting as process 1
jobportaldb  | 2026-09-15T14:07:47.358798Z 0 [System] [MY-015603] [Server] MySQL Server has access to 20 logical CPUs.
jobportaldb  | 2026-09-15T14:07:47.358811Z 0 [System] [MY-015603] [Server] MySQL Server has access to 5978779648 bytes of physical memory.
jobportaldb  | 2026-09-15T14:07:47.376271Z 1 [System] [MY-013576] [InnoDB] InnoDB initialization has started.
jobportaldb  | 2026-09-15T14:07:47.861319Z 1 [System] [MY-013577] [InnoDB] InnoDB initialization has ended.
jobportaldb  | 2026-09-15T14:07:48.163493Z 0 [Warning] [MY-010068] [Server] CA certificate ca.pem is self signed.
jobportaldb  | 2026-09-15T14:07:48.163525Z 0 [System] [MY-013602] [Server] Channel mysql_main configured to support TLS. Encrypted connections are now supported for this channel.
jobportaldb  | 2026-09-15T14:07:48.163532Z 0 [Warning] [MY-015696] [Server] TLS channel 'mysql_main' is not configured to require post-quantum key exchange algorithms; future TLS sessions may use a non-post-quantum key exchange algorithm because force_pqc is disabled
jobportaldb  | 2026-09-15T14:07:48.168949Z 0 [Warning] [MY-011810] [Server] Insecure configuration for --pid-file: Location '/var/run/mysqld' in the path is accessible to all OS users. Consider choosing a different directory.
jobportaldb  | 2026-09-15T14:07:48.195200Z 0 [Warning] [MY-015696] [Server] Plugin mysqlx reported: 'TLS channel 'mysqlx' is not configured to require post-quantum key exchange algorithms; future TLS sessions may use a non-post-quantum key exchange algorithm because force_pqc is disabled'
jobportaldb  | 2026-09-15T14:07:48.195457Z 0 [System] [MY-010931] [Server] /usr/sbin/mysqld: ready for connections. Version: '26.7.0'  socket: '/var/run/mysqld/mysqld.sock'  port: 3306  MySQL Community Server - GPL.
jobportaldb  | 2026-09-15T14:07:48.195446Z 0 [System] [MY-011323] [Server] X Plugin ready for connections. Bind-address: '::' port: 33060, socket: /var/run/mysqld/mysqlx.sock
jobportaldb  | 2026-09-15T14:07:54.388194Z 0 [System] [MY-013172] [Server] Received SHUTDOWN from user <via user signal>. Shutting down mysqld (Version: 26.7.0).
jobportaldb  | 2026-09-15T14:07:55.533534Z 0 [System] [MY-010910] [Server] /usr/sbin/mysqld: Shutdown complete (mysqld 26.7.0)  MySQL Community Server - GPL.
jobportaldb  | 2026-09-15T14:07:55.533569Z 0 [System] [MY-015016] [Server] MySQL Server - end.
"}{"timestamp":"2026-09-28 16:29:22","level":"ERROR","logger":"org.springframework.boot.SpringApplication","message":"Application run failed"}org.springframework.boot.docker.compose.core.ProcessExitException: 'docker compose --file /home/samer/Desktop/java/projects/job-portal-spring/compose.yml --ansi never up --no-color --detach --wait' failed with exit code 1.

Stdout:


Stderr:
 Container jobportaldb Starting 
Error response from daemon: failed to set up container networking: driver failed programming external connectivity on endpoint jobportaldb (fbaad00bd9c65224089e40cebdd16a5897be7d5a654e48c8b620cbcec56262d5): Bind for 0.0.0.0:3307 failed: port is already allocated

	at org.springframework.boot.docker.compose.core.ProcessRunner.run(ProcessRunner.java:102)
	at org.springframework.boot.docker.compose.core.DockerCli.run(DockerCli.java:82)
	at org.springframework.boot.docker.compose.core.DefaultDockerCompose.up(DefaultDockerCompose.java:58)
	at org.springframework.boot.docker.compose.lifecycle.StartCommand.applyTo(StartCommand.java:51)
	at org.springframework.boot.docker.compose.lifecycle.DockerComposeLifecycleManager.start(DockerComposeLifecycleManager.java:133)
	at org.springframework.boot.docker.compose.lifecycle.DockerComposeListener.onApplicationEvent(DockerComposeListener.java:53)
	at org.springframework.boot.docker.compose.lifecycle.DockerComposeListener.onApplicationEvent(DockerComposeListener.java:35)
	at org.springframework.context.event.SimpleApplicationEventMulticaster.doInvokeListener(SimpleApplicationEventMulticaster.java:180)
	at org.springframework.context.event.SimpleApplicationEventMulticaster.invokeListener(SimpleApplicationEventMulticaster.java:173)
	at org.springframework.context.event.SimpleApplicationEventMulticaster.multicastEvent(SimpleApplicationEventMulticaster.java:151)
	at org.springframework.context.event.SimpleApplicationEventMulticaster.multicastEvent(SimpleApplicationEventMulticaster.java:133)
	at org.springframework.boot.context.event.EventPublishingRunListener.multicastInitialEvent(EventPublishingRunListener.java:137)
	at org.springframework.boot.context.event.EventPublishingRunListener.contextLoaded(EventPublishingRunListener.java:99)
	at org.springframework.boot.SpringApplicationRunListeners.lambda$contextLoaded$0(SpringApplicationRunListeners.java:74)
	at java.base/java.util.ImmutableCollections$List12.forEach(ImmutableCollections.java:680)
	at org.springframework.boot.SpringApplicationRunListeners.doWithListeners(SpringApplicationRunListeners.java:123)
	at org.springframework.boot.SpringApplicationRunListeners.doWithListeners(SpringApplicationRunListeners.java:117)
	at org.springframework.boot.SpringApplicationRunListeners.contextLoaded(SpringApplicationRunListeners.java:74)
	at org.springframework.boot.SpringApplication.prepareContext(SpringApplication.java:418)
	at org.springframework.boot.SpringApplication.run(SpringApplication.java:320)
	at org.springframework.boot.SpringApplication.run(SpringApplication.java:1365)
	at org.springframework.boot.SpringApplication.run(SpringApplication.java:1354)
	at com.jobportal.JobportalApplication.main(JobportalApplication.java:14)
	at java.base/jdk.internal.reflect.DirectMethodHandleAccessor.invoke(DirectMethodHandleAccessor.java:104)
	at java.base/java.lang.reflect.Method.invoke(Method.java:565)
	at org.springframework.boot.devtools.restart.RestartLauncher.run(RestartLauncher.java:52)
{"timestamp":"2026-09-28 16:29:48","level":"INFO","logger":"com.jobportal.JobportalApplication","message":"Starting JobportalApplication using Java 26.0.1 with PID 112494 (/home/samer/Desktop/java/projects/job-portal-spring/target/classes started by samer in /home/samer/Desktop/java/projects/job-portal-spring)"}{"timestamp":"2026-09-28 16:29:48","level":"INFO","logger":"com.jobportal.JobportalApplication","message":"No active profile set, falling back to 1 default profile: "default""}{"timestamp":"2026-09-28 16:29:48","level":"INFO","logger":"org.springframework.boot.devtools.env.DevToolsPropertyDefaultsPostProcessor","message":"Devtools property defaults active! Set 'spring.devtools.add-properties' to 'false' to disable"}{"timestamp":"2026-09-28 16:29:48","level":"INFO","logger":"org.springframework.boot.devtools.env.DevToolsPropertyDefaultsPostProcessor","message":"For additional web related logging consider setting the 'logging.level.web' property to 'DEBUG'"}{"timestamp":"2026-09-28 16:29:48","level":"INFO","logger":"org.springframework.boot.docker.compose.lifecycle.DockerComposeLifecycleManager","message":"Using Docker Compose file /home/samer/Desktop/java/projects/job-portal-spring/compose.yml"}{"timestamp":"2026-09-28 16:29:48","level":"INFO","logger":"org.hibernate.validator.internal.util.Version","message":"HV000001: Hibernate Validator 9.1.0.Final"}{"timestamp":"2026-09-28 16:29:55","level":"INFO","logger":"org.springframework.boot.docker.compose.lifecycle.DockerComposeLifecycleManager","message":"There are already Docker Compose services running, skipping startup"}{"timestamp":"2026-09-28 16:29:55","level":"ERROR","logger":"org.springframework.boot.SpringApplication","message":"Application run failed"}java.lang.IllegalStateException: No host port mapping found for container port 3306
	at org.springframework.util.Assert.state(Assert.java:102)
	at org.springframework.boot.docker.compose.core.DefaultConnectionPorts.get(DefaultConnectionPorts.java:102)
	at org.springframework.boot.jdbc.docker.compose.JdbcUrlBuilder.urlFor(JdbcUrlBuilder.java:73)
	at org.springframework.boot.jdbc.docker.compose.JdbcUrlBuilder.build(JdbcUrlBuilder.java:67)
	at org.springframework.boot.jdbc.docker.compose.MySqlJdbcDockerComposeConnectionDetailsFactory$MySqlJdbcDockerComposeConnectionDetails.<init>(MySqlJdbcDockerComposeConnectionDetailsFactory.java:60)
	at org.springframework.boot.jdbc.docker.compose.MySqlJdbcDockerComposeConnectionDetailsFactory.getDockerComposeConnectionDetails(MySqlJdbcDockerComposeConnectionDetailsFactory.java:42)
	at org.springframework.boot.jdbc.docker.compose.MySqlJdbcDockerComposeConnectionDetailsFactory.getDockerComposeConnectionDetails(MySqlJdbcDockerComposeConnectionDetailsFactory.java:33)
	at org.springframework.boot.docker.compose.service.connection.DockerComposeConnectionDetailsFactory.getConnectionDetails(DockerComposeConnectionDetailsFactory.java:98)
	at org.springframework.boot.docker.compose.service.connection.DockerComposeConnectionDetailsFactory.getConnectionDetails(DockerComposeConnectionDetailsFactory.java:59)
	at org.springframework.boot.autoconfigure.service.connection.ConnectionDetailsFactories.getConnectionDetails(ConnectionDetailsFactories.java:87)
	at org.springframework.boot.docker.compose.service.connection.DockerComposeServiceConnectionsApplicationListener.registerConnectionDetails(DockerComposeServiceConnectionsApplicationListener.java:72)
	at org.springframework.boot.docker.compose.service.connection.DockerComposeServiceConnectionsApplicationListener.onApplicationEvent(DockerComposeServiceConnectionsApplicationListener.java:64)
	at org.springframework.boot.docker.compose.service.connection.DockerComposeServiceConnectionsApplicationListener.onApplicationEvent(DockerComposeServiceConnectionsApplicationListener.java:46)
	at org.springframework.context.event.SimpleApplicationEventMulticaster.doInvokeListener(SimpleApplicationEventMulticaster.java:180)
	at org.springframework.context.event.SimpleApplicationEventMulticaster.invokeListener(SimpleApplicationEventMulticaster.java:173)
	at org.springframework.context.event.SimpleApplicationEventMulticaster.multicastEvent(SimpleApplicationEventMulticaster.java:151)
	at org.springframework.context.event.SimpleApplicationEventMulticaster.multicastEvent(SimpleApplicationEventMulticaster.java:133)
	at org.springframework.boot.docker.compose.lifecycle.DockerComposeLifecycleManager.publishEvent(DockerComposeLifecycleManager.java:210)
	at org.springframework.boot.docker.compose.lifecycle.DockerComposeLifecycleManager.start(DockerComposeLifecycleManager.java:154)
	at org.springframework.boot.docker.compose.lifecycle.DockerComposeListener.onApplicationEvent(DockerComposeListener.java:53)
	at org.springframework.boot.docker.compose.lifecycle.DockerComposeListener.onApplicationEvent(DockerComposeListener.java:35)
	at org.springframework.context.event.SimpleApplicationEventMulticaster.doInvokeListener(SimpleApplicationEventMulticaster.java:180)
	at org.springframework.context.event.SimpleApplicationEventMulticaster.invokeListener(SimpleApplicationEventMulticaster.java:173)
	at org.springframework.context.event.SimpleApplicationEventMulticaster.multicastEvent(SimpleApplicationEventMulticaster.java:151)
	at org.springframework.context.event.SimpleApplicationEventMulticaster.multicastEvent(SimpleApplicationEventMulticaster.java:133)
	at org.springframework.boot.context.event.EventPublishingRunListener.multicastInitialEvent(EventPublishingRunListener.java:137)
	at org.springframework.boot.context.event.EventPublishingRunListener.contextLoaded(EventPublishingRunListener.java:99)
	at org.springframework.boot.SpringApplicationRunListeners.lambda$contextLoaded$0(SpringApplicationRunListeners.java:74)
	at java.base/java.util.ImmutableCollections$List12.forEach(ImmutableCollections.java:680)
	at org.springframework.boot.SpringApplicationRunListeners.doWithListeners(SpringApplicationRunListeners.java:123)
	at org.springframework.boot.SpringApplicationRunListeners.doWithListeners(SpringApplicationRunListeners.java:117)
	at org.springframework.boot.SpringApplicationRunListeners.contextLoaded(SpringApplicationRunListeners.java:74)
	at org.springframework.boot.SpringApplication.prepareContext(SpringApplication.java:418)
	at org.springframework.boot.SpringApplication.run(SpringApplication.java:320)
	at org.springframework.boot.SpringApplication.run(SpringApplication.java:1365)
	at org.springframework.boot.SpringApplication.run(SpringApplication.java:1354)
	at com.jobportal.JobportalApplication.main(JobportalApplication.java:14)
	at java.base/jdk.internal.reflect.DirectMethodHandleAccessor.invoke(DirectMethodHandleAccessor.java:104)
	at java.base/java.lang.reflect.Method.invoke(Method.java:565)
	at org.springframework.boot.devtools.restart.RestartLauncher.run(RestartLauncher.java:52)
{"timestamp":"2026-09-28 16:30:07","level":"INFO","logger":"com.jobportal.JobportalApplication","message":"Starting JobportalApplication using Java 26.0.1 with PID 112963 (/home/samer/Desktop/java/projects/job-portal-spring/target/classes started by samer in /home/samer/Desktop/java/projects/job-portal-spring)"}{"timestamp":"2026-09-28 16:30:07","level":"INFO","logger":"com.jobportal.JobportalApplication","message":"No active profile set, falling back to 1 default profile: "default""}{"timestamp":"2026-09-28 16:30:07","level":"INFO","logger":"org.springframework.boot.devtools.env.DevToolsPropertyDefaultsPostProcessor","message":"Devtools property defaults active! Set 'spring.devtools.add-properties' to 'false' to disable"}{"timestamp":"2026-09-28 16:30:07","level":"INFO","logger":"org.springframework.boot.devtools.env.DevToolsPropertyDefaultsPostProcessor","message":"For additional web related logging consider setting the 'logging.level.web' property to 'DEBUG'"}{"timestamp":"2026-09-28 16:30:07","level":"INFO","logger":"org.springframework.boot.docker.compose.lifecycle.DockerComposeLifecycleManager","message":"Using Docker Compose file /home/samer/Desktop/java/projects/job-portal-spring/compose.yml"}{"timestamp":"2026-09-28 16:30:07","level":"INFO","logger":"org.hibernate.validator.internal.util.Version","message":"HV000001: Hibernate Validator 9.1.0.Final"}{"timestamp":"2026-09-28 16:30:13","level":"INFO","logger":"org.springframework.boot.docker.compose.lifecycle.DockerComposeLifecycleManager","message":"There are already Docker Compose services running, skipping startup"}{"timestamp":"2026-09-28 16:30:13","level":"ERROR","logger":"org.springframework.boot.SpringApplication","message":"Application run failed"}java.lang.IllegalStateException: No host port mapping found for container port 3306
	at org.springframework.util.Assert.state(Assert.java:102)
	at org.springframework.boot.docker.compose.core.DefaultConnectionPorts.get(DefaultConnectionPorts.java:102)
	at org.springframework.boot.jdbc.docker.compose.JdbcUrlBuilder.urlFor(JdbcUrlBuilder.java:73)
	at org.springframework.boot.jdbc.docker.compose.JdbcUrlBuilder.build(JdbcUrlBuilder.java:67)
	at org.springframework.boot.jdbc.docker.compose.MySqlJdbcDockerComposeConnectionDetailsFactory$MySqlJdbcDockerComposeConnectionDetails.<init>(MySqlJdbcDockerComposeConnectionDetailsFactory.java:60)
	at org.springframework.boot.jdbc.docker.compose.MySqlJdbcDockerComposeConnectionDetailsFactory.getDockerComposeConnectionDetails(MySqlJdbcDockerComposeConnectionDetailsFactory.java:42)
	at org.springframework.boot.jdbc.docker.compose.MySqlJdbcDockerComposeConnectionDetailsFactory.getDockerComposeConnectionDetails(MySqlJdbcDockerComposeConnectionDetailsFactory.java:33)
	at org.springframework.boot.docker.compose.service.connection.DockerComposeConnectionDetailsFactory.getConnectionDetails(DockerComposeConnectionDetailsFactory.java:98)
	at org.springframework.boot.docker.compose.service.connection.DockerComposeConnectionDetailsFactory.getConnectionDetails(DockerComposeConnectionDetailsFactory.java:59)
	at org.springframework.boot.autoconfigure.service.connection.ConnectionDetailsFactories.getConnectionDetails(ConnectionDetailsFactories.java:87)
	at org.springframework.boot.docker.compose.service.connection.DockerComposeServiceConnectionsApplicationListener.registerConnectionDetails(DockerComposeServiceConnectionsApplicationListener.java:72)
	at org.springframework.boot.docker.compose.service.connection.DockerComposeServiceConnectionsApplicationListener.onApplicationEvent(DockerComposeServiceConnectionsApplicationListener.java:64)
	at org.springframework.boot.docker.compose.service.connection.DockerComposeServiceConnectionsApplicationListener.onApplicationEvent(DockerComposeServiceConnectionsApplicationListener.java:46)
	at org.springframework.context.event.SimpleApplicationEventMulticaster.doInvokeListener(SimpleApplicationEventMulticaster.java:180)
	at org.springframework.context.event.SimpleApplicationEventMulticaster.invokeListener(SimpleApplicationEventMulticaster.java:173)
	at org.springframework.context.event.SimpleApplicationEventMulticaster.multicastEvent(SimpleApplicationEventMulticaster.java:151)
	at org.springframework.context.event.SimpleApplicationEventMulticaster.multicastEvent(SimpleApplicationEventMulticaster.java:133)
	at org.springframework.boot.docker.compose.lifecycle.DockerComposeLifecycleManager.publishEvent(DockerComposeLifecycleManager.java:210)
	at org.springframework.boot.docker.compose.lifecycle.DockerComposeLifecycleManager.start(DockerComposeLifecycleManager.java:154)
	at org.springframework.boot.docker.compose.lifecycle.DockerComposeListener.onApplicationEvent(DockerComposeListener.java:53)
	at org.springframework.boot.docker.compose.lifecycle.DockerComposeListener.onApplicationEvent(DockerComposeListener.java:35)
	at org.springframework.context.event.SimpleApplicationEventMulticaster.doInvokeListener(SimpleApplicationEventMulticaster.java:180)
	at org.springframework.context.event.SimpleApplicationEventMulticaster.invokeListener(SimpleApplicationEventMulticaster.java:173)
	at org.springframework.context.event.SimpleApplicationEventMulticaster.multicastEvent(SimpleApplicationEventMulticaster.java:151)
	at org.springframework.context.event.SimpleApplicationEventMulticaster.multicastEvent(SimpleApplicationEventMulticaster.java:133)
	at org.springframework.boot.context.event.EventPublishingRunListener.multicastInitialEvent(EventPublishingRunListener.java:137)
	at org.springframework.boot.context.event.EventPublishingRunListener.contextLoaded(EventPublishingRunListener.java:99)
	at org.springframework.boot.SpringApplicationRunListeners.lambda$contextLoaded$0(SpringApplicationRunListeners.java:74)
	at java.base/java.util.ImmutableCollections$List12.forEach(ImmutableCollections.java:680)
	at org.springframework.boot.SpringApplicationRunListeners.doWithListeners(SpringApplicationRunListeners.java:123)
	at org.springframework.boot.SpringApplicationRunListeners.doWithListeners(SpringApplicationRunListeners.java:117)
	at org.springframework.boot.SpringApplicationRunListeners.contextLoaded(SpringApplicationRunListeners.java:74)
	at org.springframework.boot.SpringApplication.prepareContext(SpringApplication.java:418)
	at org.springframework.boot.SpringApplication.run(SpringApplication.java:320)
	at org.springframework.boot.SpringApplication.run(SpringApplication.java:1365)
	at org.springframework.boot.SpringApplication.run(SpringApplication.java:1354)
	at com.jobportal.JobportalApplication.main(JobportalApplication.java:14)
	at java.base/jdk.internal.reflect.DirectMethodHandleAccessor.invoke(DirectMethodHandleAccessor.java:104)
	at java.base/java.lang.reflect.Method.invoke(Method.java:565)
	at org.springframework.boot.devtools.restart.RestartLauncher.run(RestartLauncher.java:52)
{"timestamp":"2026-09-28 16:30:25","level":"INFO","logger":"com.jobportal.JobportalApplication","message":"Starting JobportalApplication using Java 26.0.1 with PID 113392 (/home/samer/Desktop/java/projects/job-portal-spring/target/classes started by samer in /home/samer/Desktop/java/projects/job-portal-spring)"}{"timestamp":"2026-09-28 16:30:25","level":"INFO","logger":"com.jobportal.JobportalApplication","message":"No active profile set, falling back to 1 default profile: "default""}{"timestamp":"2026-09-28 16:30:25","level":"INFO","logger":"org.springframework.boot.devtools.env.DevToolsPropertyDefaultsPostProcessor","message":"Devtools property defaults active! Set 'spring.devtools.add-properties' to 'false' to disable"}{"timestamp":"2026-09-28 16:30:25","level":"INFO","logger":"org.springframework.boot.devtools.env.DevToolsPropertyDefaultsPostProcessor","message":"For additional web related logging consider setting the 'logging.level.web' property to 'DEBUG'"}{"timestamp":"2026-09-28 16:30:25","level":"INFO","logger":"org.springframework.boot.docker.compose.lifecycle.DockerComposeLifecycleManager","message":"Using Docker Compose file /home/samer/Desktop/java/projects/job-portal-spring/compose.yml"}{"timestamp":"2026-09-28 16:30:25","level":"INFO","logger":"org.hibernate.validator.internal.util.Version","message":"HV000001: Hibernate Validator 9.1.0.Final"}{"timestamp":"2026-09-28 16:30:32","level":"INFO","logger":"org.springframework.boot.docker.compose.lifecycle.DockerComposeLifecycleManager","message":"There are already Docker Compose services running, skipping startup"}{"timestamp":"2026-09-28 16:30:32","level":"ERROR","logger":"org.springframework.boot.SpringApplication","message":"Application run failed"}java.lang.IllegalStateException: No host port mapping found for container port 3306
	at org.springframework.util.Assert.state(Assert.java:102)
	at org.springframework.boot.docker.compose.core.DefaultConnectionPorts.get(DefaultConnectionPorts.java:102)
	at org.springframework.boot.jdbc.docker.compose.JdbcUrlBuilder.urlFor(JdbcUrlBuilder.java:73)
	at org.springframework.boot.jdbc.docker.compose.JdbcUrlBuilder.build(JdbcUrlBuilder.java:67)
	at org.springframework.boot.jdbc.docker.compose.MySqlJdbcDockerComposeConnectionDetailsFactory$MySqlJdbcDockerComposeConnectionDetails.<init>(MySqlJdbcDockerComposeConnectionDetailsFactory.java:60)
	at org.springframework.boot.jdbc.docker.compose.MySqlJdbcDockerComposeConnectionDetailsFactory.getDockerComposeConnectionDetails(MySqlJdbcDockerComposeConnectionDetailsFactory.java:42)
	at org.springframework.boot.jdbc.docker.compose.MySqlJdbcDockerComposeConnectionDetailsFactory.getDockerComposeConnectionDetails(MySqlJdbcDockerComposeConnectionDetailsFactory.java:33)
	at org.springframework.boot.docker.compose.service.connection.DockerComposeConnectionDetailsFactory.getConnectionDetails(DockerComposeConnectionDetailsFactory.java:98)
	at org.springframework.boot.docker.compose.service.connection.DockerComposeConnectionDetailsFactory.getConnectionDetails(DockerComposeConnectionDetailsFactory.java:59)
	at org.springframework.boot.autoconfigure.service.connection.ConnectionDetailsFactories.getConnectionDetails(ConnectionDetailsFactories.java:87)
	at org.springframework.boot.docker.compose.service.connection.DockerComposeServiceConnectionsApplicationListener.registerConnectionDetails(DockerComposeServiceConnectionsApplicationListener.java:72)
	at org.springframework.boot.docker.compose.service.connection.DockerComposeServiceConnectionsApplicationListener.onApplicationEvent(DockerComposeServiceConnectionsApplicationListener.java:64)
	at org.springframework.boot.docker.compose.service.connection.DockerComposeServiceConnectionsApplicationListener.onApplicationEvent(DockerComposeServiceConnectionsApplicationListener.java:46)
	at org.springframework.context.event.SimpleApplicationEventMulticaster.doInvokeListener(SimpleApplicationEventMulticaster.java:180)
	at org.springframework.context.event.SimpleApplicationEventMulticaster.invokeListener(SimpleApplicationEventMulticaster.java:173)
	at org.springframework.context.event.SimpleApplicationEventMulticaster.multicastEvent(SimpleApplicationEventMulticaster.java:151)
	at org.springframework.context.event.SimpleApplicationEventMulticaster.multicastEvent(SimpleApplicationEventMulticaster.java:133)
	at org.springframework.boot.docker.compose.lifecycle.DockerComposeLifecycleManager.publishEvent(DockerComposeLifecycleManager.java:210)
	at org.springframework.boot.docker.compose.lifecycle.DockerComposeLifecycleManager.start(DockerComposeLifecycleManager.java:154)
	at org.springframework.boot.docker.compose.lifecycle.DockerComposeListener.onApplicationEvent(DockerComposeListener.java:53)
	at org.springframework.boot.docker.compose.lifecycle.DockerComposeListener.onApplicationEvent(DockerComposeListener.java:35)
	at org.springframework.context.event.SimpleApplicationEventMulticaster.doInvokeListener(SimpleApplicationEventMulticaster.java:180)
	at org.springframework.context.event.SimpleApplicationEventMulticaster.invokeListener(SimpleApplicationEventMulticaster.java:173)
	at org.springframework.context.event.SimpleApplicationEventMulticaster.multicastEvent(SimpleApplicationEventMulticaster.java:151)
	at org.springframework.context.event.SimpleApplicationEventMulticaster.multicastEvent(SimpleApplicationEventMulticaster.java:133)
	at org.springframework.boot.context.event.EventPublishingRunListener.multicastInitialEvent(EventPublishingRunListener.java:137)
	at org.springframework.boot.context.event.EventPublishingRunListener.contextLoaded(EventPublishingRunListener.java:99)
	at org.springframework.boot.SpringApplicationRunListeners.lambda$contextLoaded$0(SpringApplicationRunListeners.java:74)
	at java.base/java.util.ImmutableCollections$List12.forEach(ImmutableCollections.java:680)
	at org.springframework.boot.SpringApplicationRunListeners.doWithListeners(SpringApplicationRunListeners.java:123)
	at org.springframework.boot.SpringApplicationRunListeners.doWithListeners(SpringApplicationRunListeners.java:117)
	at org.springframework.boot.SpringApplicationRunListeners.contextLoaded(SpringApplicationRunListeners.java:74)
	at org.springframework.boot.SpringApplication.prepareContext(SpringApplication.java:418)
	at org.springframework.boot.SpringApplication.run(SpringApplication.java:320)
	at org.springframework.boot.SpringApplication.run(SpringApplication.java:1365)
	at org.springframework.boot.SpringApplication.run(SpringApplication.java:1354)
	at com.jobportal.JobportalApplication.main(JobportalApplication.java:14)
	at java.base/jdk.internal.reflect.DirectMethodHandleAccessor.invoke(DirectMethodHandleAccessor.java:104)
	at java.base/java.lang.reflect.Method.invoke(Method.java:565)
	at org.springframework.boot.devtools.restart.RestartLauncher.run(RestartLauncher.java:52)
{"timestamp":"2026-09-28 16:36:02","level":"INFO","logger":"com.jobportal.JobportalApplication","message":"Starting JobportalApplication using Java 26.0.1 with PID 115942 (/home/samer/Desktop/java/projects/job-portal-spring/target/classes started by samer in /home/samer/Desktop/java/projects/job-portal-spring)"}{"timestamp":"2026-09-28 16:36:02","level":"INFO","logger":"com.jobportal.JobportalApplication","message":"No active profile set, falling back to 1 default profile: "default""}{"timestamp":"2026-09-28 16:36:02","level":"INFO","logger":"org.springframework.boot.devtools.env.DevToolsPropertyDefaultsPostProcessor","message":"Devtools property defaults active! Set 'spring.devtools.add-properties' to 'false' to disable"}{"timestamp":"2026-09-28 16:36:02","level":"INFO","logger":"org.springframework.boot.devtools.env.DevToolsPropertyDefaultsPostProcessor","message":"For additional web related logging consider setting the 'logging.level.web' property to 'DEBUG'"}{"timestamp":"2026-09-28 16:36:02","level":"INFO","logger":"org.springframework.boot.docker.compose.lifecycle.DockerComposeLifecycleManager","message":"Using Docker Compose file /home/samer/Desktop/java/projects/job-portal-spring/compose.yml"}{"timestamp":"2026-09-28 16:36:02","level":"INFO","logger":"org.hibernate.validator.internal.util.Version","message":"HV000001: Hibernate Validator 9.1.0.Final"}{"timestamp":"2026-09-28 16:36:08","level":"INFO","logger":"org.springframework.boot.docker.compose.lifecycle.DockerComposeLifecycleManager","message":"There are already Docker Compose services running, skipping startup"}{"timestamp":"2026-09-28 16:36:08","level":"ERROR","logger":"org.springframework.boot.SpringApplication","message":"Application run failed"}java.lang.IllegalStateException: No host port mapping found for container port 3306
	at org.springframework.util.Assert.state(Assert.java:102)
	at org.springframework.boot.docker.compose.core.DefaultConnectionPorts.get(DefaultConnectionPorts.java:102)
	at org.springframework.boot.jdbc.docker.compose.JdbcUrlBuilder.urlFor(JdbcUrlBuilder.java:73)
	at org.springframework.boot.jdbc.docker.compose.JdbcUrlBuilder.build(JdbcUrlBuilder.java:67)
	at org.springframework.boot.jdbc.docker.compose.MySqlJdbcDockerComposeConnectionDetailsFactory$MySqlJdbcDockerComposeConnectionDetails.<init>(MySqlJdbcDockerComposeConnectionDetailsFactory.java:60)
	at org.springframework.boot.jdbc.docker.compose.MySqlJdbcDockerComposeConnectionDetailsFactory.getDockerComposeConnectionDetails(MySqlJdbcDockerComposeConnectionDetailsFactory.java:42)
	at org.springframework.boot.jdbc.docker.compose.MySqlJdbcDockerComposeConnectionDetailsFactory.getDockerComposeConnectionDetails(MySqlJdbcDockerComposeConnectionDetailsFactory.java:33)
	at org.springframework.boot.docker.compose.service.connection.DockerComposeConnectionDetailsFactory.getConnectionDetails(DockerComposeConnectionDetailsFactory.java:98)
	at org.springframework.boot.docker.compose.service.connection.DockerComposeConnectionDetailsFactory.getConnectionDetails(DockerComposeConnectionDetailsFactory.java:59)
	at org.springframework.boot.autoconfigure.service.connection.ConnectionDetailsFactories.getConnectionDetails(ConnectionDetailsFactories.java:87)
	at org.springframework.boot.docker.compose.service.connection.DockerComposeServiceConnectionsApplicationListener.registerConnectionDetails(DockerComposeServiceConnectionsApplicationListener.java:72)
	at org.springframework.boot.docker.compose.service.connection.DockerComposeServiceConnectionsApplicationListener.onApplicationEvent(DockerComposeServiceConnectionsApplicationListener.java:64)
	at org.springframework.boot.docker.compose.service.connection.DockerComposeServiceConnectionsApplicationListener.onApplicationEvent(DockerComposeServiceConnectionsApplicationListener.java:46)
	at org.springframework.context.event.SimpleApplicationEventMulticaster.doInvokeListener(SimpleApplicationEventMulticaster.java:180)
	at org.springframework.context.event.SimpleApplicationEventMulticaster.invokeListener(SimpleApplicationEventMulticaster.java:173)
	at org.springframework.context.event.SimpleApplicationEventMulticaster.multicastEvent(SimpleApplicationEventMulticaster.java:151)
	at org.springframework.context.event.SimpleApplicationEventMulticaster.multicastEvent(SimpleApplicationEventMulticaster.java:133)
	at org.springframework.boot.docker.compose.lifecycle.DockerComposeLifecycleManager.publishEvent(DockerComposeLifecycleManager.java:210)
	at org.springframework.boot.docker.compose.lifecycle.DockerComposeLifecycleManager.start(DockerComposeLifecycleManager.java:154)
	at org.springframework.boot.docker.compose.lifecycle.DockerComposeListener.onApplicationEvent(DockerComposeListener.java:53)
	at org.springframework.boot.docker.compose.lifecycle.DockerComposeListener.onApplicationEvent(DockerComposeListener.java:35)
	at org.springframework.context.event.SimpleApplicationEventMulticaster.doInvokeListener(SimpleApplicationEventMulticaster.java:180)
	at org.springframework.context.event.SimpleApplicationEventMulticaster.invokeListener(SimpleApplicationEventMulticaster.java:173)
	at org.springframework.context.event.SimpleApplicationEventMulticaster.multicastEvent(SimpleApplicationEventMulticaster.java:151)
	at org.springframework.context.event.SimpleApplicationEventMulticaster.multicastEvent(SimpleApplicationEventMulticaster.java:133)
	at org.springframework.boot.context.event.EventPublishingRunListener.multicastInitialEvent(EventPublishingRunListener.java:137)
	at org.springframework.boot.context.event.EventPublishingRunListener.contextLoaded(EventPublishingRunListener.java:99)
	at org.springframework.boot.SpringApplicationRunListeners.lambda$contextLoaded$0(SpringApplicationRunListeners.java:74)
	at java.base/java.util.ImmutableCollections$List12.forEach(ImmutableCollections.java:680)
	at org.springframework.boot.SpringApplicationRunListeners.doWithListeners(SpringApplicationRunListeners.java:123)
	at org.springframework.boot.SpringApplicationRunListeners.doWithListeners(SpringApplicationRunListeners.java:117)
	at org.springframework.boot.SpringApplicationRunListeners.contextLoaded(SpringApplicationRunListeners.java:74)
	at org.springframework.boot.SpringApplication.prepareContext(SpringApplication.java:418)
	at org.springframework.boot.SpringApplication.run(SpringApplication.java:320)
	at org.springframework.boot.SpringApplication.run(SpringApplication.java:1365)
	at org.springframework.boot.SpringApplication.run(SpringApplication.java:1354)
	at com.jobportal.JobportalApplication.main(JobportalApplication.java:14)
	at java.base/jdk.internal.reflect.DirectMethodHandleAccessor.invoke(DirectMethodHandleAccessor.java:104)
	at java.base/java.lang.reflect.Method.invoke(Method.java:565)
	at org.springframework.boot.devtools.restart.RestartLauncher.run(RestartLauncher.java:52)
{"timestamp":"2026-09-28 16:45:49","level":"INFO","logger":"com.jobportal.JobportalApplication","message":"Starting JobportalApplication using Java 26.0.1 with PID 120245 (/home/samer/Desktop/java/projects/job-portal-spring/target/classes started by samer in /home/samer/Desktop/java/projects/job-portal-spring)"}{"timestamp":"2026-09-28 16:45:49","level":"INFO","logger":"com.jobportal.JobportalApplication","message":"No active profile set, falling back to 1 default profile: "default""}{"timestamp":"2026-09-28 16:45:50","level":"INFO","logger":"org.springframework.boot.devtools.env.DevToolsPropertyDefaultsPostProcessor","message":"Devtools property defaults active! Set 'spring.devtools.add-properties' to 'false' to disable"}{"timestamp":"2026-09-28 16:45:50","level":"INFO","logger":"org.springframework.boot.devtools.env.DevToolsPropertyDefaultsPostProcessor","message":"For additional web related logging consider setting the 'logging.level.web' property to 'DEBUG'"}{"timestamp":"2026-09-28 16:45:50","level":"INFO","logger":"org.springframework.boot.docker.compose.lifecycle.DockerComposeLifecycleManager","message":"Using Docker Compose file /home/samer/Desktop/java/projects/job-portal-spring/compose.yml"}{"timestamp":"2026-09-28 16:45:50","level":"INFO","logger":"org.hibernate.validator.internal.util.Version","message":"HV000001: Hibernate Validator 9.1.0.Final"}{"timestamp":"2026-09-28 16:45:50","level":"INFO","logger":"org.springframework.boot.docker.compose.core.DockerCli","message":" Container jobportaldb Recreate "}{"timestamp":"2026-09-28 16:45:50","level":"INFO","logger":"org.springframework.boot.docker.compose.core.DockerCli","message":" Container jobportaldb Recreated "}{"timestamp":"2026-09-28 16:45:50","level":"INFO","logger":"org.springframework.boot.docker.compose.core.DockerCli","message":" Container jobportaldb Starting "}{"timestamp":"2026-09-28 16:45:50","level":"INFO","logger":"org.springframework.boot.docker.compose.core.DockerCli","message":" Container jobportaldb Started "}{"timestamp":"2026-09-28 16:45:50","level":"INFO","logger":"org.springframework.boot.docker.compose.core.DockerCli","message":" Container jobportaldb Waiting "}{"timestamp":"2026-09-28 16:45:51","level":"INFO","logger":"org.springframework.boot.docker.compose.core.DockerCli","message":" Container jobportaldb Healthy "}{"timestamp":"2026-09-28 16:45:52","level":"INFO","logger":"org.springframework.data.repository.config.RepositoryConfigurationDelegate","message":"Bootstrapping Spring Data JPA repositories in DEFAULT mode."}{"timestamp":"2026-09-28 16:45:52","level":"INFO","logger":"org.springframework.data.repository.config.RepositoryConfigurationDelegate","message":"Finished Spring Data repository scanning in 31 ms. Found 7 JPA repository interfaces."}{"timestamp":"2026-09-28 16:45:53","level":"INFO","logger":"org.springframework.boot.tomcat.TomcatWebServer","message":"Tomcat initialized with port 8080 (http)"}{"timestamp":"2026-09-28 16:45:53","level":"INFO","logger":"org.apache.coyote.http11.Http11NioProtocol","message":"Initializing ProtocolHandler ["http-nio-8080"]"}{"timestamp":"2026-09-28 16:45:53","level":"INFO","logger":"org.apache.catalina.core.StandardService","message":"Starting service [Tomcat]"}{"timestamp":"2026-09-28 16:45:53","level":"INFO","logger":"org.apache.catalina.core.StandardEngine","message":"Starting Servlet engine: [Apache Tomcat/11.0.22]"}{"timestamp":"2026-09-28 16:45:53","level":"INFO","logger":"org.springframework.boot.web.context.servlet.WebApplicationContextInitializer","message":"Root WebApplicationContext: initialization completed in 1376 ms"}{"timestamp":"2026-09-28 16:45:53","level":"INFO","logger":"com.zaxxer.hikari.HikariDataSource","message":"HikariPool-1 - Starting..."}{"timestamp":"2026-09-28 16:45:54","level":"INFO","logger":"com.zaxxer.hikari.pool.HikariPool","message":"HikariPool-1 - Added connection com.mysql.cj.jdbc.ConnectionImpl@25d6d7e6"}{"timestamp":"2026-09-28 16:45:54","level":"INFO","logger":"com.zaxxer.hikari.HikariDataSource","message":"HikariPool-1 - Start completed."}{"timestamp":"2026-09-28 16:45:54","level":"INFO","logger":"org.hibernate.orm.jpa","message":"HHH008540: Processing PersistenceUnitInfo [name: default]"}{"timestamp":"2026-09-28 16:45:54","level":"INFO","logger":"org.hibernate.orm.core","message":"HHH000001: Hibernate ORM core version 7.4.1.Final"}{"timestamp":"2026-09-28 16:45:54","level":"INFO","logger":"org.springframework.orm.jpa.persistenceunit.SpringPersistenceUnitInfo","message":"No LoadTimeWeaver setup: ignoring JPA class transformer"}{"timestamp":"2026-09-28 16:45:54","level":"INFO","logger":"org.hibernate.orm.connections.pooling","message":"HHH10001005: Database info:
	Database JDBC URL [jdbc:mysql://127.0.0.1:3307/jobportal]
	Database driver: MySQL Connector/J
	Database dialect: MySQLDialect
	Database version: 26.7
	Default catalog/schema: jobportal/undefined
	Autocommit mode: undefined/unknown
	Isolation level: REPEATABLE_READ [default REPEATABLE_READ]
	JDBC fetch size: none
	Pool: DataSourceConnectionProvider
	Minimum pool size: undefined/unknown
	Maximum pool size: undefined/unknown"}{"timestamp":"2026-09-28 16:45:55","level":"INFO","logger":"org.hibernate.orm.core","message":"HHH000489: No JTA platform available (set 'hibernate.transaction.jta.platform' to enable JTA platform integration)"}{"timestamp":"2026-09-28 16:45:55","level":"INFO","logger":"org.springframework.orm.jpa.LocalContainerEntityManagerFactoryBean","message":"Initialized JPA EntityManagerFactory for persistence unit 'default'"}{"timestamp":"2026-09-28 16:45:55","level":"INFO","logger":"org.springframework.data.jpa.repository.query.QueryEnhancerFactories","message":"Hibernate is in classpath; If applicable, HQL parser will be used."}{"timestamp":"2026-09-28 16:45:56","level":"WARN","logger":"org.springframework.boot.jpa.autoconfigure.JpaBaseConfiguration$JpaWebConfiguration","message":"spring.jpa.open-in-view is enabled by default. Therefore, database queries may be performed during view rendering. Explicitly configure spring.jpa.open-in-view to disable this warning"}{"timestamp":"2026-09-28 16:45:56","level":"INFO","logger":"org.springframework.security.config.annotation.authentication.configuration.InitializeAuthenticationProviderBeanManagerConfigurer$InitializeAuthenticationProviderManagerConfigurer","message":"Global AuthenticationManager configured with AuthenticationProvider bean with name jobPortalUsernamePwdAuthenticationProvider"}{"timestamp":"2026-09-28 16:45:57","level":"INFO","logger":"org.apache.coyote.http11.Http11NioProtocol","message":"Starting ProtocolHandler ["http-nio-8080"]"}{"timestamp":"2026-09-28 16:45:57","level":"INFO","logger":"org.springframework.boot.tomcat.TomcatWebServer","message":"Tomcat started on port 8080 (http) with context path '/'"}{"timestamp":"2026-09-28 16:45:57","level":"INFO","logger":"com.jobportal.JobportalApplication","message":"Started JobportalApplication in 7.894 seconds (process running for 8.356)"}{"timestamp":"2026-09-28 16:45:57","level":"WARN","logger":"org.springdoc.core.events.SpringDocAppInitializer","message":"SpringDoc /v3/api-docs endpoint is enabled by default. To disable it in production, set the property 'springdoc.api-docs.enabled=false'"}{"timestamp":"2026-09-28 16:45:57","level":"WARN","logger":"org.springdoc.core.events.SpringDocAppInitializer","message":"SpringDoc /swagger-ui.html endpoint is enabled by default. To disable it in production, set the property 'springdoc.swagger-ui.enabled=false'"}{"timestamp":"2026-09-28 16:46:00","level":"INFO","logger":"org.springframework.boot.tomcat.GracefulShutdown","message":"Commencing graceful shutdown. Waiting for active requests to complete"}{"timestamp":"2026-09-28 16:46:00","level":"INFO","logger":"org.springframework.boot.tomcat.GracefulShutdown","message":"Graceful shutdown complete"}{"timestamp":"2026-09-28 16:46:00","level":"INFO","logger":"org.springframework.orm.jpa.LocalContainerEntityManagerFactoryBean","message":"Closing JPA EntityManagerFactory for persistence unit 'default'"}{"timestamp":"2026-09-28 16:46:00","level":"INFO","logger":"com.zaxxer.hikari.HikariDataSource","message":"HikariPool-1 - Shutdown initiated..."}{"timestamp":"2026-09-28 16:46:00","level":"INFO","logger":"com.zaxxer.hikari.HikariDataSource","message":"HikariPool-1 - Shutdown completed."}