{"timestamp":"2026-09-01 10:31:31","level":"INFO","logger":"com.jobportal.JobportalApplication","message":"Starting JobportalApplication using Java 26.0.1 with PID 27406 (/home/samer/Desktop/java/projects/job-portal-spring/target/classes started by samer in /home/samer/Desktop/java/projects/job-portal-spring)"}{"timestamp":"2026-09-01 10:31:31","level":"INFO","logger":"com.jobportal.JobportalApplication","message":"No active profile set, falling back to 1 default profile: "default""}{"timestamp":"2026-09-01 10:31:31","level":"INFO","logger":"org.springframework.boot.devtools.env.DevToolsPropertyDefaultsPostProcessor","message":"Devtools property defaults active! Set 'spring.devtools.add-properties' to 'false' to disable"}{"timestamp":"2026-09-01 10:31:31","level":"INFO","logger":"org.springframework.boot.devtools.env.DevToolsPropertyDefaultsPostProcessor","message":"For additional web related logging consider setting the 'logging.level.web' property to 'DEBUG'"}{"timestamp":"2026-09-01 10:31:31","level":"INFO","logger":"org.springframework.boot.docker.compose.lifecycle.DockerComposeLifecycleManager","message":"Using Docker Compose file /home/samer/Desktop/java/projects/job-portal-spring/compose.yml"}{"timestamp":"2026-09-01 10:31:31","level":"INFO","logger":"org.hibernate.validator.internal.util.Version","message":"HV000001: Hibernate Validator 9.1.0.Final"}{"timestamp":"2026-09-01 10:31:36","level":"INFO","logger":"org.springframework.boot.docker.compose.core.DockerCli","message":" Container jobportaldb Starting "}{"timestamp":"2026-09-01 10:31:37","level":"INFO","logger":"org.springframework.boot.docker.compose.core.DockerCli","message":" Container jobportaldb Started "}{"timestamp":"2026-09-01 10:31:37","level":"INFO","logger":"org.springframework.boot.docker.compose.core.DockerCli","message":" Container jobportaldb Waiting "}{"timestamp":"2026-09-01 10:31:37","level":"INFO","logger":"org.springframework.boot.docker.compose.core.DockerCli","message":" Container jobportaldb Healthy "}{"timestamp":"2026-09-01 10:31:40","level":"INFO","logger":"org.springframework.data.repository.config.RepositoryConfigurationDelegate","message":"Bootstrapping Spring Data JPA repositories in DEFAULT mode."}{"timestamp":"2026-09-01 10:31:40","level":"INFO","logger":"org.springframework.data.repository.config.RepositoryConfigurationDelegate","message":"Finished Spring Data repository scanning in 42 ms. Found 4 JPA repository interfaces."}{"timestamp":"2026-09-01 10:31:41","level":"INFO","logger":"org.springframework.boot.tomcat.TomcatWebServer","message":"Tomcat initialized with port 8080 (http)"}{"timestamp":"2026-09-01 10:31:41","level":"INFO","logger":"org.apache.coyote.http11.Http11NioProtocol","message":"Initializing ProtocolHandler ["http-nio-8080"]"}{"timestamp":"2026-09-01 10:31:41","level":"INFO","logger":"org.apache.catalina.core.StandardService","message":"Starting service [Tomcat]"}{"timestamp":"2026-09-01 10:31:41","level":"INFO","logger":"org.apache.catalina.core.StandardEngine","message":"Starting Servlet engine: [Apache Tomcat/11.0.22]"}{"timestamp":"2026-09-01 10:31:41","level":"INFO","logger":"org.springframework.boot.web.context.servlet.WebApplicationContextInitializer","message":"Root WebApplicationContext: initialization completed in 1368 ms"}{"timestamp":"2026-09-01 10:31:41","level":"INFO","logger":"com.zaxxer.hikari.HikariDataSource","message":"HikariPool-1 - Starting..."}{"timestamp":"2026-09-01 10:31:41","level":"INFO","logger":"com.zaxxer.hikari.pool.HikariPool","message":"HikariPool-1 - Added connection com.mysql.cj.jdbc.ConnectionImpl@2e92deaf"}{"timestamp":"2026-09-01 10:31:41","level":"INFO","logger":"com.zaxxer.hikari.HikariDataSource","message":"HikariPool-1 - Start completed."}{"timestamp":"2026-09-01 10:31:41","level":"INFO","logger":"org.hibernate.orm.jpa","message":"HHH008540: Processing PersistenceUnitInfo [name: default]"}{"timestamp":"2026-09-01 10:31:41","level":"INFO","logger":"org.hibernate.orm.core","message":"HHH000001: Hibernate ORM core version 7.4.1.Final"}{"timestamp":"2026-09-01 10:31:42","level":"INFO","logger":"org.springframework.orm.jpa.persistenceunit.SpringPersistenceUnitInfo","message":"No LoadTimeWeaver setup: ignoring JPA class transformer"}{"timestamp":"2026-09-01 10:31:42","level":"INFO","logger":"org.hibernate.orm.connections.pooling","message":"HHH10001005: Database info:
	Database JDBC URL [jdbc:mysql://127.0.0.1:3307/jobportal]
	Database driver: MySQL Connector/J
	Database dialect: MySQLDialect
	Database version: 26.7
	Default catalog/schema: jobportal/undefined
	Autocommit mode: undefined/unknown
	Isolation level: REPEATABLE_READ [default REPEATABLE_READ]
	JDBC fetch size: none
	Pool: DataSourceConnectionProvider
	Minimum pool size: undefined/unknown
	Maximum pool size: undefined/unknown"}{"timestamp":"2026-09-01 10:31:43","level":"INFO","logger":"org.hibernate.orm.core","message":"HHH000489: No JTA platform available (set 'hibernate.transaction.jta.platform' to enable JTA platform integration)"}{"timestamp":"2026-09-01 10:31:43","level":"INFO","logger":"org.springframework.orm.jpa.LocalContainerEntityManagerFactoryBean","message":"Initialized JPA EntityManagerFactory for persistence unit 'default'"}{"timestamp":"2026-09-01 10:31:43","level":"INFO","logger":"org.springframework.data.jpa.repository.query.QueryEnhancerFactories","message":"Hibernate is in classpath; If applicable, HQL parser will be used."}{"timestamp":"2026-09-01 10:31:43","level":"WARN","logger":"org.springframework.boot.web.server.servlet.context.AnnotationConfigServletWebServerApplicationContext","message":"Exception encountered during context initialization - cancelling refresh attempt: org.springframework.beans.factory.UnsatisfiedDependencyException: Error creating bean with name 'companyController' defined in file [/home/samer/Desktop/java/projects/job-portal-spring/target/classes/com/jobportal/company/controller/CompanyController.class]: Unsatisfied dependency expressed through constructor parameter 0: Error creating bean with name 'companyServiceImpl' defined in file [/home/samer/Desktop/java/projects/job-portal-spring/target/classes/com/jobportal/company/service/impl/CompanyServiceImpl.class]: Unsatisfied dependency expressed through constructor parameter 0: Error creating bean with name 'companyRepository' defined in com.jobportal.company.repository.CompanyRepository defined in @EnableJpaRepositories declared on DataJpaRepositoriesRegistrar.EnableJpaRepositoriesConfiguration: Query validation failed for 'SELECT DISTINCT c FROM company c JOIN FETCH c.jobs j WHERE j.status = :status'"}{"timestamp":"2026-09-01 10:31:43","level":"INFO","logger":"org.springframework.orm.jpa.LocalContainerEntityManagerFactoryBean","message":"Closing JPA EntityManagerFactory for persistence unit 'default'"}{"timestamp":"2026-09-01 10:31:43","level":"INFO","logger":"com.zaxxer.hikari.HikariDataSource","message":"HikariPool-1 - Shutdown initiated..."}{"timestamp":"2026-09-01 10:31:43","level":"INFO","logger":"com.zaxxer.hikari.HikariDataSource","message":"HikariPool-1 - Shutdown completed."}{"timestamp":"2026-09-01 10:31:43","level":"INFO","logger":"org.apache.catalina.core.StandardService","message":"Stopping service [Tomcat]"}{"timestamp":"2026-09-01 10:31:43","level":"INFO","logger":"org.springframework.boot.autoconfigure.logging.ConditionEvaluationReportLogger","message":"

Error starting ApplicationContext. To display the condition evaluation report re-run your application with 'debug' enabled."}{"timestamp":"2026-09-01 10:31:43","level":"ERROR","logger":"org.springframework.boot.SpringApplication","message":"Application run failed"}org.springframework.beans.factory.UnsatisfiedDependencyException: Error creating bean with name 'companyController' defined in file [/home/samer/Desktop/java/projects/job-portal-spring/target/classes/com/jobportal/company/controller/CompanyController.class]: Unsatisfied dependency expressed through constructor parameter 0: Error creating bean with name 'companyServiceImpl' defined in file [/home/samer/Desktop/java/projects/job-portal-spring/target/classes/com/jobportal/company/service/impl/CompanyServiceImpl.class]: Unsatisfied dependency expressed through constructor parameter 0: Error creating bean with name 'companyRepository' defined in com.jobportal.company.repository.CompanyRepository defined in @EnableJpaRepositories declared on DataJpaRepositoriesRegistrar.EnableJpaRepositoriesConfiguration: Query validation failed for 'SELECT DISTINCT c FROM company c JOIN FETCH c.jobs j WHERE j.status = :status'
	at org.springframework.beans.factory.support.ConstructorResolver.createArgumentArray(ConstructorResolver.java:804)
	at org.springframework.beans.factory.support.ConstructorResolver.autowireConstructor(ConstructorResolver.java:240)
	at org.springframework.beans.factory.support.AbstractAutowireCapableBeanFactory.autowireConstructor(AbstractAutowireCapableBeanFactory.java:1380)
	at org.springframework.beans.factory.support.AbstractAutowireCapableBeanFactory.createBeanInstance(AbstractAutowireCapableBeanFactory.java:1219)
	at org.springframework.beans.factory.support.AbstractAutowireCapableBeanFactory.doCreateBean(AbstractAutowireCapableBeanFactory.java:565)
	at org.springframework.beans.factory.support.AbstractAutowireCapableBeanFactory.createBean(AbstractAutowireCapableBeanFactory.java:525)
	at org.springframework.beans.factory.support.AbstractBeanFactory.lambda$doGetBean$0(AbstractBeanFactory.java:333)
	at org.springframework.beans.factory.support.DefaultSingletonBeanRegistry.getSingleton(DefaultSingletonBeanRegistry.java:371)
	at org.springframework.beans.factory.support.AbstractBeanFactory.doGetBean(AbstractBeanFactory.java:331)
	at org.springframework.beans.factory.support.AbstractBeanFactory.getBean(AbstractBeanFactory.java:196)
	at org.springframework.beans.factory.support.DefaultListableBeanFactory.instantiateSingleton(DefaultListableBeanFactory.java:1225)
	at org.springframework.beans.factory.support.DefaultListableBeanFactory.preInstantiateSingleton(DefaultListableBeanFactory.java:1191)
	at org.springframework.beans.factory.support.DefaultListableBeanFactory.preInstantiateSingletons(DefaultListableBeanFactory.java:1121)
	at org.springframework.context.support.AbstractApplicationContext.finishBeanFactoryInitialization(AbstractApplicationContext.java:994)
	at org.springframework.context.support.AbstractApplicationContext.refresh(AbstractApplicationContext.java:621)
	at org.springframework.boot.web.server.servlet.context.ServletWebServerApplicationContext.refresh(ServletWebServerApplicationContext.java:143)
	at org.springframework.boot.SpringApplication.refresh(SpringApplication.java:756)
	at org.springframework.boot.SpringApplication.refreshContext(SpringApplication.java:445)
	at org.springframework.boot.SpringApplication.run(SpringApplication.java:321)
	at org.springframework.boot.SpringApplication.run(SpringApplication.java:1365)
	at org.springframework.boot.SpringApplication.run(SpringApplication.java:1354)
	at com.jobportal.JobportalApplication.main(JobportalApplication.java:12)
	at java.base/jdk.internal.reflect.DirectMethodHandleAccessor.invoke(DirectMethodHandleAccessor.java:104)
	at java.base/java.lang.reflect.Method.invoke(Method.java:565)
	at org.springframework.boot.devtools.restart.RestartLauncher.run(RestartLauncher.java:52)
Caused by: org.springframework.beans.factory.UnsatisfiedDependencyException: Error creating bean with name 'companyServiceImpl' defined in file [/home/samer/Desktop/java/projects/job-portal-spring/target/classes/com/jobportal/company/service/impl/CompanyServiceImpl.class]: Unsatisfied dependency expressed through constructor parameter 0: Error creating bean with name 'companyRepository' defined in com.jobportal.company.repository.CompanyRepository defined in @EnableJpaRepositories declared on DataJpaRepositoriesRegistrar.EnableJpaRepositoriesConfiguration: Query validation failed for 'SELECT DISTINCT c FROM company c JOIN FETCH c.jobs j WHERE j.status = :status'
	at org.springframework.beans.factory.support.ConstructorResolver.createArgumentArray(ConstructorResolver.java:804)
	at org.springframework.beans.factory.support.ConstructorResolver.autowireConstructor(ConstructorResolver.java:240)
	at org.springframework.beans.factory.support.AbstractAutowireCapableBeanFactory.autowireConstructor(AbstractAutowireCapableBeanFactory.java:1380)
	at org.springframework.beans.factory.support.AbstractAutowireCapableBeanFactory.createBeanInstance(AbstractAutowireCapableBeanFactory.java:1219)
	at org.springframework.beans.factory.support.AbstractAutowireCapableBeanFactory.doCreateBean(AbstractAutowireCapableBeanFactory.java:565)
	at org.springframework.beans.factory.support.AbstractAutowireCapableBeanFactory.createBean(AbstractAutowireCapableBeanFactory.java:525)
	at org.springframework.beans.factory.support.AbstractBeanFactory.lambda$doGetBean$0(AbstractBeanFactory.java:333)
	at org.springframework.beans.factory.support.DefaultSingletonBeanRegistry.getSingleton(DefaultSingletonBeanRegistry.java:371)
	at org.springframework.beans.factory.support.AbstractBeanFactory.doGetBean(AbstractBeanFactory.java:331)
	at org.springframework.beans.factory.support.AbstractBeanFactory.getBean(AbstractBeanFactory.java:201)
	at org.springframework.beans.factory.config.DependencyDescriptor.resolveCandidate(DependencyDescriptor.java:229)
	at org.springframework.beans.factory.support.DefaultListableBeanFactory.doResolveDependency(DefaultListableBeanFactory.java:1769)
	at org.springframework.beans.factory.support.DefaultListableBeanFactory.resolveDependency(DefaultListableBeanFactory.java:1658)
	at org.springframework.beans.factory.support.ConstructorResolver.resolveAutowiredArgument(ConstructorResolver.java:912)
	at org.springframework.beans.factory.support.ConstructorResolver.createArgumentArray(ConstructorResolver.java:791)
	... 24 common frames omitted
Caused by: org.springframework.beans.factory.BeanCreationException: Error creating bean with name 'companyRepository' defined in com.jobportal.company.repository.CompanyRepository defined in @EnableJpaRepositories declared on DataJpaRepositoriesRegistrar.EnableJpaRepositoriesConfiguration: Query validation failed for 'SELECT DISTINCT c FROM company c JOIN FETCH c.jobs j WHERE j.status = :status'
	at org.springframework.beans.factory.support.AbstractAutowireCapableBeanFactory.initializeBean(AbstractAutowireCapableBeanFactory.java:1815)
	at org.springframework.beans.factory.support.AbstractAutowireCapableBeanFactory.doCreateBean(AbstractAutowireCapableBeanFactory.java:603)
	at org.springframework.beans.factory.support.AbstractAutowireCapableBeanFactory.createBean(AbstractAutowireCapableBeanFactory.java:525)
	at org.springframework.beans.factory.support.AbstractBeanFactory.lambda$doGetBean$0(AbstractBeanFactory.java:333)
	at org.springframework.beans.factory.support.DefaultSingletonBeanRegistry.getSingleton(DefaultSingletonBeanRegistry.java:371)
	at org.springframework.beans.factory.support.AbstractBeanFactory.doGetBean(AbstractBeanFactory.java:331)
	at org.springframework.beans.factory.support.AbstractBeanFactory.getBean(AbstractBeanFactory.java:201)
	at org.springframework.beans.factory.support.DefaultListableBeanFactory.resolveBean(DefaultListableBeanFactory.java:1232)
	at org.springframework.beans.factory.support.DefaultListableBeanFactory.doResolveDependency(DefaultListableBeanFactory.java:1711)
	at org.springframework.beans.factory.support.DefaultListableBeanFactory.resolveDependency(DefaultListableBeanFactory.java:1658)
	at org.springframework.beans.factory.support.ConstructorResolver.resolveAutowiredArgument(ConstructorResolver.java:912)
	at org.springframework.beans.factory.support.ConstructorResolver.createArgumentArray(ConstructorResolver.java:791)
	... 38 common frames omitted
Caused by: org.springframework.data.repository.query.QueryCreationException: Cannot create query for method [CompanyRepository.findAllWithJobsByStatus(java.lang.String)]; Query validation failed for 'SELECT DISTINCT c FROM company c JOIN FETCH c.jobs j WHERE j.status = :status'
	at org.springframework.data.repository.query.QueryCreationException.create(QueryCreationException.java:139)
	at org.springframework.data.repository.query.QueryCreationException.create(QueryCreationException.java:124)
	at org.springframework.data.jpa.repository.query.SimpleJpaQuery.validateQuery(SimpleJpaQuery.java:78)
	at org.springframework.data.jpa.repository.query.SimpleJpaQuery.<init>(SimpleJpaQuery.java:52)
	at org.springframework.data.jpa.repository.query.JpaQueryLookupStrategy$DeclaredQueryLookupStrategy.createStringQuery(JpaQueryLookupStrategy.java:228)
	at org.springframework.data.jpa.repository.query.JpaQueryLookupStrategy$DeclaredQueryLookupStrategy.resolveQuery(JpaQueryLookupStrategy.java:160)
	at org.springframework.data.jpa.repository.query.JpaQueryLookupStrategy$CreateIfNotFoundQueryLookupStrategy.resolveQuery(JpaQueryLookupStrategy.java:285)
	at org.springframework.data.jpa.repository.query.JpaQueryLookupStrategy$AbstractQueryLookupStrategy.resolveQuery(JpaQueryLookupStrategy.java:93)
	at org.springframework.data.repository.core.support.QueryExecutorMethodInterceptor.lookupQuery(QueryExecutorMethodInterceptor.java:114)
	at org.springframework.data.repository.core.support.QueryExecutorMethodInterceptor.mapMethodsToQuery(QueryExecutorMethodInterceptor.java:102)
	at org.springframework.data.repository.core.support.QueryExecutorMethodInterceptor.<init>(QueryExecutorMethodInterceptor.java:90)
	at org.springframework.data.repository.core.support.RepositoryFactorySupport.getRepository(RepositoryFactorySupport.java:413)
	at org.springframework.data.repository.core.support.RepositoryFactoryBeanSupport.lambda$afterPropertiesSet$1(RepositoryFactoryBeanSupport.java:361)
	at org.springframework.data.util.Lazy.getNullable(Lazy.java:136)
	at org.springframework.data.util.Lazy.get(Lazy.java:114)
	at org.springframework.data.repository.core.support.RepositoryFactoryBeanSupport.afterPropertiesSet(RepositoryFactoryBeanSupport.java:370)
	at org.springframework.data.jpa.repository.support.JpaRepositoryFactoryBean.afterPropertiesSet(JpaRepositoryFactoryBean.java:212)
	at org.springframework.beans.factory.support.AbstractAutowireCapableBeanFactory.invokeInitMethods(AbstractAutowireCapableBeanFactory.java:1862)
	at org.springframework.beans.factory.support.AbstractAutowireCapableBeanFactory.initializeBean(AbstractAutowireCapableBeanFactory.java:1811)
	... 49 common frames omitted
Caused by: java.lang.IllegalArgumentException: org.hibernate.query.sqm.UnknownEntityException: Could not resolve root entity 'company'
	at org.hibernate.internal.ExceptionConverterImpl.convert(ExceptionConverterImpl.java:134)
	at org.hibernate.internal.ExceptionConverterImpl.convert(ExceptionConverterImpl.java:173)
	at org.hibernate.internal.ExceptionConverterImpl.convert(ExceptionConverterImpl.java:179)
	at org.hibernate.internal.AbstractSharedSessionContract.createQuery(AbstractSharedSessionContract.java:1102)
	at org.hibernate.internal.SessionImpl.createQuery(SessionImpl.java:158)
	at org.hibernate.internal.AbstractSharedSessionContract.createQuery(AbstractSharedSessionContract.java:1011)
	at org.hibernate.internal.SessionImpl.createQuery(SessionImpl.java:158)
	at org.hibernate.internal.AbstractSharedSessionContract.createQuery(AbstractSharedSessionContract.java:154)
	at java.base/jdk.internal.reflect.DirectMethodHandleAccessor.invoke(DirectMethodHandleAccessor.java:104)
	at java.base/java.lang.reflect.Method.invoke(Method.java:565)
	at org.springframework.orm.jpa.ExtendedEntityManagerCreator$ExtendedEntityManagerInvocationHandler.invoke(ExtendedEntityManagerCreator.java:360)
	at jdk.proxy4/jdk.proxy4.$Proxy161.createQuery(Unknown Source)
	at org.springframework.data.jpa.repository.query.SimpleJpaQuery.validateQuery(SimpleJpaQuery.java:73)
	... 65 common frames omitted
Caused by: org.hibernate.query.sqm.UnknownEntityException: Could not resolve root entity 'company'
	at org.hibernate.query.hql.internal.SemanticQueryBuilder.resolveRootEntity(SemanticQueryBuilder.java:2066)
	at org.hibernate.query.hql.internal.SemanticQueryBuilder.visitRootEntity(SemanticQueryBuilder.java:1996)
	at org.hibernate.query.hql.internal.SemanticQueryBuilder.visitRootEntity(SemanticQueryBuilder.java:247)
	at org.hibernate.grammars.hql.HqlParser$RootEntityContext.accept(HqlParser.java:2820)
	at org.hibernate.query.hql.internal.SemanticQueryBuilder.visitEntityWithJoins(SemanticQueryBuilder.java:1966)
	at org.hibernate.query.hql.internal.SemanticQueryBuilder.visitFromClause(SemanticQueryBuilder.java:1953)
	at org.hibernate.query.hql.internal.SemanticQueryBuilder.visitQuery(SemanticQueryBuilder.java:1152)
	at org.hibernate.query.hql.internal.SemanticQueryBuilder.visitQuerySpecExpression(SemanticQueryBuilder.java:956)
	at org.hibernate.query.hql.internal.SemanticQueryBuilder.visitQuerySpecExpression(SemanticQueryBuilder.java:247)
	at org.hibernate.grammars.hql.HqlParser$QuerySpecExpressionContext.accept(HqlParser.java:2113)
	at org.hibernate.query.hql.internal.SemanticQueryBuilder.visitQueryExpression(SemanticQueryBuilder.java:985)
	at org.hibernate.query.hql.internal.SemanticQueryBuilder.visitQueryExpression(SemanticQueryBuilder.java:247)
	at org.hibernate.grammars.hql.HqlParser$QueryExpressionContext.accept(HqlParser.java:2003)
	at org.hibernate.query.hql.internal.SemanticQueryBuilder.visitSelectStatement(SemanticQueryBuilder.java:472)
	at org.hibernate.query.hql.internal.SemanticQueryBuilder.visitStatement(SemanticQueryBuilder.java:431)
	at org.hibernate.query.hql.internal.SemanticQueryBuilder.buildSemanticModel(SemanticQueryBuilder.java:292)
	at org.hibernate.query.hql.internal.StandardHqlTranslator.translate(StandardHqlTranslator.java:61)
	at org.hibernate.query.internal.QueryInterpretationCacheStandardImpl.createHqlInterpretation(QueryInterpretationCacheStandardImpl.java:165)
	at org.hibernate.query.internal.QueryInterpretationCacheStandardImpl.resolveHqlInterpretation(QueryInterpretationCacheStandardImpl.java:147)
	at org.hibernate.query.spi.QueryEngine.interpretHql(QueryEngine.java:61)
	at org.hibernate.internal.AbstractSharedSessionContract.interpretHql(AbstractSharedSessionContract.java:1043)
	at org.hibernate.internal.AbstractSharedSessionContract.createQuery(AbstractSharedSessionContract.java:1094)
	... 74 common frames omitted
{"timestamp":"2026-09-01 10:32:12","level":"INFO","logger":"com.jobportal.JobportalApplication","message":"Starting JobportalApplication using Java 26.0.1 with PID 28128 (/home/samer/Desktop/java/projects/job-portal-spring/target/classes started by samer in /home/samer/Desktop/java/projects/job-portal-spring)"}{"timestamp":"2026-09-01 10:32:12","level":"INFO","logger":"com.jobportal.JobportalApplication","message":"No active profile set, falling back to 1 default profile: "default""}{"timestamp":"2026-09-01 10:32:12","level":"INFO","logger":"org.springframework.boot.devtools.env.DevToolsPropertyDefaultsPostProcessor","message":"Devtools property defaults active! Set 'spring.devtools.add-properties' to 'false' to disable"}{"timestamp":"2026-09-01 10:32:12","level":"INFO","logger":"org.springframework.boot.devtools.env.DevToolsPropertyDefaultsPostProcessor","message":"For additional web related logging consider setting the 'logging.level.web' property to 'DEBUG'"}{"timestamp":"2026-09-01 10:32:12","level":"INFO","logger":"org.springframework.boot.docker.compose.lifecycle.DockerComposeLifecycleManager","message":"Using Docker Compose file /home/samer/Desktop/java/projects/job-portal-spring/compose.yml"}{"timestamp":"2026-09-01 10:32:13","level":"INFO","logger":"org.hibernate.validator.internal.util.Version","message":"HV000001: Hibernate Validator 9.1.0.Final"}{"timestamp":"2026-09-01 10:32:13","level":"INFO","logger":"org.springframework.boot.docker.compose.core.DockerCli","message":" Container jobportaldb Starting "}{"timestamp":"2026-09-01 10:32:13","level":"INFO","logger":"org.springframework.boot.docker.compose.core.DockerCli","message":" Container jobportaldb Started "}{"timestamp":"2026-09-01 10:32:13","level":"INFO","logger":"org.springframework.boot.docker.compose.core.DockerCli","message":" Container jobportaldb Waiting "}{"timestamp":"2026-09-01 10:32:13","level":"INFO","logger":"org.springframework.boot.docker.compose.core.DockerCli","message":" Container jobportaldb Healthy "}{"timestamp":"2026-09-01 10:32:15","level":"INFO","logger":"org.springframework.data.repository.config.RepositoryConfigurationDelegate","message":"Bootstrapping Spring Data JPA repositories in DEFAULT mode."}{"timestamp":"2026-09-01 10:32:15","level":"INFO","logger":"org.springframework.data.repository.config.RepositoryConfigurationDelegate","message":"Finished Spring Data repository scanning in 42 ms. Found 4 JPA repository interfaces."}{"timestamp":"2026-09-01 10:32:16","level":"INFO","logger":"org.springframework.boot.tomcat.TomcatWebServer","message":"Tomcat initialized with port 8080 (http)"}{"timestamp":"2026-09-01 10:32:16","level":"INFO","logger":"org.apache.coyote.http11.Http11NioProtocol","message":"Initializing ProtocolHandler ["http-nio-8080"]"}{"timestamp":"2026-09-01 10:32:16","level":"INFO","logger":"org.apache.catalina.core.StandardService","message":"Starting service [Tomcat]"}{"timestamp":"2026-09-01 10:32:16","level":"INFO","logger":"org.apache.catalina.core.StandardEngine","message":"Starting Servlet engine: [Apache Tomcat/11.0.22]"}{"timestamp":"2026-09-01 10:32:16","level":"INFO","logger":"org.springframework.boot.web.context.servlet.WebApplicationContextInitializer","message":"Root WebApplicationContext: initialization completed in 1133 ms"}{"timestamp":"2026-09-01 10:32:16","level":"INFO","logger":"com.zaxxer.hikari.HikariDataSource","message":"HikariPool-1 - Starting..."}{"timestamp":"2026-09-01 10:32:16","level":"INFO","logger":"com.zaxxer.hikari.pool.HikariPool","message":"HikariPool-1 - Added connection com.mysql.cj.jdbc.ConnectionImpl@602d8d63"}{"timestamp":"2026-09-01 10:32:16","level":"INFO","logger":"com.zaxxer.hikari.HikariDataSource","message":"HikariPool-1 - Start completed."}{"timestamp":"2026-09-01 10:32:16","level":"INFO","logger":"org.hibernate.orm.jpa","message":"HHH008540: Processing PersistenceUnitInfo [name: default]"}{"timestamp":"2026-09-01 10:32:16","level":"INFO","logger":"org.hibernate.orm.core","message":"HHH000001: Hibernate ORM core version 7.4.1.Final"}{"timestamp":"2026-09-01 10:32:16","level":"INFO","logger":"org.springframework.orm.jpa.persistenceunit.SpringPersistenceUnitInfo","message":"No LoadTimeWeaver setup: ignoring JPA class transformer"}{"timestamp":"2026-09-01 10:32:17","level":"INFO","logger":"org.hibernate.orm.connections.pooling","message":"HHH10001005: Database info:
	Database JDBC URL [jdbc:mysql://127.0.0.1:3307/jobportal]
	Database driver: MySQL Connector/J
	Database dialect: MySQLDialect
	Database version: 26.7
	Default catalog/schema: jobportal/undefined
	Autocommit mode: undefined/unknown
	Isolation level: REPEATABLE_READ [default REPEATABLE_READ]
	JDBC fetch size: none
	Pool: DataSourceConnectionProvider
	Minimum pool size: undefined/unknown
	Maximum pool size: undefined/unknown"}{"timestamp":"2026-09-01 10:32:17","level":"INFO","logger":"org.hibernate.orm.core","message":"HHH000489: No JTA platform available (set 'hibernate.transaction.jta.platform' to enable JTA platform integration)"}{"timestamp":"2026-09-01 10:32:17","level":"INFO","logger":"org.springframework.orm.jpa.LocalContainerEntityManagerFactoryBean","message":"Initialized JPA EntityManagerFactory for persistence unit 'default'"}{"timestamp":"2026-09-01 10:32:18","level":"INFO","logger":"org.springframework.data.jpa.repository.query.QueryEnhancerFactories","message":"Hibernate is in classpath; If applicable, HQL parser will be used."}{"timestamp":"2026-09-01 10:32:18","level":"WARN","logger":"org.springframework.boot.web.server.servlet.context.AnnotationConfigServletWebServerApplicationContext","message":"Exception encountered during context initialization - cancelling refresh attempt: org.springframework.beans.factory.UnsatisfiedDependencyException: Error creating bean with name 'companyController' defined in file [/home/samer/Desktop/java/projects/job-portal-spring/target/classes/com/jobportal/company/controller/CompanyController.class]: Unsatisfied dependency expressed through constructor parameter 0: Error creating bean with name 'companyServiceImpl' defined in file [/home/samer/Desktop/java/projects/job-portal-spring/target/classes/com/jobportal/company/service/impl/CompanyServiceImpl.class]: Unsatisfied dependency expressed through constructor parameter 0: Error creating bean with name 'companyRepository' defined in com.jobportal.company.repository.CompanyRepository defined in @EnableJpaRepositories declared on DataJpaRepositoriesRegistrar.EnableJpaRepositoriesConfiguration: Query validation failed for 'SELECT DISTINCT c FROM company c JOIN FETCH c.jobs j WHERE j.status = :status'"}{"timestamp":"2026-09-01 10:32:18","level":"INFO","logger":"org.springframework.orm.jpa.LocalContainerEntityManagerFactoryBean","message":"Closing JPA EntityManagerFactory for persistence unit 'default'"}{"timestamp":"2026-09-01 10:32:18","level":"INFO","logger":"com.zaxxer.hikari.HikariDataSource","message":"HikariPool-1 - Shutdown initiated..."}{"timestamp":"2026-09-01 10:32:18","level":"INFO","logger":"com.zaxxer.hikari.HikariDataSource","message":"HikariPool-1 - Shutdown completed."}{"timestamp":"2026-09-01 10:32:18","level":"INFO","logger":"org.apache.catalina.core.StandardService","message":"Stopping service [Tomcat]"}{"timestamp":"2026-09-01 10:32:18","level":"INFO","logger":"org.springframework.boot.autoconfigure.logging.ConditionEvaluationReportLogger","message":"

Error starting ApplicationContext. To display the condition evaluation report re-run your application with 'debug' enabled."}{"timestamp":"2026-09-01 10:32:18","level":"ERROR","logger":"org.springframework.boot.SpringApplication","message":"Application run failed"}org.springframework.beans.factory.UnsatisfiedDependencyException: Error creating bean with name 'companyController' defined in file [/home/samer/Desktop/java/projects/job-portal-spring/target/classes/com/jobportal/company/controller/CompanyController.class]: Unsatisfied dependency expressed through constructor parameter 0: Error creating bean with name 'companyServiceImpl' defined in file [/home/samer/Desktop/java/projects/job-portal-spring/target/classes/com/jobportal/company/service/impl/CompanyServiceImpl.class]: Unsatisfied dependency expressed through constructor parameter 0: Error creating bean with name 'companyRepository' defined in com.jobportal.company.repository.CompanyRepository defined in @EnableJpaRepositories declared on DataJpaRepositoriesRegistrar.EnableJpaRepositoriesConfiguration: Query validation failed for 'SELECT DISTINCT c FROM company c JOIN FETCH c.jobs j WHERE j.status = :status'
	at org.springframework.beans.factory.support.ConstructorResolver.createArgumentArray(ConstructorResolver.java:804)
	at org.springframework.beans.factory.support.ConstructorResolver.autowireConstructor(ConstructorResolver.java:240)
	at org.springframework.beans.factory.support.AbstractAutowireCapableBeanFactory.autowireConstructor(AbstractAutowireCapableBeanFactory.java:1380)
	at org.springframework.beans.factory.support.AbstractAutowireCapableBeanFactory.createBeanInstance(AbstractAutowireCapableBeanFactory.java:1219)
	at org.springframework.beans.factory.support.AbstractAutowireCapableBeanFactory.doCreateBean(AbstractAutowireCapableBeanFactory.java:565)
	at org.springframework.beans.factory.support.AbstractAutowireCapableBeanFactory.createBean(AbstractAutowireCapableBeanFactory.java:525)
	at org.springframework.beans.factory.support.AbstractBeanFactory.lambda$doGetBean$0(AbstractBeanFactory.java:333)
	at org.springframework.beans.factory.support.DefaultSingletonBeanRegistry.getSingleton(DefaultSingletonBeanRegistry.java:371)
	at org.springframework.beans.factory.support.AbstractBeanFactory.doGetBean(AbstractBeanFactory.java:331)
	at org.springframework.beans.factory.support.AbstractBeanFactory.getBean(AbstractBeanFactory.java:196)
	at org.springframework.beans.factory.support.DefaultListableBeanFactory.instantiateSingleton(DefaultListableBeanFactory.java:1225)
	at org.springframework.beans.factory.support.DefaultListableBeanFactory.preInstantiateSingleton(DefaultListableBeanFactory.java:1191)
	at org.springframework.beans.factory.support.DefaultListableBeanFactory.preInstantiateSingletons(DefaultListableBeanFactory.java:1121)
	at org.springframework.context.support.AbstractApplicationContext.finishBeanFactoryInitialization(AbstractApplicationContext.java:994)
	at org.springframework.context.support.AbstractApplicationContext.refresh(AbstractApplicationContext.java:621)
	at org.springframework.boot.web.server.servlet.context.ServletWebServerApplicationContext.refresh(ServletWebServerApplicationContext.java:143)
	at org.springframework.boot.SpringApplication.refresh(SpringApplication.java:756)
	at org.springframework.boot.SpringApplication.refreshContext(SpringApplication.java:445)
	at org.springframework.boot.SpringApplication.run(SpringApplication.java:321)
	at org.springframework.boot.SpringApplication.run(SpringApplication.java:1365)
	at org.springframework.boot.SpringApplication.run(SpringApplication.java:1354)
	at com.jobportal.JobportalApplication.main(JobportalApplication.java:12)
	at java.base/jdk.internal.reflect.DirectMethodHandleAccessor.invoke(DirectMethodHandleAccessor.java:104)
	at java.base/java.lang.reflect.Method.invoke(Method.java:565)
	at org.springframework.boot.devtools.restart.RestartLauncher.run(RestartLauncher.java:52)
Caused by: org.springframework.beans.factory.UnsatisfiedDependencyException: Error creating bean with name 'companyServiceImpl' defined in file [/home/samer/Desktop/java/projects/job-portal-spring/target/classes/com/jobportal/company/service/impl/CompanyServiceImpl.class]: Unsatisfied dependency expressed through constructor parameter 0: Error creating bean with name 'companyRepository' defined in com.jobportal.company.repository.CompanyRepository defined in @EnableJpaRepositories declared on DataJpaRepositoriesRegistrar.EnableJpaRepositoriesConfiguration: Query validation failed for 'SELECT DISTINCT c FROM company c JOIN FETCH c.jobs j WHERE j.status = :status'
	at org.springframework.beans.factory.support.ConstructorResolver.createArgumentArray(ConstructorResolver.java:804)
	at org.springframework.beans.factory.support.ConstructorResolver.autowireConstructor(ConstructorResolver.java:240)
	at org.springframework.beans.factory.support.AbstractAutowireCapableBeanFactory.autowireConstructor(AbstractAutowireCapableBeanFactory.java:1380)
	at org.springframework.beans.factory.support.AbstractAutowireCapableBeanFactory.createBeanInstance(AbstractAutowireCapableBeanFactory.java:1219)
	at org.springframework.beans.factory.support.AbstractAutowireCapableBeanFactory.doCreateBean(AbstractAutowireCapableBeanFactory.java:565)
	at org.springframework.beans.factory.support.AbstractAutowireCapableBeanFactory.createBean(AbstractAutowireCapableBeanFactory.java:525)
	at org.springframework.beans.factory.support.AbstractBeanFactory.lambda$doGetBean$0(AbstractBeanFactory.java:333)
	at org.springframework.beans.factory.support.DefaultSingletonBeanRegistry.getSingleton(DefaultSingletonBeanRegistry.java:371)
	at org.springframework.beans.factory.support.AbstractBeanFactory.doGetBean(AbstractBeanFactory.java:331)
	at org.springframework.beans.factory.support.AbstractBeanFactory.getBean(AbstractBeanFactory.java:201)
	at org.springframework.beans.factory.config.DependencyDescriptor.resolveCandidate(DependencyDescriptor.java:229)
	at org.springframework.beans.factory.support.DefaultListableBeanFactory.doResolveDependency(DefaultListableBeanFactory.java:1769)
	at org.springframework.beans.factory.support.DefaultListableBeanFactory.resolveDependency(DefaultListableBeanFactory.java:1658)
	at org.springframework.beans.factory.support.ConstructorResolver.resolveAutowiredArgument(ConstructorResolver.java:912)
	at org.springframework.beans.factory.support.ConstructorResolver.createArgumentArray(ConstructorResolver.java:791)
	... 24 common frames omitted
Caused by: org.springframework.beans.factory.BeanCreationException: Error creating bean with name 'companyRepository' defined in com.jobportal.company.repository.CompanyRepository defined in @EnableJpaRepositories declared on DataJpaRepositoriesRegistrar.EnableJpaRepositoriesConfiguration: Query validation failed for 'SELECT DISTINCT c FROM company c JOIN FETCH c.jobs j WHERE j.status = :status'
	at org.springframework.beans.factory.support.AbstractAutowireCapableBeanFactory.initializeBean(AbstractAutowireCapableBeanFactory.java:1815)
	at org.springframework.beans.factory.support.AbstractAutowireCapableBeanFactory.doCreateBean(AbstractAutowireCapableBeanFactory.java:603)
	at org.springframework.beans.factory.support.AbstractAutowireCapableBeanFactory.createBean(AbstractAutowireCapableBeanFactory.java:525)
	at org.springframework.beans.factory.support.AbstractBeanFactory.lambda$doGetBean$0(AbstractBeanFactory.java:333)
	at org.springframework.beans.factory.support.DefaultSingletonBeanRegistry.getSingleton(DefaultSingletonBeanRegistry.java:371)
	at org.springframework.beans.factory.support.AbstractBeanFactory.doGetBean(AbstractBeanFactory.java:331)
	at org.springframework.beans.factory.support.AbstractBeanFactory.getBean(AbstractBeanFactory.java:201)
	at org.springframework.beans.factory.support.DefaultListableBeanFactory.resolveBean(DefaultListableBeanFactory.java:1232)
	at org.springframework.beans.factory.support.DefaultListableBeanFactory.doResolveDependency(DefaultListableBeanFactory.java:1711)
	at org.springframework.beans.factory.support.DefaultListableBeanFactory.resolveDependency(DefaultListableBeanFactory.java:1658)
	at org.springframework.beans.factory.support.ConstructorResolver.resolveAutowiredArgument(ConstructorResolver.java:912)
	at org.springframework.beans.factory.support.ConstructorResolver.createArgumentArray(ConstructorResolver.java:791)
	... 38 common frames omitted
Caused by: org.springframework.data.repository.query.QueryCreationException: Cannot create query for method [CompanyRepository.findAllWithJobsByStatus(java.lang.String)]; Query validation failed for 'SELECT DISTINCT c FROM company c JOIN FETCH c.jobs j WHERE j.status = :status'
	at org.springframework.data.repository.query.QueryCreationException.create(QueryCreationException.java:139)
	at org.springframework.data.repository.query.QueryCreationException.create(QueryCreationException.java:124)
	at org.springframework.data.jpa.repository.query.SimpleJpaQuery.validateQuery(SimpleJpaQuery.java:78)
	at org.springframework.data.jpa.repository.query.SimpleJpaQuery.<init>(SimpleJpaQuery.java:52)
	at org.springframework.data.jpa.repository.query.JpaQueryLookupStrategy$DeclaredQueryLookupStrategy.createStringQuery(JpaQueryLookupStrategy.java:228)
	at org.springframework.data.jpa.repository.query.JpaQueryLookupStrategy$DeclaredQueryLookupStrategy.resolveQuery(JpaQueryLookupStrategy.java:160)
	at org.springframework.data.jpa.repository.query.JpaQueryLookupStrategy$CreateIfNotFoundQueryLookupStrategy.resolveQuery(JpaQueryLookupStrategy.java:285)
	at org.springframework.data.jpa.repository.query.JpaQueryLookupStrategy$AbstractQueryLookupStrategy.resolveQuery(JpaQueryLookupStrategy.java:93)
	at org.springframework.data.repository.core.support.QueryExecutorMethodInterceptor.lookupQuery(QueryExecutorMethodInterceptor.java:114)
	at org.springframework.data.repository.core.support.QueryExecutorMethodInterceptor.mapMethodsToQuery(QueryExecutorMethodInterceptor.java:102)
	at org.springframework.data.repository.core.support.QueryExecutorMethodInterceptor.<init>(QueryExecutorMethodInterceptor.java:90)
	at org.springframework.data.repository.core.support.RepositoryFactorySupport.getRepository(RepositoryFactorySupport.java:413)
	at org.springframework.data.repository.core.support.RepositoryFactoryBeanSupport.lambda$afterPropertiesSet$1(RepositoryFactoryBeanSupport.java:361)
	at org.springframework.data.util.Lazy.getNullable(Lazy.java:136)
	at org.springframework.data.util.Lazy.get(Lazy.java:114)
	at org.springframework.data.repository.core.support.RepositoryFactoryBeanSupport.afterPropertiesSet(RepositoryFactoryBeanSupport.java:370)
	at org.springframework.data.jpa.repository.support.JpaRepositoryFactoryBean.afterPropertiesSet(JpaRepositoryFactoryBean.java:212)
	at org.springframework.beans.factory.support.AbstractAutowireCapableBeanFactory.invokeInitMethods(AbstractAutowireCapableBeanFactory.java:1862)
	at org.springframework.beans.factory.support.AbstractAutowireCapableBeanFactory.initializeBean(AbstractAutowireCapableBeanFactory.java:1811)
	... 49 common frames omitted
Caused by: java.lang.IllegalArgumentException: org.hibernate.query.sqm.UnknownEntityException: Could not resolve root entity 'company'
	at org.hibernate.internal.ExceptionConverterImpl.convert(ExceptionConverterImpl.java:134)
	at org.hibernate.internal.ExceptionConverterImpl.convert(ExceptionConverterImpl.java:173)
	at org.hibernate.internal.ExceptionConverterImpl.convert(ExceptionConverterImpl.java:179)
	at org.hibernate.internal.AbstractSharedSessionContract.createQuery(AbstractSharedSessionContract.java:1102)
	at org.hibernate.internal.SessionImpl.createQuery(SessionImpl.java:158)
	at org.hibernate.internal.AbstractSharedSessionContract.createQuery(AbstractSharedSessionContract.java:1011)
	at org.hibernate.internal.SessionImpl.createQuery(SessionImpl.java:158)
	at org.hibernate.internal.AbstractSharedSessionContract.createQuery(AbstractSharedSessionContract.java:154)
	at java.base/jdk.internal.reflect.DirectMethodHandleAccessor.invoke(DirectMethodHandleAccessor.java:104)
	at java.base/java.lang.reflect.Method.invoke(Method.java:565)
	at org.springframework.orm.jpa.ExtendedEntityManagerCreator$ExtendedEntityManagerInvocationHandler.invoke(ExtendedEntityManagerCreator.java:360)
	at jdk.proxy4/jdk.proxy4.$Proxy161.createQuery(Unknown Source)
	at org.springframework.data.jpa.repository.query.SimpleJpaQuery.validateQuery(SimpleJpaQuery.java:73)
	... 65 common frames omitted
Caused by: org.hibernate.query.sqm.UnknownEntityException: Could not resolve root entity 'company'
	at org.hibernate.query.hql.internal.SemanticQueryBuilder.resolveRootEntity(SemanticQueryBuilder.java:2066)
	at org.hibernate.query.hql.internal.SemanticQueryBuilder.visitRootEntity(SemanticQueryBuilder.java:1996)
	at org.hibernate.query.hql.internal.SemanticQueryBuilder.visitRootEntity(SemanticQueryBuilder.java:247)
	at org.hibernate.grammars.hql.HqlParser$RootEntityContext.accept(HqlParser.java:2820)
	at org.hibernate.query.hql.internal.SemanticQueryBuilder.visitEntityWithJoins(SemanticQueryBuilder.java:1966)
	at org.hibernate.query.hql.internal.SemanticQueryBuilder.visitFromClause(SemanticQueryBuilder.java:1953)
	at org.hibernate.query.hql.internal.SemanticQueryBuilder.visitQuery(SemanticQueryBuilder.java:1152)
	at org.hibernate.query.hql.internal.SemanticQueryBuilder.visitQuerySpecExpression(SemanticQueryBuilder.java:956)
	at org.hibernate.query.hql.internal.SemanticQueryBuilder.visitQuerySpecExpression(SemanticQueryBuilder.java:247)
	at org.hibernate.grammars.hql.HqlParser$QuerySpecExpressionContext.accept(HqlParser.java:2113)
	at org.hibernate.query.hql.internal.SemanticQueryBuilder.visitQueryExpression(SemanticQueryBuilder.java:985)
	at org.hibernate.query.hql.internal.SemanticQueryBuilder.visitQueryExpression(SemanticQueryBuilder.java:247)
	at org.hibernate.grammars.hql.HqlParser$QueryExpressionContext.accept(HqlParser.java:2003)
	at org.hibernate.query.hql.internal.SemanticQueryBuilder.visitSelectStatement(SemanticQueryBuilder.java:472)
	at org.hibernate.query.hql.internal.SemanticQueryBuilder.visitStatement(SemanticQueryBuilder.java:431)
	at org.hibernate.query.hql.internal.SemanticQueryBuilder.buildSemanticModel(SemanticQueryBuilder.java:292)
	at org.hibernate.query.hql.internal.StandardHqlTranslator.translate(StandardHqlTranslator.java:61)
	at org.hibernate.query.internal.QueryInterpretationCacheStandardImpl.createHqlInterpretation(QueryInterpretationCacheStandardImpl.java:165)
	at org.hibernate.query.internal.QueryInterpretationCacheStandardImpl.resolveHqlInterpretation(QueryInterpretationCacheStandardImpl.java:147)
	at org.hibernate.query.spi.QueryEngine.interpretHql(QueryEngine.java:61)
	at org.hibernate.internal.AbstractSharedSessionContract.interpretHql(AbstractSharedSessionContract.java:1043)
	at org.hibernate.internal.AbstractSharedSessionContract.createQuery(AbstractSharedSessionContract.java:1094)
	... 74 common frames omitted
{"timestamp":"2026-09-01 10:32:36","level":"INFO","logger":"com.jobportal.JobportalApplication","message":"Starting JobportalApplication using Java 26.0.1 with PID 28728 (/home/samer/Desktop/java/projects/job-portal-spring/target/classes started by samer in /home/samer/Desktop/java/projects/job-portal-spring)"}{"timestamp":"2026-09-01 10:32:36","level":"INFO","logger":"com.jobportal.JobportalApplication","message":"No active profile set, falling back to 1 default profile: "default""}{"timestamp":"2026-09-01 10:32:36","level":"INFO","logger":"org.springframework.boot.devtools.env.DevToolsPropertyDefaultsPostProcessor","message":"Devtools property defaults active! Set 'spring.devtools.add-properties' to 'false' to disable"}{"timestamp":"2026-09-01 10:32:36","level":"INFO","logger":"org.springframework.boot.devtools.env.DevToolsPropertyDefaultsPostProcessor","message":"For additional web related logging consider setting the 'logging.level.web' property to 'DEBUG'"}{"timestamp":"2026-09-01 10:32:36","level":"INFO","logger":"org.springframework.boot.docker.compose.lifecycle.DockerComposeLifecycleManager","message":"Using Docker Compose file /home/samer/Desktop/java/projects/job-portal-spring/compose.yml"}{"timestamp":"2026-09-01 10:32:36","level":"INFO","logger":"org.hibernate.validator.internal.util.Version","message":"HV000001: Hibernate Validator 9.1.0.Final"}{"timestamp":"2026-09-01 10:32:36","level":"INFO","logger":"org.springframework.boot.docker.compose.core.DockerCli","message":" Container jobportaldb Starting "}{"timestamp":"2026-09-01 10:32:37","level":"INFO","logger":"org.springframework.boot.docker.compose.core.DockerCli","message":" Container jobportaldb Started "}{"timestamp":"2026-09-01 10:32:37","level":"INFO","logger":"org.springframework.boot.docker.compose.core.DockerCli","message":" Container jobportaldb Waiting "}{"timestamp":"2026-09-01 10:32:37","level":"INFO","logger":"org.springframework.boot.docker.compose.core.DockerCli","message":" Container jobportaldb Healthy "}{"timestamp":"2026-09-01 10:32:39","level":"INFO","logger":"org.springframework.data.repository.config.RepositoryConfigurationDelegate","message":"Bootstrapping Spring Data JPA repositories in DEFAULT mode."}{"timestamp":"2026-09-01 10:32:39","level":"INFO","logger":"org.springframework.data.repository.config.RepositoryConfigurationDelegate","message":"Finished Spring Data repository scanning in 42 ms. Found 4 JPA repository interfaces."}{"timestamp":"2026-09-01 10:32:39","level":"INFO","logger":"org.springframework.boot.tomcat.TomcatWebServer","message":"Tomcat initialized with port 8080 (http)"}{"timestamp":"2026-09-01 10:32:39","level":"INFO","logger":"org.apache.coyote.http11.Http11NioProtocol","message":"Initializing ProtocolHandler ["http-nio-8080"]"}{"timestamp":"2026-09-01 10:32:39","level":"INFO","logger":"org.apache.catalina.core.StandardService","message":"Starting service [Tomcat]"}{"timestamp":"2026-09-01 10:32:39","level":"INFO","logger":"org.apache.catalina.core.StandardEngine","message":"Starting Servlet engine: [Apache Tomcat/11.0.22]"}{"timestamp":"2026-09-01 10:32:39","level":"INFO","logger":"org.springframework.boot.web.context.servlet.WebApplicationContextInitializer","message":"Root WebApplicationContext: initialization completed in 1159 ms"}{"timestamp":"2026-09-01 10:32:40","level":"INFO","logger":"com.zaxxer.hikari.HikariDataSource","message":"HikariPool-1 - Starting..."}{"timestamp":"2026-09-01 10:32:40","level":"INFO","logger":"com.zaxxer.hikari.pool.HikariPool","message":"HikariPool-1 - Added connection com.mysql.cj.jdbc.ConnectionImpl@67539f5"}{"timestamp":"2026-09-01 10:32:40","level":"INFO","logger":"com.zaxxer.hikari.HikariDataSource","message":"HikariPool-1 - Start completed."}{"timestamp":"2026-09-01 10:32:40","level":"INFO","logger":"org.hibernate.orm.jpa","message":"HHH008540: Processing PersistenceUnitInfo [name: default]"}{"timestamp":"2026-09-01 10:32:40","level":"INFO","logger":"org.hibernate.orm.core","message":"HHH000001: Hibernate ORM core version 7.4.1.Final"}{"timestamp":"2026-09-01 10:32:40","level":"INFO","logger":"org.springframework.orm.jpa.persistenceunit.SpringPersistenceUnitInfo","message":"No LoadTimeWeaver setup: ignoring JPA class transformer"}{"timestamp":"2026-09-01 10:32:40","level":"INFO","logger":"org.hibernate.orm.connections.pooling","message":"HHH10001005: Database info:
	Database JDBC URL [jdbc:mysql://127.0.0.1:3307/jobportal]
	Database driver: MySQL Connector/J
	Database dialect: MySQLDialect
	Database version: 26.7
	Default catalog/schema: jobportal/undefined
	Autocommit mode: undefined/unknown
	Isolation level: REPEATABLE_READ [default REPEATABLE_READ]
	JDBC fetch size: none
	Pool: DataSourceConnectionProvider
	Minimum pool size: undefined/unknown
	Maximum pool size: undefined/unknown"}{"timestamp":"2026-09-01 10:32:41","level":"INFO","logger":"org.hibernate.orm.core","message":"HHH000489: No JTA platform available (set 'hibernate.transaction.jta.platform' to enable JTA platform integration)"}{"timestamp":"2026-09-01 10:32:41","level":"INFO","logger":"org.springframework.orm.jpa.LocalContainerEntityManagerFactoryBean","message":"Initialized JPA EntityManagerFactory for persistence unit 'default'"}{"timestamp":"2026-09-01 10:32:41","level":"INFO","logger":"org.springframework.data.jpa.repository.query.QueryEnhancerFactories","message":"Hibernate is in classpath; If applicable, HQL parser will be used."}{"timestamp":"2026-09-01 10:32:42","level":"WARN","logger":"org.springframework.boot.web.server.servlet.context.AnnotationConfigServletWebServerApplicationContext","message":"Exception encountered during context initialization - cancelling refresh attempt: org.springframework.beans.factory.UnsatisfiedDependencyException: Error creating bean with name 'companyController' defined in file [/home/samer/Desktop/java/projects/job-portal-spring/target/classes/com/jobportal/company/controller/CompanyController.class]: Unsatisfied dependency expressed through constructor parameter 0: Error creating bean with name 'companyServiceImpl' defined in file [/home/samer/Desktop/java/projects/job-portal-spring/target/classes/com/jobportal/company/service/impl/CompanyServiceImpl.class]: Unsatisfied dependency expressed through constructor parameter 0: Error creating bean with name 'companyRepository' defined in com.jobportal.company.repository.CompanyRepository defined in @EnableJpaRepositories declared on DataJpaRepositoriesRegistrar.EnableJpaRepositoriesConfiguration: Query validation failed for 'SELECT DISTINCT c FROM company c JOIN FETCH c.jobs j WHERE j.status = :status'"}{"timestamp":"2026-09-01 10:32:42","level":"INFO","logger":"org.springframework.orm.jpa.LocalContainerEntityManagerFactoryBean","message":"Closing JPA EntityManagerFactory for persistence unit 'default'"}{"timestamp":"2026-09-01 10:32:42","level":"INFO","logger":"com.zaxxer.hikari.HikariDataSource","message":"HikariPool-1 - Shutdown initiated..."}{"timestamp":"2026-09-01 10:32:42","level":"INFO","logger":"com.zaxxer.hikari.HikariDataSource","message":"HikariPool-1 - Shutdown completed."}{"timestamp":"2026-09-01 10:32:42","level":"INFO","logger":"org.apache.catalina.core.StandardService","message":"Stopping service [Tomcat]"}{"timestamp":"2026-09-01 10:32:42","level":"INFO","logger":"org.springframework.boot.autoconfigure.logging.ConditionEvaluationReportLogger","message":"

Error starting ApplicationContext. To display the condition evaluation report re-run your application with 'debug' enabled."}{"timestamp":"2026-09-01 10:32:42","level":"ERROR","logger":"org.springframework.boot.SpringApplication","message":"Application run failed"}org.springframework.beans.factory.UnsatisfiedDependencyException: Error creating bean with name 'companyController' defined in file [/home/samer/Desktop/java/projects/job-portal-spring/target/classes/com/jobportal/company/controller/CompanyController.class]: Unsatisfied dependency expressed through constructor parameter 0: Error creating bean with name 'companyServiceImpl' defined in file [/home/samer/Desktop/java/projects/job-portal-spring/target/classes/com/jobportal/company/service/impl/CompanyServiceImpl.class]: Unsatisfied dependency expressed through constructor parameter 0: Error creating bean with name 'companyRepository' defined in com.jobportal.company.repository.CompanyRepository defined in @EnableJpaRepositories declared on DataJpaRepositoriesRegistrar.EnableJpaRepositoriesConfiguration: Query validation failed for 'SELECT DISTINCT c FROM company c JOIN FETCH c.jobs j WHERE j.status = :status'
	at org.springframework.beans.factory.support.ConstructorResolver.createArgumentArray(ConstructorResolver.java:804)
	at org.springframework.beans.factory.support.ConstructorResolver.autowireConstructor(ConstructorResolver.java:240)
	at org.springframework.beans.factory.support.AbstractAutowireCapableBeanFactory.autowireConstructor(AbstractAutowireCapableBeanFactory.java:1380)
	at org.springframework.beans.factory.support.AbstractAutowireCapableBeanFactory.createBeanInstance(AbstractAutowireCapableBeanFactory.java:1219)
	at org.springframework.beans.factory.support.AbstractAutowireCapableBeanFactory.doCreateBean(AbstractAutowireCapableBeanFactory.java:565)
	at org.springframework.beans.factory.support.AbstractAutowireCapableBeanFactory.createBean(AbstractAutowireCapableBeanFactory.java:525)
	at org.springframework.beans.factory.support.AbstractBeanFactory.lambda$doGetBean$0(AbstractBeanFactory.java:333)
	at org.springframework.beans.factory.support.DefaultSingletonBeanRegistry.getSingleton(DefaultSingletonBeanRegistry.java:371)
	at org.springframework.beans.factory.support.AbstractBeanFactory.doGetBean(AbstractBeanFactory.java:331)
	at org.springframework.beans.factory.support.AbstractBeanFactory.getBean(AbstractBeanFactory.java:196)
	at org.springframework.beans.factory.support.DefaultListableBeanFactory.instantiateSingleton(DefaultListableBeanFactory.java:1225)
	at org.springframework.beans.factory.support.DefaultListableBeanFactory.preInstantiateSingleton(DefaultListableBeanFactory.java:1191)
	at org.springframework.beans.factory.support.DefaultListableBeanFactory.preInstantiateSingletons(DefaultListableBeanFactory.java:1121)
	at org.springframework.context.support.AbstractApplicationContext.finishBeanFactoryInitialization(AbstractApplicationContext.java:994)
	at org.springframework.context.support.AbstractApplicationContext.refresh(AbstractApplicationContext.java:621)
	at org.springframework.boot.web.server.servlet.context.ServletWebServerApplicationContext.refresh(ServletWebServerApplicationContext.java:143)
	at org.springframework.boot.SpringApplication.refresh(SpringApplication.java:756)
	at org.springframework.boot.SpringApplication.refreshContext(SpringApplication.java:445)
	at org.springframework.boot.SpringApplication.run(SpringApplication.java:321)
	at org.springframework.boot.SpringApplication.run(SpringApplication.java:1365)
	at org.springframework.boot.SpringApplication.run(SpringApplication.java:1354)
	at com.jobportal.JobportalApplication.main(JobportalApplication.java:12)
	at java.base/jdk.internal.reflect.DirectMethodHandleAccessor.invoke(DirectMethodHandleAccessor.java:104)
	at java.base/java.lang.reflect.Method.invoke(Method.java:565)
	at org.springframework.boot.devtools.restart.RestartLauncher.run(RestartLauncher.java:52)
Caused by: org.springframework.beans.factory.UnsatisfiedDependencyException: Error creating bean with name 'companyServiceImpl' defined in file [/home/samer/Desktop/java/projects/job-portal-spring/target/classes/com/jobportal/company/service/impl/CompanyServiceImpl.class]: Unsatisfied dependency expressed through constructor parameter 0: Error creating bean with name 'companyRepository' defined in com.jobportal.company.repository.CompanyRepository defined in @EnableJpaRepositories declared on DataJpaRepositoriesRegistrar.EnableJpaRepositoriesConfiguration: Query validation failed for 'SELECT DISTINCT c FROM company c JOIN FETCH c.jobs j WHERE j.status = :status'
	at org.springframework.beans.factory.support.ConstructorResolver.createArgumentArray(ConstructorResolver.java:804)
	at org.springframework.beans.factory.support.ConstructorResolver.autowireConstructor(ConstructorResolver.java:240)
	at org.springframework.beans.factory.support.AbstractAutowireCapableBeanFactory.autowireConstructor(AbstractAutowireCapableBeanFactory.java:1380)
	at org.springframework.beans.factory.support.AbstractAutowireCapableBeanFactory.createBeanInstance(AbstractAutowireCapableBeanFactory.java:1219)
	at org.springframework.beans.factory.support.AbstractAutowireCapableBeanFactory.doCreateBean(AbstractAutowireCapableBeanFactory.java:565)
	at org.springframework.beans.factory.support.AbstractAutowireCapableBeanFactory.createBean(AbstractAutowireCapableBeanFactory.java:525)
	at org.springframework.beans.factory.support.AbstractBeanFactory.lambda$doGetBean$0(AbstractBeanFactory.java:333)
	at org.springframework.beans.factory.support.DefaultSingletonBeanRegistry.getSingleton(DefaultSingletonBeanRegistry.java:371)
	at org.springframework.beans.factory.support.AbstractBeanFactory.doGetBean(AbstractBeanFactory.java:331)
	at org.springframework.beans.factory.support.AbstractBeanFactory.getBean(AbstractBeanFactory.java:201)
	at org.springframework.beans.factory.config.DependencyDescriptor.resolveCandidate(DependencyDescriptor.java:229)
	at org.springframework.beans.factory.support.DefaultListableBeanFactory.doResolveDependency(DefaultListableBeanFactory.java:1769)
	at org.springframework.beans.factory.support.DefaultListableBeanFactory.resolveDependency(DefaultListableBeanFactory.java:1658)
	at org.springframework.beans.factory.support.ConstructorResolver.resolveAutowiredArgument(ConstructorResolver.java:912)
	at org.springframework.beans.factory.support.ConstructorResolver.createArgumentArray(ConstructorResolver.java:791)
	... 24 common frames omitted
Caused by: org.springframework.beans.factory.BeanCreationException: Error creating bean with name 'companyRepository' defined in com.jobportal.company.repository.CompanyRepository defined in @EnableJpaRepositories declared on DataJpaRepositoriesRegistrar.EnableJpaRepositoriesConfiguration: Query validation failed for 'SELECT DISTINCT c FROM company c JOIN FETCH c.jobs j WHERE j.status = :status'
	at org.springframework.beans.factory.support.AbstractAutowireCapableBeanFactory.initializeBean(AbstractAutowireCapableBeanFactory.java:1815)
	at org.springframework.beans.factory.support.AbstractAutowireCapableBeanFactory.doCreateBean(AbstractAutowireCapableBeanFactory.java:603)
	at org.springframework.beans.factory.support.AbstractAutowireCapableBeanFactory.createBean(AbstractAutowireCapableBeanFactory.java:525)
	at org.springframework.beans.factory.support.AbstractBeanFactory.lambda$doGetBean$0(AbstractBeanFactory.java:333)
	at org.springframework.beans.factory.support.DefaultSingletonBeanRegistry.getSingleton(DefaultSingletonBeanRegistry.java:371)
	at org.springframework.beans.factory.support.AbstractBeanFactory.doGetBean(AbstractBeanFactory.java:331)
	at org.springframework.beans.factory.support.AbstractBeanFactory.getBean(AbstractBeanFactory.java:201)
	at org.springframework.beans.factory.support.DefaultListableBeanFactory.resolveBean(DefaultListableBeanFactory.java:1232)
	at org.springframework.beans.factory.support.DefaultListableBeanFactory.doResolveDependency(DefaultListableBeanFactory.java:1711)
	at org.springframework.beans.factory.support.DefaultListableBeanFactory.resolveDependency(DefaultListableBeanFactory.java:1658)
	at org.springframework.beans.factory.support.ConstructorResolver.resolveAutowiredArgument(ConstructorResolver.java:912)
	at org.springframework.beans.factory.support.ConstructorResolver.createArgumentArray(ConstructorResolver.java:791)
	... 38 common frames omitted
Caused by: org.springframework.data.repository.query.QueryCreationException: Cannot create query for method [CompanyRepository.findAllWithJobsByStatus(java.lang.String)]; Query validation failed for 'SELECT DISTINCT c FROM company c JOIN FETCH c.jobs j WHERE j.status = :status'
	at org.springframework.data.repository.query.QueryCreationException.create(QueryCreationException.java:139)
	at org.springframework.data.repository.query.QueryCreationException.create(QueryCreationException.java:124)
	at org.springframework.data.jpa.repository.query.SimpleJpaQuery.validateQuery(SimpleJpaQuery.java:78)
	at org.springframework.data.jpa.repository.query.SimpleJpaQuery.<init>(SimpleJpaQuery.java:52)
	at org.springframework.data.jpa.repository.query.JpaQueryLookupStrategy$DeclaredQueryLookupStrategy.createStringQuery(JpaQueryLookupStrategy.java:228)
	at org.springframework.data.jpa.repository.query.JpaQueryLookupStrategy$DeclaredQueryLookupStrategy.resolveQuery(JpaQueryLookupStrategy.java:160)
	at org.springframework.data.jpa.repository.query.JpaQueryLookupStrategy$CreateIfNotFoundQueryLookupStrategy.resolveQuery(JpaQueryLookupStrategy.java:285)
	at org.springframework.data.jpa.repository.query.JpaQueryLookupStrategy$AbstractQueryLookupStrategy.resolveQuery(JpaQueryLookupStrategy.java:93)
	at org.springframework.data.repository.core.support.QueryExecutorMethodInterceptor.lookupQuery(QueryExecutorMethodInterceptor.java:114)
	at org.springframework.data.repository.core.support.QueryExecutorMethodInterceptor.mapMethodsToQuery(QueryExecutorMethodInterceptor.java:102)
	at org.springframework.data.repository.core.support.QueryExecutorMethodInterceptor.<init>(QueryExecutorMethodInterceptor.java:90)
	at org.springframework.data.repository.core.support.RepositoryFactorySupport.getRepository(RepositoryFactorySupport.java:413)
	at org.springframework.data.repository.core.support.RepositoryFactoryBeanSupport.lambda$afterPropertiesSet$1(RepositoryFactoryBeanSupport.java:361)
	at org.springframework.data.util.Lazy.getNullable(Lazy.java:136)
	at org.springframework.data.util.Lazy.get(Lazy.java:114)
	at org.springframework.data.repository.core.support.RepositoryFactoryBeanSupport.afterPropertiesSet(RepositoryFactoryBeanSupport.java:370)
	at org.springframework.data.jpa.repository.support.JpaRepositoryFactoryBean.afterPropertiesSet(JpaRepositoryFactoryBean.java:212)
	at org.springframework.beans.factory.support.AbstractAutowireCapableBeanFactory.invokeInitMethods(AbstractAutowireCapableBeanFactory.java:1862)
	at org.springframework.beans.factory.support.AbstractAutowireCapableBeanFactory.initializeBean(AbstractAutowireCapableBeanFactory.java:1811)
	... 49 common frames omitted
Caused by: java.lang.IllegalArgumentException: org.hibernate.query.sqm.UnknownEntityException: Could not resolve root entity 'company'
	at org.hibernate.internal.ExceptionConverterImpl.convert(ExceptionConverterImpl.java:134)
	at org.hibernate.internal.ExceptionConverterImpl.convert(ExceptionConverterImpl.java:173)
	at org.hibernate.internal.ExceptionConverterImpl.convert(ExceptionConverterImpl.java:179)
	at org.hibernate.internal.AbstractSharedSessionContract.createQuery(AbstractSharedSessionContract.java:1102)
	at org.hibernate.internal.SessionImpl.createQuery(SessionImpl.java:158)
	at org.hibernate.internal.AbstractSharedSessionContract.createQuery(AbstractSharedSessionContract.java:1011)
	at org.hibernate.internal.SessionImpl.createQuery(SessionImpl.java:158)
	at org.hibernate.internal.AbstractSharedSessionContract.createQuery(AbstractSharedSessionContract.java:154)
	at java.base/jdk.internal.reflect.DirectMethodHandleAccessor.invoke(DirectMethodHandleAccessor.java:104)
	at java.base/java.lang.reflect.Method.invoke(Method.java:565)
	at org.springframework.orm.jpa.ExtendedEntityManagerCreator$ExtendedEntityManagerInvocationHandler.invoke(ExtendedEntityManagerCreator.java:360)
	at jdk.proxy4/jdk.proxy4.$Proxy161.createQuery(Unknown Source)
	at org.springframework.data.jpa.repository.query.SimpleJpaQuery.validateQuery(SimpleJpaQuery.java:73)
	... 65 common frames omitted
Caused by: org.hibernate.query.sqm.UnknownEntityException: Could not resolve root entity 'company'
	at org.hibernate.query.hql.internal.SemanticQueryBuilder.resolveRootEntity(SemanticQueryBuilder.java:2066)
	at org.hibernate.query.hql.internal.SemanticQueryBuilder.visitRootEntity(SemanticQueryBuilder.java:1996)
	at org.hibernate.query.hql.internal.SemanticQueryBuilder.visitRootEntity(SemanticQueryBuilder.java:247)
	at org.hibernate.grammars.hql.HqlParser$RootEntityContext.accept(HqlParser.java:2820)
	at org.hibernate.query.hql.internal.SemanticQueryBuilder.visitEntityWithJoins(SemanticQueryBuilder.java:1966)
	at org.hibernate.query.hql.internal.SemanticQueryBuilder.visitFromClause(SemanticQueryBuilder.java:1953)
	at org.hibernate.query.hql.internal.SemanticQueryBuilder.visitQuery(SemanticQueryBuilder.java:1152)
	at org.hibernate.query.hql.internal.SemanticQueryBuilder.visitQuerySpecExpression(SemanticQueryBuilder.java:956)
	at org.hibernate.query.hql.internal.SemanticQueryBuilder.visitQuerySpecExpression(SemanticQueryBuilder.java:247)
	at org.hibernate.grammars.hql.HqlParser$QuerySpecExpressionContext.accept(HqlParser.java:2113)
	at org.hibernate.query.hql.internal.SemanticQueryBuilder.visitQueryExpression(SemanticQueryBuilder.java:985)
	at org.hibernate.query.hql.internal.SemanticQueryBuilder.visitQueryExpression(SemanticQueryBuilder.java:247)
	at org.hibernate.grammars.hql.HqlParser$QueryExpressionContext.accept(HqlParser.java:2003)
	at org.hibernate.query.hql.internal.SemanticQueryBuilder.visitSelectStatement(SemanticQueryBuilder.java:472)
	at org.hibernate.query.hql.internal.SemanticQueryBuilder.visitStatement(SemanticQueryBuilder.java:431)
	at org.hibernate.query.hql.internal.SemanticQueryBuilder.buildSemanticModel(SemanticQueryBuilder.java:292)
	at org.hibernate.query.hql.internal.StandardHqlTranslator.translate(StandardHqlTranslator.java:61)
	at org.hibernate.query.internal.QueryInterpretationCacheStandardImpl.createHqlInterpretation(QueryInterpretationCacheStandardImpl.java:165)
	at org.hibernate.query.internal.QueryInterpretationCacheStandardImpl.resolveHqlInterpretation(QueryInterpretationCacheStandardImpl.java:147)
	at org.hibernate.query.spi.QueryEngine.interpretHql(QueryEngine.java:61)
	at org.hibernate.internal.AbstractSharedSessionContract.interpretHql(AbstractSharedSessionContract.java:1043)
	at org.hibernate.internal.AbstractSharedSessionContract.createQuery(AbstractSharedSessionContract.java:1094)
	... 74 common frames omitted
{"timestamp":"2026-09-01 12:06:23","level":"INFO","logger":"com.jobportal.JobportalApplication","message":"Starting JobportalApplication using Java 26.0.1 with PID 41058 (/home/samer/Desktop/java/projects/job-portal-spring/target/classes started by samer in /home/samer/Desktop/java/projects/job-portal-spring)"}{"timestamp":"2026-09-01 12:06:23","level":"INFO","logger":"com.jobportal.JobportalApplication","message":"No active profile set, falling back to 1 default profile: "default""}{"timestamp":"2026-09-01 12:06:23","level":"INFO","logger":"org.springframework.boot.devtools.env.DevToolsPropertyDefaultsPostProcessor","message":"Devtools property defaults active! Set 'spring.devtools.add-properties' to 'false' to disable"}{"timestamp":"2026-09-01 12:06:23","level":"INFO","logger":"org.springframework.boot.devtools.env.DevToolsPropertyDefaultsPostProcessor","message":"For additional web related logging consider setting the 'logging.level.web' property to 'DEBUG'"}{"timestamp":"2026-09-01 12:06:23","level":"INFO","logger":"org.springframework.boot.docker.compose.lifecycle.DockerComposeLifecycleManager","message":"Using Docker Compose file /home/samer/Desktop/java/projects/job-portal-spring/compose.yml"}{"timestamp":"2026-09-01 12:06:23","level":"INFO","logger":"org.hibernate.validator.internal.util.Version","message":"HV000001: Hibernate Validator 9.1.0.Final"}{"timestamp":"2026-09-01 12:06:28","level":"INFO","logger":"org.springframework.boot.docker.compose.core.DockerCli","message":" Container jobportaldb Starting "}{"timestamp":"2026-09-01 12:06:28","level":"INFO","logger":"org.springframework.boot.docker.compose.core.DockerCli","message":" Container jobportaldb Started "}{"timestamp":"2026-09-01 12:06:28","level":"INFO","logger":"org.springframework.boot.docker.compose.core.DockerCli","message":" Container jobportaldb Waiting "}{"timestamp":"2026-09-01 12:06:29","level":"INFO","logger":"org.springframework.boot.docker.compose.core.DockerCli","message":" Container jobportaldb Healthy "}{"timestamp":"2026-09-01 12:06:31","level":"INFO","logger":"org.springframework.data.repository.config.RepositoryConfigurationDelegate","message":"Bootstrapping Spring Data JPA repositories in DEFAULT mode."}{"timestamp":"2026-09-01 12:06:31","level":"INFO","logger":"org.springframework.data.repository.config.RepositoryConfigurationDelegate","message":"Finished Spring Data repository scanning in 43 ms. Found 4 JPA repository interfaces."}{"timestamp":"2026-09-01 12:06:32","level":"INFO","logger":"org.springframework.boot.tomcat.TomcatWebServer","message":"Tomcat initialized with port 8080 (http)"}{"timestamp":"2026-09-01 12:06:32","level":"INFO","logger":"org.apache.coyote.http11.Http11NioProtocol","message":"Initializing ProtocolHandler ["http-nio-8080"]"}{"timestamp":"2026-09-01 12:06:32","level":"INFO","logger":"org.apache.catalina.core.StandardService","message":"Starting service [Tomcat]"}{"timestamp":"2026-09-01 12:06:32","level":"INFO","logger":"org.apache.catalina.core.StandardEngine","message":"Starting Servlet engine: [Apache Tomcat/11.0.22]"}{"timestamp":"2026-09-01 12:06:32","level":"INFO","logger":"org.springframework.boot.web.context.servlet.WebApplicationContextInitializer","message":"Root WebApplicationContext: initialization completed in 1236 ms"}{"timestamp":"2026-09-01 12:06:32","level":"INFO","logger":"com.zaxxer.hikari.HikariDataSource","message":"HikariPool-1 - Starting..."}{"timestamp":"2026-09-01 12:06:32","level":"INFO","logger":"com.zaxxer.hikari.pool.HikariPool","message":"HikariPool-1 - Added connection com.mysql.cj.jdbc.ConnectionImpl@41d3f2e6"}{"timestamp":"2026-09-01 12:06:32","level":"INFO","logger":"com.zaxxer.hikari.HikariDataSource","message":"HikariPool-1 - Start completed."}{"timestamp":"2026-09-01 12:06:32","level":"INFO","logger":"org.hibernate.orm.jpa","message":"HHH008540: Processing PersistenceUnitInfo [name: default]"}{"timestamp":"2026-09-01 12:06:33","level":"INFO","logger":"org.hibernate.orm.core","message":"HHH000001: Hibernate ORM core version 7.4.1.Final"}{"timestamp":"2026-09-01 12:06:33","level":"INFO","logger":"org.springframework.orm.jpa.persistenceunit.SpringPersistenceUnitInfo","message":"No LoadTimeWeaver setup: ignoring JPA class transformer"}{"timestamp":"2026-09-01 12:06:33","level":"INFO","logger":"org.hibernate.orm.connections.pooling","message":"HHH10001005: Database info:
	Database JDBC URL [jdbc:mysql://127.0.0.1:3307/jobportal]
	Database driver: MySQL Connector/J
	Database dialect: MySQLDialect
	Database version: 26.7
	Default catalog/schema: jobportal/undefined
	Autocommit mode: undefined/unknown
	Isolation level: REPEATABLE_READ [default REPEATABLE_READ]
	JDBC fetch size: none
	Pool: DataSourceConnectionProvider
	Minimum pool size: undefined/unknown
	Maximum pool size: undefined/unknown"}{"timestamp":"2026-09-01 12:06:34","level":"INFO","logger":"org.hibernate.orm.core","message":"HHH000489: No JTA platform available (set 'hibernate.transaction.jta.platform' to enable JTA platform integration)"}{"timestamp":"2026-09-01 12:06:34","level":"INFO","logger":"org.springframework.orm.jpa.LocalContainerEntityManagerFactoryBean","message":"Initialized JPA EntityManagerFactory for persistence unit 'default'"}{"timestamp":"2026-09-01 12:06:34","level":"INFO","logger":"org.springframework.data.jpa.repository.query.QueryEnhancerFactories","message":"Hibernate is in classpath; If applicable, HQL parser will be used."}{"timestamp":"2026-09-01 12:06:35","level":"WARN","logger":"org.springframework.boot.jpa.autoconfigure.JpaBaseConfiguration$JpaWebConfiguration","message":"spring.jpa.open-in-view is enabled by default. Therefore, database queries may be performed during view rendering. Explicitly configure spring.jpa.open-in-view to disable this warning"}{"timestamp":"2026-09-01 12:06:35","level":"INFO","logger":"org.springframework.security.config.annotation.authentication.configuration.InitializeAuthenticationProviderBeanManagerConfigurer$InitializeAuthenticationProviderManagerConfigurer","message":"Global AuthenticationManager configured with AuthenticationProvider bean with name jobPortalUsernamePwdAuthenticationProvider"}{"timestamp":"2026-09-01 12:06:35","level":"INFO","logger":"org.apache.coyote.http11.Http11NioProtocol","message":"Starting ProtocolHandler ["http-nio-8080"]"}{"timestamp":"2026-09-01 12:06:35","level":"INFO","logger":"org.springframework.boot.tomcat.TomcatWebServer","message":"Tomcat started on port 8080 (http) with context path '/'"}{"timestamp":"2026-09-01 12:06:35","level":"INFO","logger":"com.jobportal.JobportalApplication","message":"Started JobportalApplication in 12.889 seconds (process running for 13.442)"}{"timestamp":"2026-09-01 12:06:35","level":"WARN","logger":"org.springdoc.core.events.SpringDocAppInitializer","message":"SpringDoc /v3/api-docs endpoint is enabled by default. To disable it in production, set the property 'springdoc.api-docs.enabled=false'"}{"timestamp":"2026-09-01 12:06:35","level":"WARN","logger":"org.springdoc.core.events.SpringDocAppInitializer","message":"SpringDoc /swagger-ui.html endpoint is enabled by default. To disable it in production, set the property 'springdoc.swagger-ui.enabled=false'"}{"timestamp":"2026-09-01 12:07:10","level":"INFO","logger":"org.apache.catalina.core.ContainerBase.[Tomcat].[localhost].[/]","message":"Initializing Spring DispatcherServlet 'dispatcherServlet'"}{"timestamp":"2026-09-01 12:07:10","level":"INFO","logger":"org.springframework.web.servlet.DispatcherServlet","message":"Initializing Servlet 'dispatcherServlet'"}{"timestamp":"2026-09-01 12:07:10","level":"INFO","logger":"org.springframework.web.servlet.DispatcherServlet","message":"Completed initialization in 2 ms"}{"timestamp":"2026-09-01 12:43:17","level":"INFO","logger":"org.springframework.boot.devtools.autoconfigure.LocalDevToolsAutoConfiguration$RestartingClassPathChangeChangedEventListener","message":"Restarting due to 2 class path changes (0 additions, 2 deletions, 0 modifications)"}{"timestamp":"2026-09-01 12:43:17","level":"INFO","logger":"org.springframework.boot.tomcat.GracefulShutdown","message":"Commencing graceful shutdown. Waiting for active requests to complete"}{"timestamp":"2026-09-01 12:43:17","level":"INFO","logger":"org.apache.coyote.http11.Http11NioProtocol","message":"Pausing ProtocolHandler ["http-nio-8080"]"}{"timestamp":"2026-09-01 12:43:17","level":"INFO","logger":"org.springframework.boot.tomcat.GracefulShutdown","message":"Graceful shutdown complete"}{"timestamp":"2026-09-01 12:43:17","level":"INFO","logger":"org.apache.coyote.http11.Http11NioProtocol","message":"Stopping ProtocolHandler ["http-nio-8080"]"}{"timestamp":"2026-09-01 12:43:17","level":"INFO","logger":"org.springframework.orm.jpa.LocalContainerEntityManagerFactoryBean","message":"Closing JPA EntityManagerFactory for persistence unit 'default'"}{"timestamp":"2026-09-01 12:43:17","level":"INFO","logger":"com.zaxxer.hikari.HikariDataSource","message":"HikariPool-1 - Shutdown initiated..."}{"timestamp":"2026-09-01 12:43:17","level":"INFO","logger":"com.zaxxer.hikari.HikariDataSource","message":"HikariPool-1 - Shutdown completed."}{"timestamp":"2026-09-01 12:43:17","level":"INFO","logger":"com.jobportal.JobportalApplication","message":"Starting JobportalApplication using Java 26.0.1 with PID 41058 (/home/samer/Desktop/java/projects/job-portal-spring/target/classes started by samer in /home/samer/Desktop/java/projects/job-portal-spring)"}{"timestamp":"2026-09-01 12:43:17","level":"INFO","logger":"com.jobportal.JobportalApplication","message":"No active profile set, falling back to 1 default profile: "default""}{"timestamp":"2026-09-01 12:43:17","level":"INFO","logger":"org.springframework.boot.docker.compose.lifecycle.DockerComposeLifecycleManager","message":"Using Docker Compose file /home/samer/Desktop/java/projects/job-portal-spring/compose.yml"}{"timestamp":"2026-09-01 12:43:17","level":"INFO","logger":"org.springframework.boot.docker.compose.lifecycle.DockerComposeLifecycleManager","message":"There are already Docker Compose services running, skipping startup"}{"timestamp":"2026-09-01 12:43:17","level":"WARN","logger":"org.springframework.boot.web.server.servlet.context.AnnotationConfigServletWebServerApplicationContext","message":"Exception encountered during context initialization - cancelling refresh attempt: org.springframework.beans.factory.BeanDefinitionStoreException: I/O failure while processing configuration class [com.jobportal.contact.service.impl.ContactsServiceImpl]"}{"timestamp":"2026-09-01 12:43:17","level":"ERROR","logger":"org.springframework.boot.SpringApplication","message":"Application run failed"}org.springframework.beans.factory.BeanDefinitionStoreException: I/O failure while processing configuration class [com.jobportal.contact.service.impl.ContactsServiceImpl]
	at org.springframework.context.annotation.ConfigurationClassParser.processConfigurationClass(ConfigurationClassParser.java:290)
	at org.springframework.context.annotation.ConfigurationClassParser.parse(ConfigurationClassParser.java:220)
	at org.springframework.context.annotation.ConfigurationClassParser.doProcessConfigurationClass(ConfigurationClassParser.java:357)
	at org.springframework.context.annotation.ConfigurationClassParser.processConfigurationClass(ConfigurationClassParser.java:285)
	at org.springframework.context.annotation.ConfigurationClassParser.parse(ConfigurationClassParser.java:206)
	at org.springframework.context.annotation.ConfigurationClassParser.parse(ConfigurationClassParser.java:174)
	at org.springframework.context.annotation.ConfigurationClassPostProcessor.processConfigBeanDefinitions(ConfigurationClassPostProcessor.java:452)
	at org.springframework.context.annotation.ConfigurationClassPostProcessor.postProcessBeanDefinitionRegistry(ConfigurationClassPostProcessor.java:316)
	at org.springframework.context.support.PostProcessorRegistrationDelegate.invokeBeanDefinitionRegistryPostProcessors(PostProcessorRegistrationDelegate.java:349)
	at org.springframework.context.support.PostProcessorRegistrationDelegate.invokeBeanFactoryPostProcessors(PostProcessorRegistrationDelegate.java:118)
	at org.springframework.context.support.AbstractApplicationContext.invokeBeanFactoryPostProcessors(AbstractApplicationContext.java:795)
	at org.springframework.context.support.AbstractApplicationContext.refresh(AbstractApplicationContext.java:603)
	at org.springframework.boot.web.server.servlet.context.ServletWebServerApplicationContext.refresh(ServletWebServerApplicationContext.java:143)
	at org.springframework.boot.SpringApplication.refresh(SpringApplication.java:756)
	at org.springframework.boot.SpringApplication.refreshContext(SpringApplication.java:445)
	at org.springframework.boot.SpringApplication.run(SpringApplication.java:321)
	at org.springframework.boot.SpringApplication.run(SpringApplication.java:1365)
	at org.springframework.boot.SpringApplication.run(SpringApplication.java:1354)
	at com.jobportal.JobportalApplication.main(JobportalApplication.java:12)
	at java.base/jdk.internal.reflect.DirectMethodHandleAccessor.invoke(DirectMethodHandleAccessor.java:104)
	at java.base/java.lang.reflect.Method.invoke(Method.java:565)
	at org.springframework.boot.devtools.restart.RestartLauncher.run(RestartLauncher.java:52)
Caused by: java.io.FileNotFoundException: class path resource [com/jobportal/contact/service/IContactsService.class] cannot be opened because it does not exist
	at org.springframework.core.io.ClassPathResource.getInputStream(ClassPathResource.java:212)
	at org.springframework.core.type.classreading.ClassFileMetadataReader.parseClassModel(ClassFileMetadataReader.java:49)
	at org.springframework.core.type.classreading.ClassFileMetadataReader.<init>(ClassFileMetadataReader.java:45)
	at org.springframework.core.type.classreading.ClassFileMetadataReaderFactory.getMetadataReader(ClassFileMetadataReaderFactory.java:62)
	at org.springframework.core.type.classreading.CachingMetadataReaderFactory.getMetadataReader(CachingMetadataReaderFactory.java:127)
	at org.springframework.core.type.classreading.AbstractMetadataReaderFactory.getMetadataReader(AbstractMetadataReaderFactory.java:62)
	at org.springframework.core.type.classreading.CachingMetadataReaderFactory.getMetadataReader(CachingMetadataReaderFactory.java:40)
	at org.springframework.context.annotation.ConfigurationClassParser.asSourceClass(ConfigurationClassParser.java:730)
	at org.springframework.context.annotation.ConfigurationClassParser$SourceClass.getInterfaces(ConfigurationClassParser.java:1076)
	at org.springframework.context.annotation.ConfigurationClassParser.collectImports(ConfigurationClassParser.java:568)
	at org.springframework.context.annotation.ConfigurationClassParser.getImports(ConfigurationClassParser.java:543)
	at org.springframework.context.annotation.ConfigurationClassParser.doProcessConfigurationClass(ConfigurationClassParser.java:364)
	at org.springframework.context.annotation.ConfigurationClassParser.processConfigurationClass(ConfigurationClassParser.java:285)
	... 21 common frames omitted
{"timestamp":"2026-09-01 12:44:05","level":"INFO","logger":"com.jobportal.JobportalApplication","message":"Starting JobportalApplication using Java 26.0.1 with PID 41058 (/home/samer/Desktop/java/projects/job-portal-spring/target/classes started by samer in /home/samer/Desktop/java/projects/job-portal-spring)"}{"timestamp":"2026-09-01 12:44:05","level":"INFO","logger":"com.jobportal.JobportalApplication","message":"No active profile set, falling back to 1 default profile: "default""}{"timestamp":"2026-09-01 12:44:05","level":"INFO","logger":"org.springframework.boot.docker.compose.lifecycle.DockerComposeLifecycleManager","message":"Using Docker Compose file /home/samer/Desktop/java/projects/job-portal-spring/compose.yml"}{"timestamp":"2026-09-01 12:44:06","level":"INFO","logger":"org.springframework.boot.docker.compose.lifecycle.DockerComposeLifecycleManager","message":"There are already Docker Compose services running, skipping startup"}{"timestamp":"2026-09-01 12:44:06","level":"INFO","logger":"org.springframework.data.repository.config.RepositoryConfigurationDelegate","message":"Bootstrapping Spring Data JPA repositories in DEFAULT mode."}{"timestamp":"2026-09-01 12:44:06","level":"INFO","logger":"org.springframework.data.repository.config.RepositoryConfigurationDelegate","message":"Finished Spring Data repository scanning in 6 ms. Found 4 JPA repository interfaces."}{"timestamp":"2026-09-01 12:44:06","level":"INFO","logger":"org.springframework.boot.tomcat.TomcatWebServer","message":"Tomcat initialized with port 8080 (http)"}{"timestamp":"2026-09-01 12:44:06","level":"INFO","logger":"org.apache.coyote.http11.Http11NioProtocol","message":"Initializing ProtocolHandler ["http-nio-8080"]"}{"timestamp":"2026-09-01 12:44:06","level":"INFO","logger":"org.apache.catalina.core.StandardService","message":"Starting service [Tomcat]"}{"timestamp":"2026-09-01 12:44:06","level":"INFO","logger":"org.apache.catalina.core.StandardEngine","message":"Starting Servlet engine: [Apache Tomcat/11.0.22]"}{"timestamp":"2026-09-01 12:44:06","level":"INFO","logger":"org.springframework.boot.web.context.servlet.WebApplicationContextInitializer","message":"Root WebApplicationContext: initialization completed in 278 ms"}{"timestamp":"2026-09-01 12:44:06","level":"INFO","logger":"com.zaxxer.hikari.HikariDataSource","message":"HikariPool-2 - Starting..."}{"timestamp":"2026-09-01 12:44:06","level":"INFO","logger":"com.zaxxer.hikari.pool.HikariPool","message":"HikariPool-2 - Added connection com.mysql.cj.jdbc.ConnectionImpl@23e6a60e"}{"timestamp":"2026-09-01 12:44:06","level":"INFO","logger":"com.zaxxer.hikari.HikariDataSource","message":"HikariPool-2 - Start completed."}{"timestamp":"2026-09-01 12:44:06","level":"INFO","logger":"org.hibernate.orm.jpa","message":"HHH008540: Processing PersistenceUnitInfo [name: default]"}{"timestamp":"2026-09-01 12:44:06","level":"INFO","logger":"org.springframework.orm.jpa.persistenceunit.SpringPersistenceUnitInfo","message":"No LoadTimeWeaver setup: ignoring JPA class transformer"}{"timestamp":"2026-09-01 12:44:06","level":"INFO","logger":"org.hibernate.orm.connections.pooling","message":"HHH10001005: Database info:
	Database JDBC URL [jdbc:mysql://127.0.0.1:3307/jobportal]
	Database driver: MySQL Connector/J
	Database dialect: MySQLDialect
	Database version: 26.7
	Default catalog/schema: jobportal/undefined
	Autocommit mode: undefined/unknown
	Isolation level: REPEATABLE_READ [default REPEATABLE_READ]
	JDBC fetch size: none
	Pool: DataSourceConnectionProvider
	Minimum pool size: undefined/unknown
	Maximum pool size: undefined/unknown"}{"timestamp":"2026-09-01 12:44:06","level":"INFO","logger":"org.hibernate.orm.core","message":"HHH000489: No JTA platform available (set 'hibernate.transaction.jta.platform' to enable JTA platform integration)"}{"timestamp":"2026-09-01 12:44:06","level":"INFO","logger":"org.springframework.orm.jpa.LocalContainerEntityManagerFactoryBean","message":"Initialized JPA EntityManagerFactory for persistence unit 'default'"}{"timestamp":"2026-09-01 12:44:06","level":"WARN","logger":"org.springframework.boot.jpa.autoconfigure.JpaBaseConfiguration$JpaWebConfiguration","message":"spring.jpa.open-in-view is enabled by default. Therefore, database queries may be performed during view rendering. Explicitly configure spring.jpa.open-in-view to disable this warning"}{"timestamp":"2026-09-01 12:44:06","level":"INFO","logger":"org.springframework.security.config.annotation.authentication.configuration.InitializeAuthenticationProviderBeanManagerConfigurer$InitializeAuthenticationProviderManagerConfigurer","message":"Global AuthenticationManager configured with AuthenticationProvider bean with name jobPortalUsernamePwdAuthenticationProvider"}{"timestamp":"2026-09-01 12:44:06","level":"INFO","logger":"org.apache.coyote.http11.Http11NioProtocol","message":"Starting ProtocolHandler ["http-nio-8080"]"}{"timestamp":"2026-09-01 12:44:06","level":"INFO","logger":"org.springframework.boot.tomcat.TomcatWebServer","message":"Tomcat started on port 8080 (http) with context path '/'"}{"timestamp":"2026-09-01 12:44:06","level":"INFO","logger":"com.jobportal.JobportalApplication","message":"Started JobportalApplication in 1.004 seconds (process running for 2264.441)"}{"timestamp":"2026-09-01 12:44:06","level":"INFO","logger":"org.springframework.boot.devtools.autoconfigure.ConditionEvaluationDeltaLoggingListener","message":"Condition evaluation unchanged"}{"timestamp":"2026-09-01 12:44:06","level":"WARN","logger":"org.springdoc.core.events.SpringDocAppInitializer","message":"SpringDoc /v3/api-docs endpoint is enabled by default. To disable it in production, set the property 'springdoc.api-docs.enabled=false'"}{"timestamp":"2026-09-01 12:44:06","level":"WARN","logger":"org.springdoc.core.events.SpringDocAppInitializer","message":"SpringDoc /swagger-ui.html endpoint is enabled by default. To disable it in production, set the property 'springdoc.swagger-ui.enabled=false'"}{"timestamp":"2026-09-01 12:44:08","level":"INFO","logger":"org.springframework.boot.devtools.autoconfigure.LocalDevToolsAutoConfiguration$RestartingClassPathChangeChangedEventListener","message":"Restarting due to 3 class path changes (3 additions, 0 deletions, 0 modifications)"}{"timestamp":"2026-09-01 12:44:08","level":"INFO","logger":"org.springframework.boot.tomcat.GracefulShutdown","message":"Commencing graceful shutdown. Waiting for active requests to complete"}{"timestamp":"2026-09-01 12:44:08","level":"INFO","logger":"org.apache.coyote.http11.Http11NioProtocol","message":"Pausing ProtocolHandler ["http-nio-8080"]"}{"timestamp":"2026-09-01 12:44:08","level":"INFO","logger":"org.springframework.boot.tomcat.GracefulShutdown","message":"Graceful shutdown complete"}{"timestamp":"2026-09-01 12:44:08","level":"INFO","logger":"org.apache.coyote.http11.Http11NioProtocol","message":"Stopping ProtocolHandler ["http-nio-8080"]"}{"timestamp":"2026-09-01 12:44:08","level":"INFO","logger":"org.springframework.orm.jpa.LocalContainerEntityManagerFactoryBean","message":"Closing JPA EntityManagerFactory for persistence unit 'default'"}{"timestamp":"2026-09-01 12:44:08","level":"INFO","logger":"com.zaxxer.hikari.HikariDataSource","message":"HikariPool-2 - Shutdown initiated..."}{"timestamp":"2026-09-01 12:44:08","level":"INFO","logger":"com.zaxxer.hikari.HikariDataSource","message":"HikariPool-2 - Shutdown completed."}{"timestamp":"2026-09-01 12:44:08","level":"INFO","logger":"com.jobportal.JobportalApplication","message":"Starting JobportalApplication using Java 26.0.1 with PID 41058 (/home/samer/Desktop/java/projects/job-portal-spring/target/classes started by samer in /home/samer/Desktop/java/projects/job-portal-spring)"}{"timestamp":"2026-09-01 12:44:08","level":"INFO","logger":"com.jobportal.JobportalApplication","message":"No active profile set, falling back to 1 default profile: "default""}{"timestamp":"2026-09-01 12:44:08","level":"INFO","logger":"org.springframework.boot.docker.compose.lifecycle.DockerComposeLifecycleManager","message":"Using Docker Compose file /home/samer/Desktop/java/projects/job-portal-spring/compose.yml"}{"timestamp":"2026-09-01 12:44:08","level":"INFO","logger":"org.springframework.boot.docker.compose.lifecycle.DockerComposeLifecycleManager","message":"There are already Docker Compose services running, skipping startup"}{"timestamp":"2026-09-01 12:44:08","level":"INFO","logger":"org.springframework.data.repository.config.RepositoryConfigurationDelegate","message":"Bootstrapping Spring Data JPA repositories in DEFAULT mode."}{"timestamp":"2026-09-01 12:44:08","level":"INFO","logger":"org.springframework.data.repository.config.RepositoryConfigurationDelegate","message":"Finished Spring Data repository scanning in 10 ms. Found 4 JPA repository interfaces."}{"timestamp":"2026-09-01 12:44:08","level":"INFO","logger":"org.springframework.boot.tomcat.TomcatWebServer","message":"Tomcat initialized with port 8080 (http)"}{"timestamp":"2026-09-01 12:44:08","level":"INFO","logger":"org.apache.coyote.http11.Http11NioProtocol","message":"Initializing ProtocolHandler ["http-nio-8080"]"}{"timestamp":"2026-09-01 12:44:08","level":"INFO","logger":"org.apache.catalina.core.StandardService","message":"Starting service [Tomcat]"}{"timestamp":"2026-09-01 12:44:08","level":"INFO","logger":"org.apache.catalina.core.StandardEngine","message":"Starting Servlet engine: [Apache Tomcat/11.0.22]"}{"timestamp":"2026-09-01 12:44:08","level":"INFO","logger":"org.springframework.boot.web.context.servlet.WebApplicationContextInitializer","message":"Root WebApplicationContext: initialization completed in 284 ms"}{"timestamp":"2026-09-01 12:44:08","level":"INFO","logger":"com.zaxxer.hikari.HikariDataSource","message":"HikariPool-3 - Starting..."}{"timestamp":"2026-09-01 12:44:08","level":"INFO","logger":"com.zaxxer.hikari.pool.HikariPool","message":"HikariPool-3 - Added connection com.mysql.cj.jdbc.ConnectionImpl@4b63db79"}{"timestamp":"2026-09-01 12:44:08","level":"INFO","logger":"com.zaxxer.hikari.HikariDataSource","message":"HikariPool-3 - Start completed."}{"timestamp":"2026-09-01 12:44:08","level":"INFO","logger":"org.hibernate.orm.jpa","message":"HHH008540: Processing PersistenceUnitInfo [name: default]"}{"timestamp":"2026-09-01 12:44:08","level":"INFO","logger":"org.springframework.orm.jpa.persistenceunit.SpringPersistenceUnitInfo","message":"No LoadTimeWeaver setup: ignoring JPA class transformer"}{"timestamp":"2026-09-01 12:44:08","level":"INFO","logger":"org.hibernate.orm.connections.pooling","message":"HHH10001005: Database info:
	Database JDBC URL [jdbc:mysql://127.0.0.1:3307/jobportal]
	Database driver: MySQL Connector/J
	Database dialect: MySQLDialect
	Database version: 26.7
	Default catalog/schema: jobportal/undefined
	Autocommit mode: undefined/unknown
	Isolation level: REPEATABLE_READ [default REPEATABLE_READ]
	JDBC fetch size: none
	Pool: DataSourceConnectionProvider
	Minimum pool size: undefined/unknown
	Maximum pool size: undefined/unknown"}{"timestamp":"2026-09-01 12:44:09","level":"INFO","logger":"org.hibernate.orm.core","message":"HHH000489: No JTA platform available (set 'hibernate.transaction.jta.platform' to enable JTA platform integration)"}{"timestamp":"2026-09-01 12:44:09","level":"INFO","logger":"org.springframework.orm.jpa.LocalContainerEntityManagerFactoryBean","message":"Initialized JPA EntityManagerFactory for persistence unit 'default'"}{"timestamp":"2026-09-01 12:44:09","level":"WARN","logger":"org.springframework.boot.jpa.autoconfigure.JpaBaseConfiguration$JpaWebConfiguration","message":"spring.jpa.open-in-view is enabled by default. Therefore, database queries may be performed during view rendering. Explicitly configure spring.jpa.open-in-view to disable this warning"}{"timestamp":"2026-09-01 12:44:09","level":"INFO","logger":"org.springframework.security.config.annotation.authentication.configuration.InitializeAuthenticationProviderBeanManagerConfigurer$InitializeAuthenticationProviderManagerConfigurer","message":"Global AuthenticationManager configured with AuthenticationProvider bean with name jobPortalUsernamePwdAuthenticationProvider"}{"timestamp":"2026-09-01 12:44:09","level":"INFO","logger":"org.apache.coyote.http11.Http11NioProtocol","message":"Starting ProtocolHandler ["http-nio-8080"]"}{"timestamp":"2026-09-01 12:44:09","level":"INFO","logger":"org.springframework.boot.tomcat.TomcatWebServer","message":"Tomcat started on port 8080 (http) with context path '/'"}{"timestamp":"2026-09-01 12:44:09","level":"INFO","logger":"com.jobportal.JobportalApplication","message":"Started JobportalApplication in 1.145 seconds (process running for 2267.057)"}{"timestamp":"2026-09-01 12:44:09","level":"INFO","logger":"org.springframework.boot.devtools.autoconfigure.ConditionEvaluationDeltaLoggingListener","message":"Condition evaluation unchanged"}{"timestamp":"2026-09-01 12:44:09","level":"WARN","logger":"org.springdoc.core.events.SpringDocAppInitializer","message":"SpringDoc /v3/api-docs endpoint is enabled by default. To disable it in production, set the property 'springdoc.api-docs.enabled=false'"}{"timestamp":"2026-09-01 12:44:09","level":"WARN","logger":"org.springdoc.core.events.SpringDocAppInitializer","message":"SpringDoc /swagger-ui.html endpoint is enabled by default. To disable it in production, set the property 'springdoc.swagger-ui.enabled=false'"}{"timestamp":"2026-09-01 12:45:57","level":"INFO","logger":"org.springframework.boot.devtools.autoconfigure.LocalDevToolsAutoConfiguration$RestartingClassPathChangeChangedEventListener","message":"Restarting due to 2 class path changes (0 additions, 0 deletions, 2 modifications)"}{"timestamp":"2026-09-01 12:45:57","level":"INFO","logger":"org.springframework.boot.tomcat.GracefulShutdown","message":"Commencing graceful shutdown. Waiting for active requests to complete"}{"timestamp":"2026-09-01 12:45:57","level":"INFO","logger":"org.apache.coyote.http11.Http11NioProtocol","message":"Pausing ProtocolHandler ["http-nio-8080"]"}{"timestamp":"2026-09-01 12:45:57","level":"INFO","logger":"org.springframework.boot.tomcat.GracefulShutdown","message":"Graceful shutdown complete"}{"timestamp":"2026-09-01 12:45:57","level":"INFO","logger":"org.apache.coyote.http11.Http11NioProtocol","message":"Stopping ProtocolHandler ["http-nio-8080"]"}{"timestamp":"2026-09-01 12:45:57","level":"INFO","logger":"org.springframework.orm.jpa.LocalContainerEntityManagerFactoryBean","message":"Closing JPA EntityManagerFactory for persistence unit 'default'"}{"timestamp":"2026-09-01 12:45:57","level":"INFO","logger":"com.zaxxer.hikari.HikariDataSource","message":"HikariPool-3 - Shutdown initiated..."}{"timestamp":"2026-09-01 12:45:57","level":"INFO","logger":"com.zaxxer.hikari.HikariDataSource","message":"HikariPool-3 - Shutdown completed."}{"timestamp":"2026-09-01 12:45:57","level":"INFO","logger":"com.jobportal.JobportalApplication","message":"Starting JobportalApplication using Java 26.0.1 with PID 41058 (/home/samer/Desktop/java/projects/job-portal-spring/target/classes started by samer in /home/samer/Desktop/java/projects/job-portal-spring)"}{"timestamp":"2026-09-01 12:45:57","level":"INFO","logger":"com.jobportal.JobportalApplication","message":"No active profile set, falling back to 1 default profile: "default""}{"timestamp":"2026-09-01 12:45:57","level":"INFO","logger":"org.springframework.boot.docker.compose.lifecycle.DockerComposeLifecycleManager","message":"Using Docker Compose file /home/samer/Desktop/java/projects/job-portal-spring/compose.yml"}{"timestamp":"2026-09-01 12:45:57","level":"INFO","logger":"org.springframework.boot.docker.compose.lifecycle.DockerComposeLifecycleManager","message":"There are already Docker Compose services running, skipping startup"}{"timestamp":"2026-09-01 12:45:57","level":"INFO","logger":"org.springframework.data.repository.config.RepositoryConfigurationDelegate","message":"Bootstrapping Spring Data JPA repositories in DEFAULT mode."}{"timestamp":"2026-09-01 12:45:57","level":"INFO","logger":"org.springframework.data.repository.config.RepositoryConfigurationDelegate","message":"Finished Spring Data repository scanning in 9 ms. Found 4 JPA repository interfaces."}{"timestamp":"2026-09-01 12:45:57","level":"INFO","logger":"org.springframework.boot.tomcat.TomcatWebServer","message":"Tomcat initialized with port 8080 (http)"}{"timestamp":"2026-09-01 12:45:57","level":"INFO","logger":"org.apache.coyote.http11.Http11NioProtocol","message":"Initializing ProtocolHandler ["http-nio-8080"]"}{"timestamp":"2026-09-01 12:45:57","level":"INFO","logger":"org.apache.catalina.core.StandardService","message":"Starting service [Tomcat]"}{"timestamp":"2026-09-01 12:45:57","level":"INFO","logger":"org.apache.catalina.core.StandardEngine","message":"Starting Servlet engine: [Apache Tomcat/11.0.22]"}{"timestamp":"2026-09-01 12:45:57","level":"INFO","logger":"org.springframework.boot.web.context.servlet.WebApplicationContextInitializer","message":"Root WebApplicationContext: initialization completed in 258 ms"}{"timestamp":"2026-09-01 12:45:57","level":"INFO","logger":"com.zaxxer.hikari.HikariDataSource","message":"HikariPool-4 - Starting..."}{"timestamp":"2026-09-01 12:45:57","level":"INFO","logger":"com.zaxxer.hikari.pool.HikariPool","message":"HikariPool-4 - Added connection com.mysql.cj.jdbc.ConnectionImpl@19a10dbf"}{"timestamp":"2026-09-01 12:45:57","level":"INFO","logger":"com.zaxxer.hikari.HikariDataSource","message":"HikariPool-4 - Start completed."}{"timestamp":"2026-09-01 12:45:57","level":"INFO","logger":"org.hibernate.orm.jpa","message":"HHH008540: Processing PersistenceUnitInfo [name: default]"}{"timestamp":"2026-09-01 12:45:57","level":"INFO","logger":"org.springframework.orm.jpa.persistenceunit.SpringPersistenceUnitInfo","message":"No LoadTimeWeaver setup: ignoring JPA class transformer"}{"timestamp":"2026-09-01 12:45:57","level":"INFO","logger":"org.hibernate.orm.connections.pooling","message":"HHH10001005: Database info:
	Database JDBC URL [jdbc:mysql://127.0.0.1:3307/jobportal]
	Database driver: MySQL Connector/J
	Database dialect: MySQLDialect
	Database version: 26.7
	Default catalog/schema: jobportal/undefined
	Autocommit mode: undefined/unknown
	Isolation level: REPEATABLE_READ [default REPEATABLE_READ]
	JDBC fetch size: none
	Pool: DataSourceConnectionProvider
	Minimum pool size: undefined/unknown
	Maximum pool size: undefined/unknown"}{"timestamp":"2026-09-01 12:45:57","level":"INFO","logger":"org.hibernate.orm.core","message":"HHH000489: No JTA platform available (set 'hibernate.transaction.jta.platform' to enable JTA platform integration)"}{"timestamp":"2026-09-01 12:45:57","level":"INFO","logger":"org.springframework.orm.jpa.LocalContainerEntityManagerFactoryBean","message":"Initialized JPA EntityManagerFactory for persistence unit 'default'"}{"timestamp":"2026-09-01 12:45:58","level":"WARN","logger":"org.springframework.boot.jpa.autoconfigure.JpaBaseConfiguration$JpaWebConfiguration","message":"spring.jpa.open-in-view is enabled by default. Therefore, database queries may be performed during view rendering. Explicitly configure spring.jpa.open-in-view to disable this warning"}{"timestamp":"2026-09-01 12:45:58","level":"INFO","logger":"org.springframework.security.config.annotation.authentication.configuration.InitializeAuthenticationProviderBeanManagerConfigurer$InitializeAuthenticationProviderManagerConfigurer","message":"Global AuthenticationManager configured with AuthenticationProvider bean with name jobPortalUsernamePwdAuthenticationProvider"}{"timestamp":"2026-09-01 12:45:58","level":"INFO","logger":"org.apache.coyote.http11.Http11NioProtocol","message":"Starting ProtocolHandler ["http-nio-8080"]"}{"timestamp":"2026-09-01 12:45:58","level":"INFO","logger":"org.springframework.boot.tomcat.TomcatWebServer","message":"Tomcat started on port 8080 (http) with context path '/'"}{"timestamp":"2026-09-01 12:45:58","level":"INFO","logger":"com.jobportal.JobportalApplication","message":"Started JobportalApplication in 0.99 seconds (process running for 2375.829)"}{"timestamp":"2026-09-01 12:45:58","level":"INFO","logger":"org.springframework.boot.devtools.autoconfigure.ConditionEvaluationDeltaLoggingListener","message":"Condition evaluation unchanged"}{"timestamp":"2026-09-01 12:45:58","level":"WARN","logger":"org.springdoc.core.events.SpringDocAppInitializer","message":"SpringDoc /v3/api-docs endpoint is enabled by default. To disable it in production, set the property 'springdoc.api-docs.enabled=false'"}{"timestamp":"2026-09-01 12:45:58","level":"WARN","logger":"org.springdoc.core.events.SpringDocAppInitializer","message":"SpringDoc /swagger-ui.html endpoint is enabled by default. To disable it in production, set the property 'springdoc.swagger-ui.enabled=false'"}{"timestamp":"2026-09-01 12:46:07","level":"INFO","logger":"org.springframework.boot.devtools.autoconfigure.LocalDevToolsAutoConfiguration$RestartingClassPathChangeChangedEventListener","message":"Restarting due to 1 class path change (0 additions, 1 deletion, 0 modifications)"}{"timestamp":"2026-09-01 12:46:07","level":"INFO","logger":"org.springframework.boot.tomcat.GracefulShutdown","message":"Commencing graceful shutdown. Waiting for active requests to complete"}{"timestamp":"2026-09-01 12:46:07","level":"INFO","logger":"org.apache.coyote.http11.Http11NioProtocol","message":"Pausing ProtocolHandler ["http-nio-8080"]"}{"timestamp":"2026-09-01 12:46:07","level":"INFO","logger":"org.springframework.boot.tomcat.GracefulShutdown","message":"Graceful shutdown complete"}{"timestamp":"2026-09-01 12:46:07","level":"INFO","logger":"org.apache.coyote.http11.Http11NioProtocol","message":"Stopping ProtocolHandler ["http-nio-8080"]"}{"timestamp":"2026-09-01 12:46:07","level":"INFO","logger":"org.springframework.orm.jpa.LocalContainerEntityManagerFactoryBean","message":"Closing JPA EntityManagerFactory for persistence unit 'default'"}{"timestamp":"2026-09-01 12:46:07","level":"INFO","logger":"com.zaxxer.hikari.HikariDataSource","message":"HikariPool-4 - Shutdown initiated..."}{"timestamp":"2026-09-01 12:46:07","level":"INFO","logger":"com.zaxxer.hikari.HikariDataSource","message":"HikariPool-4 - Shutdown completed."}{"timestamp":"2026-09-01 12:46:07","level":"INFO","logger":"com.jobportal.JobportalApplication","message":"Starting JobportalApplication using Java 26.0.1 with PID 41058 (/home/samer/Desktop/java/projects/job-portal-spring/target/classes started by samer in /home/samer/Desktop/java/projects/job-portal-spring)"}{"timestamp":"2026-09-01 12:46:07","level":"INFO","logger":"com.jobportal.JobportalApplication","message":"No active profile set, falling back to 1 default profile: "default""}{"timestamp":"2026-09-01 12:46:07","level":"INFO","logger":"org.springframework.boot.docker.compose.lifecycle.DockerComposeLifecycleManager","message":"Using Docker Compose file /home/samer/Desktop/java/projects/job-portal-spring/compose.yml"}{"timestamp":"2026-09-01 12:46:07","level":"INFO","logger":"org.springframework.boot.docker.compose.lifecycle.DockerComposeLifecycleManager","message":"There are already Docker Compose services running, skipping startup"}{"timestamp":"2026-09-01 12:46:08","level":"INFO","logger":"org.springframework.data.repository.config.RepositoryConfigurationDelegate","message":"Bootstrapping Spring Data JPA repositories in DEFAULT mode."}{"timestamp":"2026-09-01 12:46:08","level":"INFO","logger":"org.springframework.data.repository.config.RepositoryConfigurationDelegate","message":"Finished Spring Data repository scanning in 9 ms. Found 4 JPA repository interfaces."}{"timestamp":"2026-09-01 12:46:08","level":"INFO","logger":"org.springframework.boot.tomcat.TomcatWebServer","message":"Tomcat initialized with port 8080 (http)"}{"timestamp":"2026-09-01 12:46:08","level":"INFO","logger":"org.apache.coyote.http11.Http11NioProtocol","message":"Initializing ProtocolHandler ["http-nio-8080"]"}{"timestamp":"2026-09-01 12:46:08","level":"INFO","logger":"org.apache.catalina.core.StandardService","message":"Starting service [Tomcat]"}{"timestamp":"2026-09-01 12:46:08","level":"INFO","logger":"org.apache.catalina.core.StandardEngine","message":"Starting Servlet engine: [Apache Tomcat/11.0.22]"}{"timestamp":"2026-09-01 12:46:08","level":"INFO","logger":"org.springframework.boot.web.context.servlet.WebApplicationContextInitializer","message":"Root WebApplicationContext: initialization completed in 235 ms"}{"timestamp":"2026-09-01 12:46:08","level":"INFO","logger":"com.zaxxer.hikari.HikariDataSource","message":"HikariPool-5 - Starting..."}{"timestamp":"2026-09-01 12:46:08","level":"INFO","logger":"com.zaxxer.hikari.pool.HikariPool","message":"HikariPool-5 - Added connection com.mysql.cj.jdbc.ConnectionImpl@7ab4aa4"}{"timestamp":"2026-09-01 12:46:08","level":"INFO","logger":"com.zaxxer.hikari.HikariDataSource","message":"HikariPool-5 - Start completed."}{"timestamp":"2026-09-01 12:46:08","level":"INFO","logger":"org.hibernate.orm.jpa","message":"HHH008540: Processing PersistenceUnitInfo [name: default]"}{"timestamp":"2026-09-01 12:46:08","level":"INFO","logger":"org.springframework.orm.jpa.persistenceunit.SpringPersistenceUnitInfo","message":"No LoadTimeWeaver setup: ignoring JPA class transformer"}{"timestamp":"2026-09-01 12:46:08","level":"INFO","logger":"org.hibernate.orm.connections.pooling","message":"HHH10001005: Database info:
	Database JDBC URL [jdbc:mysql://127.0.0.1:3307/jobportal]
	Database driver: MySQL Connector/J
	Database dialect: MySQLDialect
	Database version: 26.7
	Default catalog/schema: jobportal/undefined
	Autocommit mode: undefined/unknown
	Isolation level: REPEATABLE_READ [default REPEATABLE_READ]
	JDBC fetch size: none
	Pool: DataSourceConnectionProvider
	Minimum pool size: undefined/unknown
	Maximum pool size: undefined/unknown"}{"timestamp":"2026-09-01 12:46:08","level":"INFO","logger":"org.hibernate.orm.core","message":"HHH000489: No JTA platform available (set 'hibernate.transaction.jta.platform' to enable JTA platform integration)"}{"timestamp":"2026-09-01 12:46:08","level":"INFO","logger":"org.springframework.orm.jpa.LocalContainerEntityManagerFactoryBean","message":"Initialized JPA EntityManagerFactory for persistence unit 'default'"}{"timestamp":"2026-09-01 12:46:08","level":"WARN","logger":"org.springframework.boot.web.server.servlet.context.AnnotationConfigServletWebServerApplicationContext","message":"Exception encountered during context initialization - cancelling refresh attempt: org.springframework.beans.factory.UnsatisfiedDependencyException: Error creating bean with name 'contactController' defined in file [/home/samer/Desktop/java/projects/job-portal-spring/target/classes/com/jobportal/contact/controller/ContactController.class]: Unsatisfied dependency expressed through constructor parameter 0: No qualifying bean of type 'com.jobportal.contact.service.IContactsService' available: expected at least 1 bean which qualifies as autowire candidate. Dependency annotations: {}"}{"timestamp":"2026-09-01 12:46:08","level":"INFO","logger":"org.springframework.orm.jpa.LocalContainerEntityManagerFactoryBean","message":"Closing JPA EntityManagerFactory for persistence unit 'default'"}{"timestamp":"2026-09-01 12:46:08","level":"INFO","logger":"com.zaxxer.hikari.HikariDataSource","message":"HikariPool-5 - Shutdown initiated..."}{"timestamp":"2026-09-01 12:46:08","level":"INFO","logger":"com.zaxxer.hikari.HikariDataSource","message":"HikariPool-5 - Shutdown completed."}{"timestamp":"2026-09-01 12:46:08","level":"INFO","logger":"org.apache.catalina.core.StandardService","message":"Stopping service [Tomcat]"}{"timestamp":"2026-09-01 12:46:08","level":"INFO","logger":"org.springframework.boot.autoconfigure.logging.ConditionEvaluationReportLogger","message":"

Error starting ApplicationContext. To display the condition evaluation report re-run your application with 'debug' enabled."}{"timestamp":"2026-09-01 12:46:08","level":"ERROR","logger":"org.springframework.boot.diagnostics.LoggingFailureAnalysisReporter","message":"

***************************
APPLICATION FAILED TO START
***************************

Description:

Parameter 0 of constructor in com.jobportal.contact.controller.ContactController required a bean of type 'com.jobportal.contact.service.IContactsService' that could not be found.


Action:

Consider defining a bean of type 'com.jobportal.contact.service.IContactsService' in your configuration.
"}{"timestamp":"2026-09-01 12:46:34","level":"INFO","logger":"com.jobportal.JobportalApplication","message":"Starting JobportalApplication using Java 26.0.1 with PID 41058 (/home/samer/Desktop/java/projects/job-portal-spring/target/classes started by samer in /home/samer/Desktop/java/projects/job-portal-spring)"}{"timestamp":"2026-09-01 12:46:34","level":"INFO","logger":"com.jobportal.JobportalApplication","message":"No active profile set, falling back to 1 default profile: "default""}{"timestamp":"2026-09-01 12:46:34","level":"INFO","logger":"org.springframework.boot.docker.compose.lifecycle.DockerComposeLifecycleManager","message":"Using Docker Compose file /home/samer/Desktop/java/projects/job-portal-spring/compose.yml"}{"timestamp":"2026-09-01 12:46:34","level":"INFO","logger":"org.springframework.boot.docker.compose.lifecycle.DockerComposeLifecycleManager","message":"There are already Docker Compose services running, skipping startup"}{"timestamp":"2026-09-01 12:46:34","level":"INFO","logger":"org.springframework.data.repository.config.RepositoryConfigurationDelegate","message":"Bootstrapping Spring Data JPA repositories in DEFAULT mode."}{"timestamp":"2026-09-01 12:46:34","level":"INFO","logger":"org.springframework.data.repository.config.RepositoryConfigurationDelegate","message":"Finished Spring Data repository scanning in 8 ms. Found 3 JPA repository interfaces."}{"timestamp":"2026-09-01 12:46:34","level":"INFO","logger":"org.springframework.boot.tomcat.TomcatWebServer","message":"Tomcat initialized with port 8080 (http)"}{"timestamp":"2026-09-01 12:46:34","level":"INFO","logger":"org.apache.coyote.http11.Http11NioProtocol","message":"Initializing ProtocolHandler ["http-nio-8080"]"}{"timestamp":"2026-09-01 12:46:34","level":"INFO","logger":"org.apache.catalina.core.StandardService","message":"Starting service [Tomcat]"}{"timestamp":"2026-09-01 12:46:34","level":"INFO","logger":"org.apache.catalina.core.StandardEngine","message":"Starting Servlet engine: [Apache Tomcat/11.0.22]"}{"timestamp":"2026-09-01 12:46:34","level":"INFO","logger":"org.springframework.boot.web.context.servlet.WebApplicationContextInitializer","message":"Root WebApplicationContext: initialization completed in 265 ms"}{"timestamp":"2026-09-01 12:46:34","level":"INFO","logger":"com.zaxxer.hikari.HikariDataSource","message":"HikariPool-6 - Starting..."}{"timestamp":"2026-09-01 12:46:34","level":"INFO","logger":"com.zaxxer.hikari.pool.HikariPool","message":"HikariPool-6 - Added connection com.mysql.cj.jdbc.ConnectionImpl@4eb89562"}{"timestamp":"2026-09-01 12:46:34","level":"INFO","logger":"com.zaxxer.hikari.HikariDataSource","message":"HikariPool-6 - Start completed."}{"timestamp":"2026-09-01 12:46:34","level":"INFO","logger":"org.hibernate.orm.jpa","message":"HHH008540: Processing PersistenceUnitInfo [name: default]"}{"timestamp":"2026-09-01 12:46:34","level":"INFO","logger":"org.springframework.orm.jpa.persistenceunit.SpringPersistenceUnitInfo","message":"No LoadTimeWeaver setup: ignoring JPA class transformer"}{"timestamp":"2026-09-01 12:46:34","level":"INFO","logger":"org.hibernate.orm.connections.pooling","message":"HHH10001005: Database info:
	Database JDBC URL [jdbc:mysql://127.0.0.1:3307/jobportal]
	Database driver: MySQL Connector/J
	Database dialect: MySQLDialect
	Database version: 26.7
	Default catalog/schema: jobportal/undefined
	Autocommit mode: undefined/unknown
	Isolation level: REPEATABLE_READ [default REPEATABLE_READ]
	JDBC fetch size: none
	Pool: DataSourceConnectionProvider
	Minimum pool size: undefined/unknown
	Maximum pool size: undefined/unknown"}{"timestamp":"2026-09-01 12:46:34","level":"INFO","logger":"org.hibernate.orm.core","message":"HHH000489: No JTA platform available (set 'hibernate.transaction.jta.platform' to enable JTA platform integration)"}{"timestamp":"2026-09-01 12:46:34","level":"INFO","logger":"org.springframework.orm.jpa.LocalContainerEntityManagerFactoryBean","message":"Initialized JPA EntityManagerFactory for persistence unit 'default'"}{"timestamp":"2026-09-01 12:46:34","level":"WARN","logger":"org.springframework.boot.web.server.servlet.context.AnnotationConfigServletWebServerApplicationContext","message":"Exception encountered during context initialization - cancelling refresh attempt: org.springframework.beans.factory.UnsatisfiedDependencyException: Error creating bean with name 'contactController' defined in file [/home/samer/Desktop/java/projects/job-portal-spring/target/classes/com/jobportal/contact/controller/ContactController.class]: Unsatisfied dependency expressed through constructor parameter 0: No qualifying bean of type 'com.jobportal.contact.service.IContactsService' available: expected at least 1 bean which qualifies as autowire candidate. Dependency annotations: {}"}{"timestamp":"2026-09-01 12:46:34","level":"INFO","logger":"org.springframework.orm.jpa.LocalContainerEntityManagerFactoryBean","message":"Closing JPA EntityManagerFactory for persistence unit 'default'"}{"timestamp":"2026-09-01 12:46:34","level":"INFO","logger":"com.zaxxer.hikari.HikariDataSource","message":"HikariPool-6 - Shutdown initiated..."}{"timestamp":"2026-09-01 12:46:34","level":"INFO","logger":"com.zaxxer.hikari.HikariDataSource","message":"HikariPool-6 - Shutdown completed."}{"timestamp":"2026-09-01 12:46:34","level":"INFO","logger":"org.apache.catalina.core.StandardService","message":"Stopping service [Tomcat]"}{"timestamp":"2026-09-01 12:46:34","level":"INFO","logger":"org.springframework.boot.autoconfigure.logging.ConditionEvaluationReportLogger","message":"

Error starting ApplicationContext. To display the condition evaluation report re-run your application with 'debug' enabled."}{"timestamp":"2026-09-01 12:46:34","level":"ERROR","logger":"org.springframework.boot.diagnostics.LoggingFailureAnalysisReporter","message":"

***************************
APPLICATION FAILED TO START
***************************

Description:

Parameter 0 of constructor in com.jobportal.contact.controller.ContactController required a bean of type 'com.jobportal.contact.service.IContactsService' that could not be found.


Action:

Consider defining a bean of type 'com.jobportal.contact.service.IContactsService' in your configuration.
"}{"timestamp":"2026-09-01 12:47:31","level":"INFO","logger":"com.jobportal.JobportalApplication","message":"Starting JobportalApplication using Java 26.0.1 with PID 41058 (/home/samer/Desktop/java/projects/job-portal-spring/target/classes started by samer in /home/samer/Desktop/java/projects/job-portal-spring)"}{"timestamp":"2026-09-01 12:47:31","level":"INFO","logger":"com.jobportal.JobportalApplication","message":"No active profile set, falling back to 1 default profile: "default""}{"timestamp":"2026-09-01 12:47:31","level":"INFO","logger":"org.springframework.boot.docker.compose.lifecycle.DockerComposeLifecycleManager","message":"Using Docker Compose file /home/samer/Desktop/java/projects/job-portal-spring/compose.yml"}{"timestamp":"2026-09-01 12:47:31","level":"INFO","logger":"org.springframework.boot.docker.compose.lifecycle.DockerComposeLifecycleManager","message":"There are already Docker Compose services running, skipping startup"}{"timestamp":"2026-09-01 12:47:31","level":"INFO","logger":"org.springframework.data.repository.config.RepositoryConfigurationDelegate","message":"Bootstrapping Spring Data JPA repositories in DEFAULT mode."}{"timestamp":"2026-09-01 12:47:31","level":"INFO","logger":"org.springframework.data.repository.config.RepositoryConfigurationDelegate","message":"Finished Spring Data repository scanning in 10 ms. Found 4 JPA repository interfaces."}{"timestamp":"2026-09-01 12:47:31","level":"INFO","logger":"org.springframework.boot.tomcat.TomcatWebServer","message":"Tomcat initialized with port 8080 (http)"}{"timestamp":"2026-09-01 12:47:31","level":"INFO","logger":"org.apache.coyote.http11.Http11NioProtocol","message":"Initializing ProtocolHandler ["http-nio-8080"]"}{"timestamp":"2026-09-01 12:47:31","level":"INFO","logger":"org.apache.catalina.core.StandardService","message":"Starting service [Tomcat]"}{"timestamp":"2026-09-01 12:47:31","level":"INFO","logger":"org.apache.catalina.core.StandardEngine","message":"Starting Servlet engine: [Apache Tomcat/11.0.22]"}{"timestamp":"2026-09-01 12:47:31","level":"INFO","logger":"org.springframework.boot.web.context.servlet.WebApplicationContextInitializer","message":"Root WebApplicationContext: initialization completed in 207 ms"}{"timestamp":"2026-09-01 12:47:31","level":"INFO","logger":"com.zaxxer.hikari.HikariDataSource","message":"HikariPool-7 - Starting..."}{"timestamp":"2026-09-01 12:47:31","level":"INFO","logger":"com.zaxxer.hikari.pool.HikariPool","message":"HikariPool-7 - Added connection com.mysql.cj.jdbc.ConnectionImpl@5451c67"}{"timestamp":"2026-09-01 12:47:31","level":"INFO","logger":"com.zaxxer.hikari.HikariDataSource","message":"HikariPool-7 - Start completed."}{"timestamp":"2026-09-01 12:47:31","level":"INFO","logger":"org.hibernate.orm.jpa","message":"HHH008540: Processing PersistenceUnitInfo [name: default]"}{"timestamp":"2026-09-01 12:47:31","level":"INFO","logger":"org.springframework.orm.jpa.persistenceunit.SpringPersistenceUnitInfo","message":"No LoadTimeWeaver setup: ignoring JPA class transformer"}{"timestamp":"2026-09-01 12:47:31","level":"INFO","logger":"org.hibernate.orm.connections.pooling","message":"HHH10001005: Database info:
	Database JDBC URL [jdbc:mysql://127.0.0.1:3307/jobportal]
	Database driver: MySQL Connector/J
	Database dialect: MySQLDialect
	Database version: 26.7
	Default catalog/schema: jobportal/undefined
	Autocommit mode: undefined/unknown
	Isolation level: REPEATABLE_READ [default REPEATABLE_READ]
	JDBC fetch size: none
	Pool: DataSourceConnectionProvider
	Minimum pool size: undefined/unknown
	Maximum pool size: undefined/unknown"}{"timestamp":"2026-09-01 12:47:32","level":"INFO","logger":"org.hibernate.orm.core","message":"HHH000489: No JTA platform available (set 'hibernate.transaction.jta.platform' to enable JTA platform integration)"}{"timestamp":"2026-09-01 12:47:32","level":"INFO","logger":"org.springframework.orm.jpa.LocalContainerEntityManagerFactoryBean","message":"Initialized JPA EntityManagerFactory for persistence unit 'default'"}{"timestamp":"2026-09-01 12:47:32","level":"WARN","logger":"org.springframework.boot.jpa.autoconfigure.JpaBaseConfiguration$JpaWebConfiguration","message":"spring.jpa.open-in-view is enabled by default. Therefore, database queries may be performed during view rendering. Explicitly configure spring.jpa.open-in-view to disable this warning"}{"timestamp":"2026-09-01 12:47:32","level":"INFO","logger":"org.springframework.security.config.annotation.authentication.configuration.InitializeAuthenticationProviderBeanManagerConfigurer$InitializeAuthenticationProviderManagerConfigurer","message":"Global AuthenticationManager configured with AuthenticationProvider bean with name jobPortalUsernamePwdAuthenticationProvider"}{"timestamp":"2026-09-01 12:47:32","level":"INFO","logger":"org.apache.coyote.http11.Http11NioProtocol","message":"Starting ProtocolHandler ["http-nio-8080"]"}{"timestamp":"2026-09-01 12:47:32","level":"INFO","logger":"org.springframework.boot.tomcat.TomcatWebServer","message":"Tomcat started on port 8080 (http) with context path '/'"}{"timestamp":"2026-09-01 12:47:32","level":"INFO","logger":"com.jobportal.JobportalApplication","message":"Started JobportalApplication in 1.094 seconds (process running for 2470.049)"}{"timestamp":"2026-09-01 12:47:32","level":"INFO","logger":"org.springframework.boot.devtools.autoconfigure.ConditionEvaluationDeltaLoggingListener","message":"Condition evaluation unchanged"}{"timestamp":"2026-09-01 12:47:32","level":"WARN","logger":"org.springdoc.core.events.SpringDocAppInitializer","message":"SpringDoc /v3/api-docs endpoint is enabled by default. To disable it in production, set the property 'springdoc.api-docs.enabled=false'"}{"timestamp":"2026-09-01 12:47:32","level":"WARN","logger":"org.springdoc.core.events.SpringDocAppInitializer","message":"SpringDoc /swagger-ui.html endpoint is enabled by default. To disable it in production, set the property 'springdoc.swagger-ui.enabled=false'"}{"timestamp":"2026-09-01 12:48:06","level":"INFO","logger":"org.springframework.boot.devtools.autoconfigure.LocalDevToolsAutoConfiguration$RestartingClassPathChangeChangedEventListener","message":"Restarting due to 1 class path change (0 additions, 0 deletions, 1 modification)"}{"timestamp":"2026-09-01 12:48:06","level":"INFO","logger":"org.springframework.boot.tomcat.GracefulShutdown","message":"Commencing graceful shutdown. Waiting for active requests to complete"}{"timestamp":"2026-09-01 12:48:06","level":"INFO","logger":"org.apache.coyote.http11.Http11NioProtocol","message":"Pausing ProtocolHandler ["http-nio-8080"]"}{"timestamp":"2026-09-01 12:48:06","level":"INFO","logger":"org.springframework.boot.tomcat.GracefulShutdown","message":"Graceful shutdown complete"}{"timestamp":"2026-09-01 12:48:06","level":"INFO","logger":"org.apache.coyote.http11.Http11NioProtocol","message":"Stopping ProtocolHandler ["http-nio-8080"]"}{"timestamp":"2026-09-01 12:48:06","level":"INFO","logger":"org.springframework.orm.jpa.LocalContainerEntityManagerFactoryBean","message":"Closing JPA EntityManagerFactory for persistence unit 'default'"}{"timestamp":"2026-09-01 12:48:06","level":"INFO","logger":"com.zaxxer.hikari.HikariDataSource","message":"HikariPool-7 - Shutdown initiated..."}{"timestamp":"2026-09-01 12:48:06","level":"INFO","logger":"com.zaxxer.hikari.HikariDataSource","message":"HikariPool-7 - Shutdown completed."}{"timestamp":"2026-09-01 12:48:06","level":"INFO","logger":"com.jobportal.JobportalApplication","message":"Starting JobportalApplication using Java 26.0.1 with PID 41058 (/home/samer/Desktop/java/projects/job-portal-spring/target/classes started by samer in /home/samer/Desktop/java/projects/job-portal-spring)"}{"timestamp":"2026-09-01 12:48:06","level":"INFO","logger":"com.jobportal.JobportalApplication","message":"No active profile set, falling back to 1 default profile: "default""}{"timestamp":"2026-09-01 12:48:06","level":"INFO","logger":"org.springframework.boot.docker.compose.lifecycle.DockerComposeLifecycleManager","message":"Using Docker Compose file /home/samer/Desktop/java/projects/job-portal-spring/compose.yml"}{"timestamp":"2026-09-01 12:48:06","level":"INFO","logger":"org.springframework.boot.docker.compose.lifecycle.DockerComposeLifecycleManager","message":"There are already Docker Compose services running, skipping startup"}{"timestamp":"2026-09-01 12:48:06","level":"INFO","logger":"org.springframework.data.repository.config.RepositoryConfigurationDelegate","message":"Bootstrapping Spring Data JPA repositories in DEFAULT mode."}{"timestamp":"2026-09-01 12:48:06","level":"INFO","logger":"org.springframework.data.repository.config.RepositoryConfigurationDelegate","message":"Finished Spring Data repository scanning in 9 ms. Found 4 JPA repository interfaces."}{"timestamp":"2026-09-01 12:48:06","level":"INFO","logger":"org.springframework.boot.tomcat.TomcatWebServer","message":"Tomcat initialized with port 8080 (http)"}{"timestamp":"2026-09-01 12:48:06","level":"INFO","logger":"org.apache.coyote.http11.Http11NioProtocol","message":"Initializing ProtocolHandler ["http-nio-8080"]"}{"timestamp":"2026-09-01 12:48:06","level":"INFO","logger":"org.apache.catalina.core.StandardService","message":"Starting service [Tomcat]"}{"timestamp":"2026-09-01 12:48:06","level":"INFO","logger":"org.apache.catalina.core.StandardEngine","message":"Starting Servlet engine: [Apache Tomcat/11.0.22]"}{"timestamp":"2026-09-01 12:48:06","level":"INFO","logger":"org.springframework.boot.web.context.servlet.WebApplicationContextInitializer","message":"Root WebApplicationContext: initialization completed in 254 ms"}{"timestamp":"2026-09-01 12:48:06","level":"INFO","logger":"com.zaxxer.hikari.HikariDataSource","message":"HikariPool-8 - Starting..."}{"timestamp":"2026-09-01 12:48:06","level":"INFO","logger":"com.zaxxer.hikari.pool.HikariPool","message":"HikariPool-8 - Added connection com.mysql.cj.jdbc.ConnectionImpl@71ffa306"}{"timestamp":"2026-09-01 12:48:06","level":"INFO","logger":"com.zaxxer.hikari.HikariDataSource","message":"HikariPool-8 - Start completed."}{"timestamp":"2026-09-01 12:48:06","level":"INFO","logger":"org.hibernate.orm.jpa","message":"HHH008540: Processing PersistenceUnitInfo [name: default]"}{"timestamp":"2026-09-01 12:48:06","level":"INFO","logger":"org.springframework.orm.jpa.persistenceunit.SpringPersistenceUnitInfo","message":"No LoadTimeWeaver setup: ignoring JPA class transformer"}{"timestamp":"2026-09-01 12:48:06","level":"INFO","logger":"org.hibernate.orm.connections.pooling","message":"HHH10001005: Database info:
	Database JDBC URL [jdbc:mysql://127.0.0.1:3307/jobportal]
	Database driver: MySQL Connector/J
	Database dialect: MySQLDialect
	Database version: 26.7
	Default catalog/schema: jobportal/undefined
	Autocommit mode: undefined/unknown
	Isolation level: REPEATABLE_READ [default REPEATABLE_READ]
	JDBC fetch size: none
	Pool: DataSourceConnectionProvider
	Minimum pool size: undefined/unknown
	Maximum pool size: undefined/unknown"}{"timestamp":"2026-09-01 12:48:07","level":"INFO","logger":"org.hibernate.orm.core","message":"HHH000489: No JTA platform available (set 'hibernate.transaction.jta.platform' to enable JTA platform integration)"}{"timestamp":"2026-09-01 12:48:07","level":"INFO","logger":"org.springframework.orm.jpa.LocalContainerEntityManagerFactoryBean","message":"Initialized JPA EntityManagerFactory for persistence unit 'default'"}{"timestamp":"2026-09-01 12:48:07","level":"WARN","logger":"org.springframework.boot.jpa.autoconfigure.JpaBaseConfiguration$JpaWebConfiguration","message":"spring.jpa.open-in-view is enabled by default. Therefore, database queries may be performed during view rendering. Explicitly configure spring.jpa.open-in-view to disable this warning"}{"timestamp":"2026-09-01 12:48:07","level":"INFO","logger":"org.springframework.security.config.annotation.authentication.configuration.InitializeAuthenticationProviderBeanManagerConfigurer$InitializeAuthenticationProviderManagerConfigurer","message":"Global AuthenticationManager configured with AuthenticationProvider bean with name jobPortalUsernamePwdAuthenticationProvider"}{"timestamp":"2026-09-01 12:48:07","level":"INFO","logger":"org.apache.coyote.http11.Http11NioProtocol","message":"Starting ProtocolHandler ["http-nio-8080"]"}{"timestamp":"2026-09-01 12:48:07","level":"INFO","logger":"org.springframework.boot.tomcat.TomcatWebServer","message":"Tomcat started on port 8080 (http) with context path '/'"}{"timestamp":"2026-09-01 12:48:07","level":"INFO","logger":"com.jobportal.JobportalApplication","message":"Started JobportalApplication in 1.107 seconds (process running for 2505.081)"}{"timestamp":"2026-09-01 12:48:07","level":"INFO","logger":"org.springframework.boot.devtools.autoconfigure.ConditionEvaluationDeltaLoggingListener","message":"Condition evaluation unchanged"}{"timestamp":"2026-09-01 12:48:07","level":"WARN","logger":"org.springdoc.core.events.SpringDocAppInitializer","message":"SpringDoc /v3/api-docs endpoint is enabled by default. To disable it in production, set the property 'springdoc.api-docs.enabled=false'"}{"timestamp":"2026-09-01 12:48:07","level":"WARN","logger":"org.springdoc.core.events.SpringDocAppInitializer","message":"SpringDoc /swagger-ui.html endpoint is enabled by default. To disable it in production, set the property 'springdoc.swagger-ui.enabled=false'"}{"timestamp":"2026-09-01 12:48:14","level":"INFO","logger":"org.springframework.boot.devtools.autoconfigure.LocalDevToolsAutoConfiguration$RestartingClassPathChangeChangedEventListener","message":"Restarting due to 1 class path change (0 additions, 0 deletions, 1 modification)"}{"timestamp":"2026-09-01 12:48:14","level":"INFO","logger":"org.springframework.boot.tomcat.GracefulShutdown","message":"Commencing graceful shutdown. Waiting for active requests to complete"}{"timestamp":"2026-09-01 12:48:14","level":"INFO","logger":"org.apache.coyote.http11.Http11NioProtocol","message":"Pausing ProtocolHandler ["http-nio-8080"]"}{"timestamp":"2026-09-01 12:48:14","level":"INFO","logger":"org.springframework.boot.tomcat.GracefulShutdown","message":"Graceful shutdown complete"}{"timestamp":"2026-09-01 12:48:14","level":"INFO","logger":"org.apache.coyote.http11.Http11NioProtocol","message":"Stopping ProtocolHandler ["http-nio-8080"]"}{"timestamp":"2026-09-01 12:48:14","level":"INFO","logger":"org.springframework.orm.jpa.LocalContainerEntityManagerFactoryBean","message":"Closing JPA EntityManagerFactory for persistence unit 'default'"}{"timestamp":"2026-09-01 12:48:14","level":"INFO","logger":"com.zaxxer.hikari.HikariDataSource","message":"HikariPool-8 - Shutdown initiated..."}{"timestamp":"2026-09-01 12:48:14","level":"INFO","logger":"com.zaxxer.hikari.HikariDataSource","message":"HikariPool-8 - Shutdown completed."}{"timestamp":"2026-09-01 12:48:14","level":"INFO","logger":"com.jobportal.JobportalApplication","message":"Starting JobportalApplication using Java 26.0.1 with PID 41058 (/home/samer/Desktop/java/projects/job-portal-spring/target/classes started by samer in /home/samer/Desktop/java/projects/job-portal-spring)"}{"timestamp":"2026-09-01 12:48:14","level":"INFO","logger":"com.jobportal.JobportalApplication","message":"No active profile set, falling back to 1 default profile: "default""}{"timestamp":"2026-09-01 12:48:14","level":"INFO","logger":"org.springframework.boot.docker.compose.lifecycle.DockerComposeLifecycleManager","message":"Using Docker Compose file /home/samer/Desktop/java/projects/job-portal-spring/compose.yml"}{"timestamp":"2026-09-01 12:48:14","level":"INFO","logger":"org.springframework.boot.docker.compose.lifecycle.DockerComposeLifecycleManager","message":"There are already Docker Compose services running, skipping startup"}{"timestamp":"2026-09-01 12:48:14","level":"INFO","logger":"org.springframework.data.repository.config.RepositoryConfigurationDelegate","message":"Bootstrapping Spring Data JPA repositories in DEFAULT mode."}{"timestamp":"2026-09-01 12:48:14","level":"INFO","logger":"org.springframework.data.repository.config.RepositoryConfigurationDelegate","message":"Finished Spring Data repository scanning in 5 ms. Found 4 JPA repository interfaces."}{"timestamp":"2026-09-01 12:48:14","level":"INFO","logger":"org.springframework.boot.tomcat.TomcatWebServer","message":"Tomcat initialized with port 8080 (http)"}{"timestamp":"2026-09-01 12:48:14","level":"INFO","logger":"org.apache.coyote.http11.Http11NioProtocol","message":"Initializing ProtocolHandler ["http-nio-8080"]"}{"timestamp":"2026-09-01 12:48:14","level":"INFO","logger":"org.apache.catalina.core.StandardService","message":"Starting service [Tomcat]"}{"timestamp":"2026-09-01 12:48:14","level":"INFO","logger":"org.apache.catalina.core.StandardEngine","message":"Starting Servlet engine: [Apache Tomcat/11.0.22]"}{"timestamp":"2026-09-01 12:48:14","level":"INFO","logger":"org.springframework.boot.web.context.servlet.WebApplicationContextInitializer","message":"Root WebApplicationContext: initialization completed in 158 ms"}{"timestamp":"2026-09-01 12:48:14","level":"INFO","logger":"com.zaxxer.hikari.HikariDataSource","message":"HikariPool-9 - Starting..."}{"timestamp":"2026-09-01 12:48:14","level":"INFO","logger":"com.zaxxer.hikari.pool.HikariPool","message":"HikariPool-9 - Added connection com.mysql.cj.jdbc.ConnectionImpl@706bc243"}{"timestamp":"2026-09-01 12:48:14","level":"INFO","logger":"com.zaxxer.hikari.HikariDataSource","message":"HikariPool-9 - Start completed."}{"timestamp":"2026-09-01 12:48:14","level":"INFO","logger":"org.hibernate.orm.jpa","message":"HHH008540: Processing PersistenceUnitInfo [name: default]"}{"timestamp":"2026-09-01 12:48:14","level":"INFO","logger":"org.springframework.orm.jpa.persistenceunit.SpringPersistenceUnitInfo","message":"No LoadTimeWeaver setup: ignoring JPA class transformer"}{"timestamp":"2026-09-01 12:48:14","level":"INFO","logger":"org.hibernate.orm.connections.pooling","message":"HHH10001005: Database info:
	Database JDBC URL [jdbc:mysql://127.0.0.1:3307/jobportal]
	Database driver: MySQL Connector/J
	Database dialect: MySQLDialect
	Database version: 26.7
	Default catalog/schema: jobportal/undefined
	Autocommit mode: undefined/unknown
	Isolation level: REPEATABLE_READ [default REPEATABLE_READ]
	JDBC fetch size: none
	Pool: DataSourceConnectionProvider
	Minimum pool size: undefined/unknown
	Maximum pool size: undefined/unknown"}{"timestamp":"2026-09-01 12:48:14","level":"INFO","logger":"org.hibernate.orm.core","message":"HHH000489: No JTA platform available (set 'hibernate.transaction.jta.platform' to enable JTA platform integration)"}{"timestamp":"2026-09-01 12:48:14","level":"INFO","logger":"org.springframework.orm.jpa.LocalContainerEntityManagerFactoryBean","message":"Initialized JPA EntityManagerFactory for persistence unit 'default'"}{"timestamp":"2026-09-01 12:48:15","level":"WARN","logger":"org.springframework.boot.jpa.autoconfigure.JpaBaseConfiguration$JpaWebConfiguration","message":"spring.jpa.open-in-view is enabled by default. Therefore, database queries may be performed during view rendering. Explicitly configure spring.jpa.open-in-view to disable this warning"}{"timestamp":"2026-09-01 12:48:15","level":"INFO","logger":"org.springframework.security.config.annotation.authentication.configuration.InitializeAuthenticationProviderBeanManagerConfigurer$InitializeAuthenticationProviderManagerConfigurer","message":"Global AuthenticationManager configured with AuthenticationProvider bean with name jobPortalUsernamePwdAuthenticationProvider"}{"timestamp":"2026-09-01 12:48:15","level":"INFO","logger":"org.apache.coyote.http11.Http11NioProtocol","message":"Starting ProtocolHandler ["http-nio-8080"]"}{"timestamp":"2026-09-01 12:48:15","level":"INFO","logger":"org.springframework.boot.tomcat.TomcatWebServer","message":"Tomcat started on port 8080 (http) with context path '/'"}{"timestamp":"2026-09-01 12:48:15","level":"INFO","logger":"com.jobportal.JobportalApplication","message":"Started JobportalApplication in 1.011 seconds (process running for 2512.959)"}{"timestamp":"2026-09-01 12:48:15","level":"INFO","logger":"org.springframework.boot.devtools.autoconfigure.ConditionEvaluationDeltaLoggingListener","message":"Condition evaluation unchanged"}{"timestamp":"2026-09-01 12:48:15","level":"WARN","logger":"org.springdoc.core.events.SpringDocAppInitializer","message":"SpringDoc /v3/api-docs endpoint is enabled by default. To disable it in production, set the property 'springdoc.api-docs.enabled=false'"}{"timestamp":"2026-09-01 12:48:15","level":"WARN","logger":"org.springdoc.core.events.SpringDocAppInitializer","message":"SpringDoc /swagger-ui.html endpoint is enabled by default. To disable it in production, set the property 'springdoc.swagger-ui.enabled=false'"}{"timestamp":"2026-09-01 14:21:53","level":"INFO","logger":"org.springframework.boot.devtools.autoconfigure.LocalDevToolsAutoConfiguration$RestartingClassPathChangeChangedEventListener","message":"Restarting due to 1 class path change (0 additions, 1 deletion, 0 modifications)"}{"timestamp":"2026-09-01 14:21:53","level":"INFO","logger":"org.springframework.boot.tomcat.GracefulShutdown","message":"Commencing graceful shutdown. Waiting for active requests to complete"}{"timestamp":"2026-09-01 14:21:53","level":"INFO","logger":"org.apache.coyote.http11.Http11NioProtocol","message":"Pausing ProtocolHandler ["http-nio-8080"]"}{"timestamp":"2026-09-01 14:21:53","level":"INFO","logger":"org.springframework.boot.tomcat.GracefulShutdown","message":"Graceful shutdown complete"}{"timestamp":"2026-09-01 14:21:53","level":"INFO","logger":"org.apache.coyote.http11.Http11NioProtocol","message":"Stopping ProtocolHandler ["http-nio-8080"]"}{"timestamp":"2026-09-01 14:21:53","level":"INFO","logger":"org.springframework.orm.jpa.LocalContainerEntityManagerFactoryBean","message":"Closing JPA EntityManagerFactory for persistence unit 'default'"}{"timestamp":"2026-09-01 14:21:53","level":"INFO","logger":"com.zaxxer.hikari.HikariDataSource","message":"HikariPool-9 - Shutdown initiated..."}{"timestamp":"2026-09-01 14:21:53","level":"INFO","logger":"com.zaxxer.hikari.HikariDataSource","message":"HikariPool-9 - Shutdown completed."}{"timestamp":"2026-09-01 14:21:53","level":"INFO","logger":"com.jobportal.JobportalApplication","message":"Starting JobportalApplication using Java 26.0.1 with PID 41058 (/home/samer/Desktop/java/projects/job-portal-spring/target/classes started by samer in /home/samer/Desktop/java/projects/job-portal-spring)"}{"timestamp":"2026-09-01 14:21:53","level":"INFO","logger":"com.jobportal.JobportalApplication","message":"No active profile set, falling back to 1 default profile: "default""}{"timestamp":"2026-09-01 14:21:53","level":"INFO","logger":"org.springframework.boot.docker.compose.lifecycle.DockerComposeLifecycleManager","message":"Using Docker Compose file /home/samer/Desktop/java/projects/job-portal-spring/compose.yml"}{"timestamp":"2026-09-01 14:21:53","level":"INFO","logger":"org.springframework.boot.docker.compose.lifecycle.DockerComposeLifecycleManager","message":"There are already Docker Compose services running, skipping startup"}{"timestamp":"2026-09-01 14:21:54","level":"INFO","logger":"org.springframework.data.repository.config.RepositoryConfigurationDelegate","message":"Bootstrapping Spring Data JPA repositories in DEFAULT mode."}{"timestamp":"2026-09-01 14:21:54","level":"INFO","logger":"org.springframework.data.repository.config.RepositoryConfigurationDelegate","message":"Finished Spring Data repository scanning in 9 ms. Found 4 JPA repository interfaces."}{"timestamp":"2026-09-01 14:21:54","level":"INFO","logger":"org.springframework.boot.tomcat.TomcatWebServer","message":"Tomcat initialized with port 8080 (http)"}{"timestamp":"2026-09-01 14:21:54","level":"INFO","logger":"org.apache.coyote.http11.Http11NioProtocol","message":"Initializing ProtocolHandler ["http-nio-8080"]"}{"timestamp":"2026-09-01 14:21:54","level":"INFO","logger":"org.apache.catalina.core.StandardService","message":"Starting service [Tomcat]"}{"timestamp":"2026-09-01 14:21:54","level":"INFO","logger":"org.apache.catalina.core.StandardEngine","message":"Starting Servlet engine: [Apache Tomcat/11.0.22]"}{"timestamp":"2026-09-01 14:21:54","level":"INFO","logger":"org.springframework.boot.web.context.servlet.WebApplicationContextInitializer","message":"Root WebApplicationContext: initialization completed in 298 ms"}{"timestamp":"2026-09-01 14:21:54","level":"INFO","logger":"com.zaxxer.hikari.HikariDataSource","message":"HikariPool-10 - Starting..."}{"timestamp":"2026-09-01 14:21:54","level":"INFO","logger":"com.zaxxer.hikari.pool.HikariPool","message":"HikariPool-10 - Added connection com.mysql.cj.jdbc.ConnectionImpl@345120f5"}{"timestamp":"2026-09-01 14:21:54","level":"INFO","logger":"com.zaxxer.hikari.HikariDataSource","message":"HikariPool-10 - Start completed."}{"timestamp":"2026-09-01 14:21:54","level":"INFO","logger":"org.hibernate.orm.jpa","message":"HHH008540: Processing PersistenceUnitInfo [name: default]"}{"timestamp":"2026-09-01 14:21:54","level":"INFO","logger":"org.springframework.orm.jpa.persistenceunit.SpringPersistenceUnitInfo","message":"No LoadTimeWeaver setup: ignoring JPA class transformer"}{"timestamp":"2026-09-01 14:21:54","level":"INFO","logger":"org.hibernate.orm.connections.pooling","message":"HHH10001005: Database info:
	Database JDBC URL [jdbc:mysql://127.0.0.1:3307/jobportal]
	Database driver: MySQL Connector/J
	Database dialect: MySQLDialect
	Database version: 26.7
	Default catalog/schema: jobportal/undefined
	Autocommit mode: undefined/unknown
	Isolation level: REPEATABLE_READ [default REPEATABLE_READ]
	JDBC fetch size: none
	Pool: DataSourceConnectionProvider
	Minimum pool size: undefined/unknown
	Maximum pool size: undefined/unknown"}{"timestamp":"2026-09-01 14:21:54","level":"INFO","logger":"org.hibernate.orm.core","message":"HHH000489: No JTA platform available (set 'hibernate.transaction.jta.platform' to enable JTA platform integration)"}{"timestamp":"2026-09-01 14:21:54","level":"INFO","logger":"org.springframework.orm.jpa.LocalContainerEntityManagerFactoryBean","message":"Initialized JPA EntityManagerFactory for persistence unit 'default'"}{"timestamp":"2026-09-01 14:21:54","level":"WARN","logger":"org.springframework.boot.jpa.autoconfigure.JpaBaseConfiguration$JpaWebConfiguration","message":"spring.jpa.open-in-view is enabled by default. Therefore, database queries may be performed during view rendering. Explicitly configure spring.jpa.open-in-view to disable this warning"}{"timestamp":"2026-09-01 14:21:54","level":"INFO","logger":"org.springframework.security.config.annotation.authentication.configuration.InitializeAuthenticationProviderBeanManagerConfigurer$InitializeAuthenticationProviderManagerConfigurer","message":"Global AuthenticationManager configured with AuthenticationProvider bean with name jobPortalUsernamePwdAuthenticationProvider"}{"timestamp":"2026-09-01 14:21:54","level":"INFO","logger":"org.apache.coyote.http11.Http11NioProtocol","message":"Starting ProtocolHandler ["http-nio-8080"]"}{"timestamp":"2026-09-01 14:21:54","level":"INFO","logger":"org.springframework.boot.tomcat.TomcatWebServer","message":"Tomcat started on port 8080 (http) with context path '/'"}{"timestamp":"2026-09-01 14:21:54","level":"INFO","logger":"com.jobportal.JobportalApplication","message":"Started JobportalApplication in 1.127 seconds (process running for 8132.277)"}{"timestamp":"2026-09-01 14:21:54","level":"INFO","logger":"org.springframework.boot.devtools.autoconfigure.ConditionEvaluationDeltaLoggingListener","message":"Condition evaluation unchanged"}{"timestamp":"2026-09-01 14:21:54","level":"WARN","logger":"org.springdoc.core.events.SpringDocAppInitializer","message":"SpringDoc /v3/api-docs endpoint is enabled by default. To disable it in production, set the property 'springdoc.api-docs.enabled=false'"}{"timestamp":"2026-09-01 14:21:54","level":"WARN","logger":"org.springdoc.core.events.SpringDocAppInitializer","message":"SpringDoc /swagger-ui.html endpoint is enabled by default. To disable it in production, set the property 'springdoc.swagger-ui.enabled=false'"}{"timestamp":"2026-09-01 14:22:32","level":"INFO","logger":"org.springframework.boot.devtools.autoconfigure.LocalDevToolsAutoConfiguration$RestartingClassPathChangeChangedEventListener","message":"Restarting due to 1 class path change (0 additions, 1 deletion, 0 modifications)"}{"timestamp":"2026-09-01 14:22:32","level":"INFO","logger":"org.springframework.boot.tomcat.GracefulShutdown","message":"Commencing graceful shutdown. Waiting for active requests to complete"}{"timestamp":"2026-09-01 14:22:32","level":"INFO","logger":"org.apache.coyote.http11.Http11NioProtocol","message":"Pausing ProtocolHandler ["http-nio-8080"]"}{"timestamp":"2026-09-01 14:22:32","level":"INFO","logger":"org.springframework.boot.tomcat.GracefulShutdown","message":"Graceful shutdown complete"}{"timestamp":"2026-09-01 14:22:32","level":"INFO","logger":"org.apache.coyote.http11.Http11NioProtocol","message":"Stopping ProtocolHandler ["http-nio-8080"]"}{"timestamp":"2026-09-01 14:22:32","level":"INFO","logger":"org.springframework.orm.jpa.LocalContainerEntityManagerFactoryBean","message":"Closing JPA EntityManagerFactory for persistence unit 'default'"}{"timestamp":"2026-09-01 14:22:32","level":"INFO","logger":"com.zaxxer.hikari.HikariDataSource","message":"HikariPool-10 - Shutdown initiated..."}{"timestamp":"2026-09-01 14:22:32","level":"INFO","logger":"com.zaxxer.hikari.HikariDataSource","message":"HikariPool-10 - Shutdown completed."}{"timestamp":"2026-09-01 14:22:32","level":"INFO","logger":"com.jobportal.JobportalApplication","message":"Starting JobportalApplication using Java 26.0.1 with PID 41058 (/home/samer/Desktop/java/projects/job-portal-spring/target/classes started by samer in /home/samer/Desktop/java/projects/job-portal-spring)"}{"timestamp":"2026-09-01 14:22:32","level":"INFO","logger":"com.jobportal.JobportalApplication","message":"No active profile set, falling back to 1 default profile: "default""}{"timestamp":"2026-09-01 14:22:32","level":"INFO","logger":"org.springframework.boot.docker.compose.lifecycle.DockerComposeLifecycleManager","message":"Using Docker Compose file /home/samer/Desktop/java/projects/job-portal-spring/compose.yml"}{"timestamp":"2026-09-01 14:22:32","level":"INFO","logger":"org.springframework.boot.docker.compose.lifecycle.DockerComposeLifecycleManager","message":"There are already Docker Compose services running, skipping startup"}{"timestamp":"2026-09-01 14:22:32","level":"WARN","logger":"org.springframework.boot.web.server.servlet.context.AnnotationConfigServletWebServerApplicationContext","message":"Exception encountered during context initialization - cancelling refresh attempt: org.springframework.beans.factory.BeanDefinitionStoreException: I/O failure while processing configuration class [com.jobportal.contact.service.impl.ContactsServiceImpl]"}{"timestamp":"2026-09-01 14:22:32","level":"ERROR","logger":"org.springframework.boot.SpringApplication","message":"Application run failed"}org.springframework.beans.factory.BeanDefinitionStoreException: I/O failure while processing configuration class [com.jobportal.contact.service.impl.ContactsServiceImpl]
	at org.springframework.context.annotation.ConfigurationClassParser.processConfigurationClass(ConfigurationClassParser.java:290)
	at org.springframework.context.annotation.ConfigurationClassParser.parse(ConfigurationClassParser.java:220)
	at org.springframework.context.annotation.ConfigurationClassParser.doProcessConfigurationClass(ConfigurationClassParser.java:357)
	at org.springframework.context.annotation.ConfigurationClassParser.processConfigurationClass(ConfigurationClassParser.java:285)
	at org.springframework.context.annotation.ConfigurationClassParser.parse(ConfigurationClassParser.java:206)
	at org.springframework.context.annotation.ConfigurationClassParser.parse(ConfigurationClassParser.java:174)
	at org.springframework.context.annotation.ConfigurationClassPostProcessor.processConfigBeanDefinitions(ConfigurationClassPostProcessor.java:452)
	at org.springframework.context.annotation.ConfigurationClassPostProcessor.postProcessBeanDefinitionRegistry(ConfigurationClassPostProcessor.java:316)
	at org.springframework.context.support.PostProcessorRegistrationDelegate.invokeBeanDefinitionRegistryPostProcessors(PostProcessorRegistrationDelegate.java:349)
	at org.springframework.context.support.PostProcessorRegistrationDelegate.invokeBeanFactoryPostProcessors(PostProcessorRegistrationDelegate.java:118)
	at org.springframework.context.support.AbstractApplicationContext.invokeBeanFactoryPostProcessors(AbstractApplicationContext.java:795)
	at org.springframework.context.support.AbstractApplicationContext.refresh(AbstractApplicationContext.java:603)
	at org.springframework.boot.web.server.servlet.context.ServletWebServerApplicationContext.refresh(ServletWebServerApplicationContext.java:143)
	at org.springframework.boot.SpringApplication.refresh(SpringApplication.java:756)
	at org.springframework.boot.SpringApplication.refreshContext(SpringApplication.java:445)
	at org.springframework.boot.SpringApplication.run(SpringApplication.java:321)
	at org.springframework.boot.SpringApplication.run(SpringApplication.java:1365)
	at org.springframework.boot.SpringApplication.run(SpringApplication.java:1354)
	at com.jobportal.JobportalApplication.main(JobportalApplication.java:12)
	at java.base/jdk.internal.reflect.DirectMethodHandleAccessor.invoke(DirectMethodHandleAccessor.java:104)
	at java.base/java.lang.reflect.Method.invoke(Method.java:565)
	at org.springframework.boot.devtools.restart.RestartLauncher.run(RestartLauncher.java:52)
Caused by: java.io.FileNotFoundException: class path resource [com/jobportal/contact/service/IContactsService.class] cannot be opened because it does not exist
	at org.springframework.core.io.ClassPathResource.getInputStream(ClassPathResource.java:212)
	at org.springframework.core.type.classreading.ClassFileMetadataReader.parseClassModel(ClassFileMetadataReader.java:49)
	at org.springframework.core.type.classreading.ClassFileMetadataReader.<init>(ClassFileMetadataReader.java:45)
	at org.springframework.core.type.classreading.ClassFileMetadataReaderFactory.getMetadataReader(ClassFileMetadataReaderFactory.java:62)
	at org.springframework.core.type.classreading.CachingMetadataReaderFactory.getMetadataReader(CachingMetadataReaderFactory.java:127)
	at org.springframework.core.type.classreading.AbstractMetadataReaderFactory.getMetadataReader(AbstractMetadataReaderFactory.java:62)
	at org.springframework.core.type.classreading.CachingMetadataReaderFactory.getMetadataReader(CachingMetadataReaderFactory.java:40)
	at org.springframework.context.annotation.ConfigurationClassParser.asSourceClass(ConfigurationClassParser.java:730)
	at org.springframework.context.annotation.ConfigurationClassParser$SourceClass.getInterfaces(ConfigurationClassParser.java:1076)
	at org.springframework.context.annotation.ConfigurationClassParser.collectImports(ConfigurationClassParser.java:568)
	at org.springframework.context.annotation.ConfigurationClassParser.getImports(ConfigurationClassParser.java:543)
	at org.springframework.context.annotation.ConfigurationClassParser.doProcessConfigurationClass(ConfigurationClassParser.java:364)
	at org.springframework.context.annotation.ConfigurationClassParser.processConfigurationClass(ConfigurationClassParser.java:285)
	... 21 common frames omitted
{"timestamp":"2026-09-01 14:22:46","level":"INFO","logger":"com.jobportal.JobportalApplication","message":"Starting JobportalApplication using Java 26.0.1 with PID 41058 (/home/samer/Desktop/java/projects/job-portal-spring/target/classes started by samer in /home/samer/Desktop/java/projects/job-portal-spring)"}{"timestamp":"2026-09-01 14:22:46","level":"INFO","logger":"com.jobportal.JobportalApplication","message":"No active profile set, falling back to 1 default profile: "default""}{"timestamp":"2026-09-01 14:22:46","level":"INFO","logger":"org.springframework.boot.docker.compose.lifecycle.DockerComposeLifecycleManager","message":"Using Docker Compose file /home/samer/Desktop/java/projects/job-portal-spring/compose.yml"}{"timestamp":"2026-09-01 14:22:47","level":"INFO","logger":"org.springframework.boot.docker.compose.lifecycle.DockerComposeLifecycleManager","message":"There are already Docker Compose services running, skipping startup"}{"timestamp":"2026-09-01 14:22:47","level":"INFO","logger":"org.springframework.data.repository.config.RepositoryConfigurationDelegate","message":"Bootstrapping Spring Data JPA repositories in DEFAULT mode."}{"timestamp":"2026-09-01 14:22:47","level":"INFO","logger":"org.springframework.data.repository.config.RepositoryConfigurationDelegate","message":"Finished Spring Data repository scanning in 9 ms. Found 4 JPA repository interfaces."}{"timestamp":"2026-09-01 14:22:47","level":"INFO","logger":"org.springframework.boot.tomcat.TomcatWebServer","message":"Tomcat initialized with port 8080 (http)"}{"timestamp":"2026-09-01 14:22:47","level":"INFO","logger":"org.apache.coyote.http11.Http11NioProtocol","message":"Initializing ProtocolHandler ["http-nio-8080"]"}{"timestamp":"2026-09-01 14:22:47","level":"INFO","logger":"org.apache.catalina.core.StandardService","message":"Starting service [Tomcat]"}{"timestamp":"2026-09-01 14:22:47","level":"INFO","logger":"org.apache.catalina.core.StandardEngine","message":"Starting Servlet engine: [Apache Tomcat/11.0.22]"}{"timestamp":"2026-09-01 14:22:47","level":"INFO","logger":"org.springframework.boot.web.context.servlet.WebApplicationContextInitializer","message":"Root WebApplicationContext: initialization completed in 256 ms"}{"timestamp":"2026-09-01 14:22:47","level":"INFO","logger":"com.zaxxer.hikari.HikariDataSource","message":"HikariPool-11 - Starting..."}{"timestamp":"2026-09-01 14:22:47","level":"INFO","logger":"com.zaxxer.hikari.pool.HikariPool","message":"HikariPool-11 - Added connection com.mysql.cj.jdbc.ConnectionImpl@168f1caf"}{"timestamp":"2026-09-01 14:22:47","level":"INFO","logger":"com.zaxxer.hikari.HikariDataSource","message":"HikariPool-11 - Start completed."}{"timestamp":"2026-09-01 14:22:47","level":"INFO","logger":"org.hibernate.orm.jpa","message":"HHH008540: Processing PersistenceUnitInfo [name: default]"}{"timestamp":"2026-09-01 14:22:47","level":"INFO","logger":"org.springframework.orm.jpa.persistenceunit.SpringPersistenceUnitInfo","message":"No LoadTimeWeaver setup: ignoring JPA class transformer"}{"timestamp":"2026-09-01 14:22:47","level":"INFO","logger":"org.hibernate.orm.connections.pooling","message":"HHH10001005: Database info:
	Database JDBC URL [jdbc:mysql://127.0.0.1:3307/jobportal]
	Database driver: MySQL Connector/J
	Database dialect: MySQLDialect
	Database version: 26.7
	Default catalog/schema: jobportal/undefined
	Autocommit mode: undefined/unknown
	Isolation level: REPEATABLE_READ [default REPEATABLE_READ]
	JDBC fetch size: none
	Pool: DataSourceConnectionProvider
	Minimum pool size: undefined/unknown
	Maximum pool size: undefined/unknown"}{"timestamp":"2026-09-01 14:22:47","level":"INFO","logger":"org.hibernate.orm.core","message":"HHH000489: No JTA platform available (set 'hibernate.transaction.jta.platform' to enable JTA platform integration)"}{"timestamp":"2026-09-01 14:22:47","level":"INFO","logger":"org.springframework.orm.jpa.LocalContainerEntityManagerFactoryBean","message":"Initialized JPA EntityManagerFactory for persistence unit 'default'"}{"timestamp":"2026-09-01 14:22:47","level":"WARN","logger":"org.springframework.boot.jpa.autoconfigure.JpaBaseConfiguration$JpaWebConfiguration","message":"spring.jpa.open-in-view is enabled by default. Therefore, database queries may be performed during view rendering. Explicitly configure spring.jpa.open-in-view to disable this warning"}{"timestamp":"2026-09-01 14:22:47","level":"INFO","logger":"org.springframework.security.config.annotation.authentication.configuration.InitializeAuthenticationProviderBeanManagerConfigurer$InitializeAuthenticationProviderManagerConfigurer","message":"Global AuthenticationManager configured with AuthenticationProvider bean with name jobPortalUsernamePwdAuthenticationProvider"}{"timestamp":"2026-09-01 14:22:47","level":"INFO","logger":"org.apache.coyote.http11.Http11NioProtocol","message":"Starting ProtocolHandler ["http-nio-8080"]"}{"timestamp":"2026-09-01 14:22:47","level":"INFO","logger":"org.springframework.boot.tomcat.TomcatWebServer","message":"Tomcat started on port 8080 (http) with context path '/'"}{"timestamp":"2026-09-01 14:22:47","level":"INFO","logger":"com.jobportal.JobportalApplication","message":"Started JobportalApplication in 0.858 seconds (process running for 8185.306)"}{"timestamp":"2026-09-01 14:22:47","level":"INFO","logger":"org.springframework.boot.devtools.autoconfigure.ConditionEvaluationDeltaLoggingListener","message":"Condition evaluation unchanged"}{"timestamp":"2026-09-01 14:22:47","level":"WARN","logger":"org.springdoc.core.events.SpringDocAppInitializer","message":"SpringDoc /v3/api-docs endpoint is enabled by default. To disable it in production, set the property 'springdoc.api-docs.enabled=false'"}{"timestamp":"2026-09-01 14:22:47","level":"WARN","logger":"org.springdoc.core.events.SpringDocAppInitializer","message":"SpringDoc /swagger-ui.html endpoint is enabled by default. To disable it in production, set the property 'springdoc.swagger-ui.enabled=false'"}{"timestamp":"2026-09-01 14:24:10","level":"INFO","logger":"org.springframework.boot.devtools.autoconfigure.LocalDevToolsAutoConfiguration$RestartingClassPathChangeChangedEventListener","message":"Restarting due to 1 class path change (0 additions, 1 deletion, 0 modifications)"}{"timestamp":"2026-09-01 14:24:10","level":"INFO","logger":"org.springframework.boot.tomcat.GracefulShutdown","message":"Commencing graceful shutdown. Waiting for active requests to complete"}{"timestamp":"2026-09-01 14:24:10","level":"INFO","logger":"org.apache.coyote.http11.Http11NioProtocol","message":"Pausing ProtocolHandler ["http-nio-8080"]"}{"timestamp":"2026-09-01 14:24:10","level":"INFO","logger":"org.springframework.boot.tomcat.GracefulShutdown","message":"Graceful shutdown complete"}{"timestamp":"2026-09-01 14:24:10","level":"INFO","logger":"org.apache.coyote.http11.Http11NioProtocol","message":"Stopping ProtocolHandler ["http-nio-8080"]"}{"timestamp":"2026-09-01 14:24:10","level":"INFO","logger":"org.springframework.orm.jpa.LocalContainerEntityManagerFactoryBean","message":"Closing JPA EntityManagerFactory for persistence unit 'default'"}{"timestamp":"2026-09-01 14:24:10","level":"INFO","logger":"com.zaxxer.hikari.HikariDataSource","message":"HikariPool-11 - Shutdown initiated..."}{"timestamp":"2026-09-01 14:24:10","level":"INFO","logger":"com.zaxxer.hikari.HikariDataSource","message":"HikariPool-11 - Shutdown completed."}{"timestamp":"2026-09-01 14:24:10","level":"INFO","logger":"com.jobportal.JobportalApplication","message":"Starting JobportalApplication using Java 26.0.1 with PID 41058 (/home/samer/Desktop/java/projects/job-portal-spring/target/classes started by samer in /home/samer/Desktop/java/projects/job-portal-spring)"}{"timestamp":"2026-09-01 14:24:10","level":"INFO","logger":"com.jobportal.JobportalApplication","message":"No active profile set, falling back to 1 default profile: "default""}{"timestamp":"2026-09-01 14:24:10","level":"INFO","logger":"org.springframework.boot.docker.compose.lifecycle.DockerComposeLifecycleManager","message":"Using Docker Compose file /home/samer/Desktop/java/projects/job-portal-spring/compose.yml"}{"timestamp":"2026-09-01 14:24:10","level":"INFO","logger":"org.springframework.boot.docker.compose.lifecycle.DockerComposeLifecycleManager","message":"There are already Docker Compose services running, skipping startup"}{"timestamp":"2026-09-01 14:24:10","level":"INFO","logger":"org.springframework.data.repository.config.RepositoryConfigurationDelegate","message":"Bootstrapping Spring Data JPA repositories in DEFAULT mode."}{"timestamp":"2026-09-01 14:24:10","level":"INFO","logger":"org.springframework.data.repository.config.RepositoryConfigurationDelegate","message":"Finished Spring Data repository scanning in 8 ms. Found 4 JPA repository interfaces."}{"timestamp":"2026-09-01 14:24:10","level":"INFO","logger":"org.springframework.boot.tomcat.TomcatWebServer","message":"Tomcat initialized with port 8080 (http)"}{"timestamp":"2026-09-01 14:24:10","level":"INFO","logger":"org.apache.coyote.http11.Http11NioProtocol","message":"Initializing ProtocolHandler ["http-nio-8080"]"}{"timestamp":"2026-09-01 14:24:10","level":"INFO","logger":"org.apache.catalina.core.StandardService","message":"Starting service [Tomcat]"}{"timestamp":"2026-09-01 14:24:10","level":"INFO","logger":"org.apache.catalina.core.StandardEngine","message":"Starting Servlet engine: [Apache Tomcat/11.0.22]"}{"timestamp":"2026-09-01 14:24:10","level":"INFO","logger":"org.springframework.boot.web.context.servlet.WebApplicationContextInitializer","message":"Root WebApplicationContext: initialization completed in 260 ms"}{"timestamp":"2026-09-01 14:24:10","level":"INFO","logger":"com.zaxxer.hikari.HikariDataSource","message":"HikariPool-12 - Starting..."}{"timestamp":"2026-09-01 14:24:10","level":"INFO","logger":"com.zaxxer.hikari.pool.HikariPool","message":"HikariPool-12 - Added connection com.mysql.cj.jdbc.ConnectionImpl@3666dad1"}{"timestamp":"2026-09-01 14:24:10","level":"INFO","logger":"com.zaxxer.hikari.HikariDataSource","message":"HikariPool-12 - Start completed."}{"timestamp":"2026-09-01 14:24:10","level":"INFO","logger":"org.hibernate.orm.jpa","message":"HHH008540: Processing PersistenceUnitInfo [name: default]"}{"timestamp":"2026-09-01 14:24:10","level":"INFO","logger":"org.springframework.orm.jpa.persistenceunit.SpringPersistenceUnitInfo","message":"No LoadTimeWeaver setup: ignoring JPA class transformer"}{"timestamp":"2026-09-01 14:24:10","level":"INFO","logger":"org.hibernate.orm.connections.pooling","message":"HHH10001005: Database info:
	Database JDBC URL [jdbc:mysql://127.0.0.1:3307/jobportal]
	Database driver: MySQL Connector/J
	Database dialect: MySQLDialect
	Database version: 26.7
	Default catalog/schema: jobportal/undefined
	Autocommit mode: undefined/unknown
	Isolation level: REPEATABLE_READ [default REPEATABLE_READ]
	JDBC fetch size: none
	Pool: DataSourceConnectionProvider
	Minimum pool size: undefined/unknown
	Maximum pool size: undefined/unknown"}{"timestamp":"2026-09-01 14:24:11","level":"INFO","logger":"org.hibernate.orm.core","message":"HHH000489: No JTA platform available (set 'hibernate.transaction.jta.platform' to enable JTA platform integration)"}{"timestamp":"2026-09-01 14:24:11","level":"INFO","logger":"org.springframework.orm.jpa.LocalContainerEntityManagerFactoryBean","message":"Initialized JPA EntityManagerFactory for persistence unit 'default'"}{"timestamp":"2026-09-01 14:24:11","level":"WARN","logger":"org.springframework.boot.jpa.autoconfigure.JpaBaseConfiguration$JpaWebConfiguration","message":"spring.jpa.open-in-view is enabled by default. Therefore, database queries may be performed during view rendering. Explicitly configure spring.jpa.open-in-view to disable this warning"}{"timestamp":"2026-09-01 14:24:11","level":"INFO","logger":"org.springframework.security.config.annotation.authentication.configuration.InitializeAuthenticationProviderBeanManagerConfigurer$InitializeAuthenticationProviderManagerConfigurer","message":"Global AuthenticationManager configured with AuthenticationProvider bean with name jobPortalUsernamePwdAuthenticationProvider"}{"timestamp":"2026-09-01 14:24:11","level":"INFO","logger":"org.apache.coyote.http11.Http11NioProtocol","message":"Starting ProtocolHandler ["http-nio-8080"]"}{"timestamp":"2026-09-01 14:24:11","level":"INFO","logger":"org.springframework.boot.tomcat.TomcatWebServer","message":"Tomcat started on port 8080 (http) with context path '/'"}{"timestamp":"2026-09-01 14:24:11","level":"INFO","logger":"com.jobportal.JobportalApplication","message":"Started JobportalApplication in 1.114 seconds (process running for 8269.075)"}{"timestamp":"2026-09-01 14:24:11","level":"INFO","logger":"org.springframework.boot.devtools.autoconfigure.ConditionEvaluationDeltaLoggingListener","message":"Condition evaluation unchanged"}{"timestamp":"2026-09-01 14:24:11","level":"WARN","logger":"org.springdoc.core.events.SpringDocAppInitializer","message":"SpringDoc /v3/api-docs endpoint is enabled by default. To disable it in production, set the property 'springdoc.api-docs.enabled=false'"}{"timestamp":"2026-09-01 14:24:11","level":"WARN","logger":"org.springdoc.core.events.SpringDocAppInitializer","message":"SpringDoc /swagger-ui.html endpoint is enabled by default. To disable it in production, set the property 'springdoc.swagger-ui.enabled=false'"}{"timestamp":"2026-09-01 14:25:28","level":"INFO","logger":"org.springframework.boot.devtools.autoconfigure.LocalDevToolsAutoConfiguration$RestartingClassPathChangeChangedEventListener","message":"Restarting due to 1 class path change (0 additions, 1 deletion, 0 modifications)"}{"timestamp":"2026-09-01 14:25:28","level":"INFO","logger":"org.springframework.boot.tomcat.GracefulShutdown","message":"Commencing graceful shutdown. Waiting for active requests to complete"}{"timestamp":"2026-09-01 14:25:28","level":"INFO","logger":"org.apache.coyote.http11.Http11NioProtocol","message":"Pausing ProtocolHandler ["http-nio-8080"]"}{"timestamp":"2026-09-01 14:25:28","level":"INFO","logger":"org.springframework.boot.tomcat.GracefulShutdown","message":"Graceful shutdown complete"}{"timestamp":"2026-09-01 14:25:28","level":"INFO","logger":"org.apache.coyote.http11.Http11NioProtocol","message":"Stopping ProtocolHandler ["http-nio-8080"]"}{"timestamp":"2026-09-01 14:25:28","level":"INFO","logger":"org.springframework.orm.jpa.LocalContainerEntityManagerFactoryBean","message":"Closing JPA EntityManagerFactory for persistence unit 'default'"}{"timestamp":"2026-09-01 14:25:28","level":"INFO","logger":"com.zaxxer.hikari.HikariDataSource","message":"HikariPool-12 - Shutdown initiated..."}{"timestamp":"2026-09-01 14:25:28","level":"INFO","logger":"com.zaxxer.hikari.HikariDataSource","message":"HikariPool-12 - Shutdown completed."}{"timestamp":"2026-09-01 14:25:28","level":"INFO","logger":"com.jobportal.JobportalApplication","message":"Starting JobportalApplication using Java 26.0.1 with PID 41058 (/home/samer/Desktop/java/projects/job-portal-spring/target/classes started by samer in /home/samer/Desktop/java/projects/job-portal-spring)"}{"timestamp":"2026-09-01 14:25:28","level":"INFO","logger":"com.jobportal.JobportalApplication","message":"No active profile set, falling back to 1 default profile: "default""}{"timestamp":"2026-09-01 14:25:28","level":"INFO","logger":"org.springframework.boot.docker.compose.lifecycle.DockerComposeLifecycleManager","message":"Using Docker Compose file /home/samer/Desktop/java/projects/job-portal-spring/compose.yml"}{"timestamp":"2026-09-01 14:25:28","level":"INFO","logger":"org.springframework.boot.docker.compose.lifecycle.DockerComposeLifecycleManager","message":"There are already Docker Compose services running, skipping startup"}{"timestamp":"2026-09-01 14:25:28","level":"INFO","logger":"org.springframework.data.repository.config.RepositoryConfigurationDelegate","message":"Bootstrapping Spring Data JPA repositories in DEFAULT mode."}{"timestamp":"2026-09-01 14:25:28","level":"INFO","logger":"org.springframework.data.repository.config.RepositoryConfigurationDelegate","message":"Finished Spring Data repository scanning in 8 ms. Found 3 JPA repository interfaces."}{"timestamp":"2026-09-01 14:25:28","level":"INFO","logger":"org.springframework.boot.tomcat.TomcatWebServer","message":"Tomcat initialized with port 8080 (http)"}{"timestamp":"2026-09-01 14:25:28","level":"INFO","logger":"org.apache.coyote.http11.Http11NioProtocol","message":"Initializing ProtocolHandler ["http-nio-8080"]"}{"timestamp":"2026-09-01 14:25:28","level":"INFO","logger":"org.apache.catalina.core.StandardService","message":"Starting service [Tomcat]"}{"timestamp":"2026-09-01 14:25:28","level":"INFO","logger":"org.apache.catalina.core.StandardEngine","message":"Starting Servlet engine: [Apache Tomcat/11.0.22]"}{"timestamp":"2026-09-01 14:25:28","level":"INFO","logger":"org.springframework.boot.web.context.servlet.WebApplicationContextInitializer","message":"Root WebApplicationContext: initialization completed in 219 ms"}{"timestamp":"2026-09-01 14:25:28","level":"INFO","logger":"com.zaxxer.hikari.HikariDataSource","message":"HikariPool-13 - Starting..."}{"timestamp":"2026-09-01 14:25:28","level":"INFO","logger":"com.zaxxer.hikari.pool.HikariPool","message":"HikariPool-13 - Added connection com.mysql.cj.jdbc.ConnectionImpl@2b9cf3bb"}{"timestamp":"2026-09-01 14:25:28","level":"INFO","logger":"com.zaxxer.hikari.HikariDataSource","message":"HikariPool-13 - Start completed."}{"timestamp":"2026-09-01 14:25:28","level":"INFO","logger":"org.hibernate.orm.jpa","message":"HHH008540: Processing PersistenceUnitInfo [name: default]"}{"timestamp":"2026-09-01 14:25:28","level":"INFO","logger":"org.springframework.orm.jpa.persistenceunit.SpringPersistenceUnitInfo","message":"No LoadTimeWeaver setup: ignoring JPA class transformer"}{"timestamp":"2026-09-01 14:25:28","level":"INFO","logger":"org.hibernate.orm.connections.pooling","message":"HHH10001005: Database info:
	Database JDBC URL [jdbc:mysql://127.0.0.1:3307/jobportal]
	Database driver: MySQL Connector/J
	Database dialect: MySQLDialect
	Database version: 26.7
	Default catalog/schema: jobportal/undefined
	Autocommit mode: undefined/unknown
	Isolation level: REPEATABLE_READ [default REPEATABLE_READ]
	JDBC fetch size: none
	Pool: DataSourceConnectionProvider
	Minimum pool size: undefined/unknown
	Maximum pool size: undefined/unknown"}{"timestamp":"2026-09-01 14:25:28","level":"INFO","logger":"org.hibernate.orm.core","message":"HHH000489: No JTA platform available (set 'hibernate.transaction.jta.platform' to enable JTA platform integration)"}{"timestamp":"2026-09-01 14:25:28","level":"INFO","logger":"org.springframework.orm.jpa.LocalContainerEntityManagerFactoryBean","message":"Initialized JPA EntityManagerFactory for persistence unit 'default'"}{"timestamp":"2026-09-01 14:25:28","level":"WARN","logger":"org.springframework.boot.jpa.autoconfigure.JpaBaseConfiguration$JpaWebConfiguration","message":"spring.jpa.open-in-view is enabled by default. Therefore, database queries may be performed during view rendering. Explicitly configure spring.jpa.open-in-view to disable this warning"}{"timestamp":"2026-09-01 14:25:28","level":"INFO","logger":"org.springframework.security.config.annotation.authentication.configuration.InitializeAuthenticationProviderBeanManagerConfigurer$InitializeAuthenticationProviderManagerConfigurer","message":"Global AuthenticationManager configured with AuthenticationProvider bean with name jobPortalUsernamePwdAuthenticationProvider"}{"timestamp":"2026-09-01 14:25:29","level":"INFO","logger":"org.apache.coyote.http11.Http11NioProtocol","message":"Starting ProtocolHandler ["http-nio-8080"]"}{"timestamp":"2026-09-01 14:25:29","level":"INFO","logger":"org.springframework.boot.tomcat.TomcatWebServer","message":"Tomcat started on port 8080 (http) with context path '/'"}{"timestamp":"2026-09-01 14:25:29","level":"INFO","logger":"com.jobportal.JobportalApplication","message":"Started JobportalApplication in 0.833 seconds (process running for 8346.561)"}{"timestamp":"2026-09-01 14:25:29","level":"INFO","logger":"org.springframework.boot.devtools.autoconfigure.ConditionEvaluationDeltaLoggingListener","message":"Condition evaluation unchanged"}{"timestamp":"2026-09-01 14:25:29","level":"WARN","logger":"org.springdoc.core.events.SpringDocAppInitializer","message":"SpringDoc /v3/api-docs endpoint is enabled by default. To disable it in production, set the property 'springdoc.api-docs.enabled=false'"}{"timestamp":"2026-09-01 14:25:29","level":"WARN","logger":"org.springdoc.core.events.SpringDocAppInitializer","message":"SpringDoc /swagger-ui.html endpoint is enabled by default. To disable it in production, set the property 'springdoc.swagger-ui.enabled=false'"}{"timestamp":"2026-09-01 14:25:45","level":"INFO","logger":"org.springframework.boot.devtools.autoconfigure.LocalDevToolsAutoConfiguration$RestartingClassPathChangeChangedEventListener","message":"Restarting due to 5 class path changes (5 additions, 0 deletions, 0 modifications)"}{"timestamp":"2026-09-01 14:25:45","level":"INFO","logger":"org.springframework.boot.tomcat.GracefulShutdown","message":"Commencing graceful shutdown. Waiting for active requests to complete"}{"timestamp":"2026-09-01 14:25:45","level":"INFO","logger":"org.apache.coyote.http11.Http11NioProtocol","message":"Pausing ProtocolHandler ["http-nio-8080"]"}{"timestamp":"2026-09-01 14:25:45","level":"INFO","logger":"org.springframework.boot.tomcat.GracefulShutdown","message":"Graceful shutdown complete"}{"timestamp":"2026-09-01 14:25:45","level":"INFO","logger":"org.apache.coyote.http11.Http11NioProtocol","message":"Stopping ProtocolHandler ["http-nio-8080"]"}{"timestamp":"2026-09-01 14:25:45","level":"INFO","logger":"org.springframework.orm.jpa.LocalContainerEntityManagerFactoryBean","message":"Closing JPA EntityManagerFactory for persistence unit 'default'"}{"timestamp":"2026-09-01 14:25:45","level":"INFO","logger":"com.zaxxer.hikari.HikariDataSource","message":"HikariPool-13 - Shutdown initiated..."}{"timestamp":"2026-09-01 14:25:45","level":"INFO","logger":"com.zaxxer.hikari.HikariDataSource","message":"HikariPool-13 - Shutdown completed."}{"timestamp":"2026-09-01 14:25:45","level":"INFO","logger":"com.jobportal.JobportalApplication","message":"Starting JobportalApplication using Java 26.0.1 with PID 41058 (/home/samer/Desktop/java/projects/job-portal-spring/target/classes started by samer in /home/samer/Desktop/java/projects/job-portal-spring)"}{"timestamp":"2026-09-01 14:25:45","level":"INFO","logger":"com.jobportal.JobportalApplication","message":"No active profile set, falling back to 1 default profile: "default""}{"timestamp":"2026-09-01 14:25:45","level":"INFO","logger":"org.springframework.boot.docker.compose.lifecycle.DockerComposeLifecycleManager","message":"Using Docker Compose file /home/samer/Desktop/java/projects/job-portal-spring/compose.yml"}{"timestamp":"2026-09-01 14:25:45","level":"INFO","logger":"org.springframework.boot.docker.compose.lifecycle.DockerComposeLifecycleManager","message":"There are already Docker Compose services running, skipping startup"}{"timestamp":"2026-09-01 14:25:45","level":"INFO","logger":"org.springframework.data.repository.config.RepositoryConfigurationDelegate","message":"Bootstrapping Spring Data JPA repositories in DEFAULT mode."}{"timestamp":"2026-09-01 14:25:45","level":"INFO","logger":"org.springframework.data.repository.config.RepositoryConfigurationDelegate","message":"Finished Spring Data repository scanning in 9 ms. Found 4 JPA repository interfaces."}{"timestamp":"2026-09-01 14:25:45","level":"INFO","logger":"org.springframework.boot.tomcat.TomcatWebServer","message":"Tomcat initialized with port 8080 (http)"}{"timestamp":"2026-09-01 14:25:45","level":"INFO","logger":"org.apache.coyote.http11.Http11NioProtocol","message":"Initializing ProtocolHandler ["http-nio-8080"]"}{"timestamp":"2026-09-01 14:25:45","level":"INFO","logger":"org.apache.catalina.core.StandardService","message":"Starting service [Tomcat]"}{"timestamp":"2026-09-01 14:25:45","level":"INFO","logger":"org.apache.catalina.core.StandardEngine","message":"Starting Servlet engine: [Apache Tomcat/11.0.22]"}{"timestamp":"2026-09-01 14:25:45","level":"INFO","logger":"org.springframework.boot.web.context.servlet.WebApplicationContextInitializer","message":"Root WebApplicationContext: initialization completed in 245 ms"}{"timestamp":"2026-09-01 14:25:46","level":"INFO","logger":"com.zaxxer.hikari.HikariDataSource","message":"HikariPool-14 - Starting..."}{"timestamp":"2026-09-01 14:25:46","level":"INFO","logger":"com.zaxxer.hikari.pool.HikariPool","message":"HikariPool-14 - Added connection com.mysql.cj.jdbc.ConnectionImpl@588da3cb"}{"timestamp":"2026-09-01 14:25:46","level":"INFO","logger":"com.zaxxer.hikari.HikariDataSource","message":"HikariPool-14 - Start completed."}{"timestamp":"2026-09-01 14:25:46","level":"INFO","logger":"org.hibernate.orm.jpa","message":"HHH008540: Processing PersistenceUnitInfo [name: default]"}{"timestamp":"2026-09-01 14:25:46","level":"INFO","logger":"org.springframework.orm.jpa.persistenceunit.SpringPersistenceUnitInfo","message":"No LoadTimeWeaver setup: ignoring JPA class transformer"}{"timestamp":"2026-09-01 14:25:46","level":"INFO","logger":"org.hibernate.orm.connections.pooling","message":"HHH10001005: Database info:
	Database JDBC URL [jdbc:mysql://127.0.0.1:3307/jobportal]
	Database driver: MySQL Connector/J
	Database dialect: MySQLDialect
	Database version: 26.7
	Default catalog/schema: jobportal/undefined
	Autocommit mode: undefined/unknown
	Isolation level: REPEATABLE_READ [default REPEATABLE_READ]
	JDBC fetch size: none
	Pool: DataSourceConnectionProvider
	Minimum pool size: undefined/unknown
	Maximum pool size: undefined/unknown"}{"timestamp":"2026-09-01 14:25:46","level":"INFO","logger":"org.hibernate.orm.core","message":"HHH000489: No JTA platform available (set 'hibernate.transaction.jta.platform' to enable JTA platform integration)"}{"timestamp":"2026-09-01 14:25:46","level":"INFO","logger":"org.springframework.orm.jpa.LocalContainerEntityManagerFactoryBean","message":"Initialized JPA EntityManagerFactory for persistence unit 'default'"}{"timestamp":"2026-09-01 14:25:46","level":"WARN","logger":"org.springframework.boot.jpa.autoconfigure.JpaBaseConfiguration$JpaWebConfiguration","message":"spring.jpa.open-in-view is enabled by default. Therefore, database queries may be performed during view rendering. Explicitly configure spring.jpa.open-in-view to disable this warning"}{"timestamp":"2026-09-01 14:25:46","level":"INFO","logger":"org.springframework.security.config.annotation.authentication.configuration.InitializeAuthenticationProviderBeanManagerConfigurer$InitializeAuthenticationProviderManagerConfigurer","message":"Global AuthenticationManager configured with AuthenticationProvider bean with name jobPortalUsernamePwdAuthenticationProvider"}{"timestamp":"2026-09-01 14:25:46","level":"INFO","logger":"org.apache.coyote.http11.Http11NioProtocol","message":"Starting ProtocolHandler ["http-nio-8080"]"}{"timestamp":"2026-09-01 14:25:46","level":"INFO","logger":"org.springframework.boot.tomcat.TomcatWebServer","message":"Tomcat started on port 8080 (http) with context path '/'"}{"timestamp":"2026-09-01 14:25:46","level":"INFO","logger":"com.jobportal.JobportalApplication","message":"Started JobportalApplication in 0.951 seconds (process running for 8364.01)"}{"timestamp":"2026-09-01 14:25:46","level":"INFO","logger":"org.springframework.boot.devtools.autoconfigure.ConditionEvaluationDeltaLoggingListener","message":"Condition evaluation unchanged"}{"timestamp":"2026-09-01 14:25:46","level":"WARN","logger":"org.springdoc.core.events.SpringDocAppInitializer","message":"SpringDoc /v3/api-docs endpoint is enabled by default. To disable it in production, set the property 'springdoc.api-docs.enabled=false'"}{"timestamp":"2026-09-01 14:25:46","level":"WARN","logger":"org.springdoc.core.events.SpringDocAppInitializer","message":"SpringDoc /swagger-ui.html endpoint is enabled by default. To disable it in production, set the property 'springdoc.swagger-ui.enabled=false'"}{"timestamp":"2026-09-01 14:43:51","level":"INFO","logger":"org.springframework.boot.tomcat.GracefulShutdown","message":"Commencing graceful shutdown. Waiting for active requests to complete"}{"timestamp":"2026-09-01 14:43:51","level":"INFO","logger":"org.springframework.boot.tomcat.GracefulShutdown","message":"Graceful shutdown complete"}{"timestamp":"2026-09-01 14:43:51","level":"INFO","logger":"org.springframework.orm.jpa.LocalContainerEntityManagerFactoryBean","message":"Closing JPA EntityManagerFactory for persistence unit 'default'"}{"timestamp":"2026-09-01 14:43:51","level":"INFO","logger":"com.zaxxer.hikari.HikariDataSource","message":"HikariPool-14 - Shutdown initiated..."}{"timestamp":"2026-09-01 14:43:51","level":"INFO","logger":"com.zaxxer.hikari.HikariDataSource","message":"HikariPool-14 - Shutdown completed."}{"timestamp":"2026-09-01 14:44:01","level":"INFO","logger":"com.jobportal.JobportalApplication","message":"Starting JobportalApplication using Java 26.0.1 with PID 104956 (/home/samer/Desktop/java/projects/job-portal-spring/target/classes started by samer in /home/samer/Desktop/java/projects/job-portal-spring)"}{"timestamp":"2026-09-01 14:44:01","level":"INFO","logger":"com.jobportal.JobportalApplication","message":"No active profile set, falling back to 1 default profile: "default""}{"timestamp":"2026-09-01 14:44:01","level":"INFO","logger":"org.springframework.boot.devtools.env.DevToolsPropertyDefaultsPostProcessor","message":"Devtools property defaults active! Set 'spring.devtools.add-properties' to 'false' to disable"}{"timestamp":"2026-09-01 14:44:01","level":"INFO","logger":"org.springframework.boot.devtools.env.DevToolsPropertyDefaultsPostProcessor","message":"For additional web related logging consider setting the 'logging.level.web' property to 'DEBUG'"}{"timestamp":"2026-09-01 14:44:01","level":"INFO","logger":"org.springframework.boot.docker.compose.lifecycle.DockerComposeLifecycleManager","message":"Using Docker Compose file /home/samer/Desktop/java/projects/job-portal-spring/compose.yml"}{"timestamp":"2026-09-01 14:44:02","level":"INFO","logger":"org.hibernate.validator.internal.util.Version","message":"HV000001: Hibernate Validator 9.1.0.Final"}{"timestamp":"2026-09-01 14:44:02","level":"INFO","logger":"org.springframework.boot.docker.compose.core.DockerCli","message":" Container jobportaldb Starting "}{"timestamp":"2026-09-01 14:44:02","level":"INFO","logger":"org.springframework.boot.docker.compose.core.DockerCli","message":" Container jobportaldb Started "}{"timestamp":"2026-09-01 14:44:02","level":"INFO","logger":"org.springframework.boot.docker.compose.core.DockerCli","message":" Container jobportaldb Waiting "}{"timestamp":"2026-09-01 14:44:02","level":"INFO","logger":"org.springframework.boot.docker.compose.core.DockerCli","message":" Container jobportaldb Healthy "}{"timestamp":"2026-09-01 14:44:04","level":"INFO","logger":"org.springframework.data.repository.config.RepositoryConfigurationDelegate","message":"Bootstrapping Spring Data JPA repositories in DEFAULT mode."}{"timestamp":"2026-09-01 14:44:04","level":"INFO","logger":"org.springframework.data.repository.config.RepositoryConfigurationDelegate","message":"Finished Spring Data repository scanning in 48 ms. Found 4 JPA repository interfaces."}{"timestamp":"2026-09-01 14:44:05","level":"INFO","logger":"org.springframework.boot.tomcat.TomcatWebServer","message":"Tomcat initialized with port 8080 (http)"}{"timestamp":"2026-09-01 14:44:05","level":"INFO","logger":"org.apache.coyote.http11.Http11NioProtocol","message":"Initializing ProtocolHandler ["http-nio-8080"]"}{"timestamp":"2026-09-01 14:44:05","level":"INFO","logger":"org.apache.catalina.core.StandardService","message":"Starting service [Tomcat]"}{"timestamp":"2026-09-01 14:44:05","level":"INFO","logger":"org.apache.catalina.core.StandardEngine","message":"Starting Servlet engine: [Apache Tomcat/11.0.22]"}{"timestamp":"2026-09-01 14:44:05","level":"INFO","logger":"org.springframework.boot.web.context.servlet.WebApplicationContextInitializer","message":"Root WebApplicationContext: initialization completed in 1400 ms"}{"timestamp":"2026-09-01 14:44:05","level":"INFO","logger":"com.zaxxer.hikari.HikariDataSource","message":"HikariPool-1 - Starting..."}{"timestamp":"2026-09-01 14:44:05","level":"INFO","logger":"com.zaxxer.hikari.pool.HikariPool","message":"HikariPool-1 - Added connection com.mysql.cj.jdbc.ConnectionImpl@72dcaa0d"}{"timestamp":"2026-09-01 14:44:05","level":"INFO","logger":"com.zaxxer.hikari.HikariDataSource","message":"HikariPool-1 - Start completed."}{"timestamp":"2026-09-01 14:44:05","level":"INFO","logger":"org.hibernate.orm.jpa","message":"HHH008540: Processing PersistenceUnitInfo [name: default]"}{"timestamp":"2026-09-01 14:44:05","level":"INFO","logger":"org.hibernate.orm.core","message":"HHH000001: Hibernate ORM core version 7.4.1.Final"}{"timestamp":"2026-09-01 14:44:06","level":"INFO","logger":"org.springframework.orm.jpa.persistenceunit.SpringPersistenceUnitInfo","message":"No LoadTimeWeaver setup: ignoring JPA class transformer"}{"timestamp":"2026-09-01 14:44:06","level":"INFO","logger":"org.hibernate.orm.connections.pooling","message":"HHH10001005: Database info:
	Database JDBC URL [jdbc:mysql://127.0.0.1:3307/jobportal]
	Database driver: MySQL Connector/J
	Database dialect: MySQLDialect
	Database version: 26.7
	Default catalog/schema: jobportal/undefined
	Autocommit mode: undefined/unknown
	Isolation level: REPEATABLE_READ [default REPEATABLE_READ]
	JDBC fetch size: none
	Pool: DataSourceConnectionProvider
	Minimum pool size: undefined/unknown
	Maximum pool size: undefined/unknown"}{"timestamp":"2026-09-01 14:44:07","level":"INFO","logger":"org.hibernate.orm.core","message":"HHH000489: No JTA platform available (set 'hibernate.transaction.jta.platform' to enable JTA platform integration)"}{"timestamp":"2026-09-01 14:44:07","level":"INFO","logger":"org.springframework.orm.jpa.LocalContainerEntityManagerFactoryBean","message":"Initialized JPA EntityManagerFactory for persistence unit 'default'"}{"timestamp":"2026-09-01 14:44:07","level":"INFO","logger":"org.springframework.data.jpa.repository.query.QueryEnhancerFactories","message":"Hibernate is in classpath; If applicable, HQL parser will be used."}{"timestamp":"2026-09-01 14:44:08","level":"WARN","logger":"org.springframework.boot.jpa.autoconfigure.JpaBaseConfiguration$JpaWebConfiguration","message":"spring.jpa.open-in-view is enabled by default. Therefore, database queries may be performed during view rendering. Explicitly configure spring.jpa.open-in-view to disable this warning"}{"timestamp":"2026-09-01 14:44:08","level":"INFO","logger":"org.springframework.security.config.annotation.authentication.configuration.InitializeAuthenticationProviderBeanManagerConfigurer$InitializeAuthenticationProviderManagerConfigurer","message":"Global AuthenticationManager configured with AuthenticationProvider bean with name jobPortalUsernamePwdAuthenticationProvider"}{"timestamp":"2026-09-01 14:44:08","level":"INFO","logger":"org.apache.coyote.http11.Http11NioProtocol","message":"Starting ProtocolHandler ["http-nio-8080"]"}{"timestamp":"2026-09-01 14:44:08","level":"INFO","logger":"org.springframework.boot.tomcat.TomcatWebServer","message":"Tomcat started on port 8080 (http) with context path '/'"}{"timestamp":"2026-09-01 14:44:08","level":"INFO","logger":"com.jobportal.JobportalApplication","message":"Started JobportalApplication in 7.367 seconds (process running for 8.024)"}{"timestamp":"2026-09-01 14:44:08","level":"WARN","logger":"org.springdoc.core.events.SpringDocAppInitializer","message":"SpringDoc /v3/api-docs endpoint is enabled by default. To disable it in production, set the property 'springdoc.api-docs.enabled=false'"}{"timestamp":"2026-09-01 14:44:08","level":"WARN","logger":"org.springdoc.core.events.SpringDocAppInitializer","message":"SpringDoc /swagger-ui.html endpoint is enabled by default. To disable it in production, set the property 'springdoc.swagger-ui.enabled=false'"}{"timestamp":"2026-09-01 16:50:27","level":"INFO","logger":"org.springframework.boot.tomcat.GracefulShutdown","message":"Commencing graceful shutdown. Waiting for active requests to complete"}{"timestamp":"2026-09-01 16:50:27","level":"INFO","logger":"org.springframework.boot.tomcat.GracefulShutdown","message":"Graceful shutdown complete"}{"timestamp":"2026-09-01 16:50:27","level":"INFO","logger":"org.springframework.orm.jpa.LocalContainerEntityManagerFactoryBean","message":"Closing JPA EntityManagerFactory for persistence unit 'default'"}{"timestamp":"2026-09-01 16:50:27","level":"INFO","logger":"com.zaxxer.hikari.HikariDataSource","message":"HikariPool-1 - Shutdown initiated..."}{"timestamp":"2026-09-01 16:50:27","level":"INFO","logger":"com.zaxxer.hikari.HikariDataSource","message":"HikariPool-1 - Shutdown completed."}